fips,geo_name,state_abb,facility_count_2012,total_needs_2012,design_flow_2012,tier0_needs,tier3_needs
107000,birmingham,AL,1.0,13410340.0,60.0,13410340.0,
1077580,wilmington,DE,1.0,46673036.0,105.0,35423034.0,11250002.0
1150000,washington,DC,2.0,2944670674.0,370.001,2944670674.0,
120104,decatur,AL,1.0,49537119.0,36.0,49537119.0,
1207300,boca raton,FL,2.0,89993327.24252433,20.0,65429315.0,24564012.24252432
1207875,boynton beach,FL,,13584803.917674074,,,13584803.917674074
1207950,bradenton,FL,4.0,63400406.290454924,9.0,51329848.0,12070558.290454922
1210275,cape coral,FL,2.0,106636268.88173415,25.1,17294281.0,89341987.88173415
121184,dothan,AL,2.0,79458215.0,19.12,79458215.0,
1212875,clearwater,FL,11.0,174695733.31380123,23.0,152660046.0,22035687.313801218
1214400,coral springs,FL,1.0,26137806.985412505,5.5,6888804.0,19249002.985412505
1216475,davie,FL,2.0,45814452.05609293,6.35,16437868.0,29376584.056092933
1216525,daytona beach,FL,3.0,67127926.83363351,28.0,10401596.0,56726330.833633505
1216725,deerfield beach,FL,1.0,20911771.171783727,0.0,8319148.0,12592623.171783727
1217100,delray beach,FL,1.0,31634801.19792427,24.0,18228497.0,13406304.197924273
1217200,deltona,FL,3.0,31421977.085658483,2.6,0.0,31421977.085658483
1224000,fort lauderdale,FL,13.0,71835233.9223917,55.7,42721872.0,29113361.9223917
1225175,gainesville,FL,5.0,447374307.29791903,17.5,393506090.0,53868217.297919065
1230000,hialeah,FL,1.0,20758051.985003345,0.0,2589202.0,18168849.985003345
1232000,hollywood,FL,2.0,493244567.7607844,48.75,470302813.0,22941754.760784358
1235000,jacksonville,FL,7.0,810986845.350289,90.0,181888070.0,629098775.350289
1235875,jupiter,FL,,18208126.96391108,,,18208126.96391108
1236950,kissimmee,FL,2.0,29967175.13848518,6.0,11845834.0,18121341.13848518
1238250,lakeland,FL,2.0,351229013.07214004,21.7,295192882.0,56036131.07214003
1239425,largo,FL,1.0,86263957.52852349,13.0,70579728.0,15684229.528523486
1239550,lauderhill,FL,,7168972.115060127,,,7168972.115060127
1243975,melbourne,FL,3.0,53642156.42409312,12.5,16443224.0,37198932.42409312
1245000,miami,FL,10.0,2075105201.0462291,143.0,2044801396.0,30303805.046229135
1245025,miami beach,FL,,6476166.760249185,,,6476166.760249185
1245975,miramar,FL,1.0,25232787.108367935,10.1,941937.0,24290850.108367935
1249450,north miami,FL,1.0,1302503471.1259522,120.0,1295382290.0,7121181.125952195
1250750,ocala,FL,6.0,77874779.2841385,13.96,38090508.0,39784271.2841385
1253000,orlando,FL,10.0,356992105.0625001,32.5,263345377.0,93646728.06250012
1254000,palm bay,FL,2.0,72972779.52982415,4.0,0.0,72972779.52982415
1255775,pembroke pines,FL,1.0,183004867.93873185,9.5,155491418.0,27513449.938731853
1255925,pensacola,FL,,19168802.979124013,,,19168802.979124013
1256975,pinellas park,FL,1.0,22549686.582193576,0.0,8949881.0,13599805.582193578
1257425,plantation,FL,1.0,22108031.999385513,18.9,3796491.0,18311540.999385513
1258050,pompano beach,FL,2.0,243620907.91793597,84.0,223360270.0,20260637.917935982
1258715,port st. lucie,FL,2.0,100364773.90969166,6.25,0.0,100364773.90969166
1263000,st. petersburg,FL,5.0,146730671.95087734,68.4,94699618.0,52031053.950877346
1269700,sunrise,FL,2.0,108435552.56297295,34.0,94798445.0,13637107.562972944
1270600,tallahassee,FL,4.0,144735547.25271145,31.0,58504028.0,86231519.25271145
1270675,tamarac,FL,2.0,20775101.197113898,0.0,11014351.0,9760750.197113898
1271000,tampa,FL,3.0,179881593.65674525,96.0,84212396.0,95669197.65674524
1276600,west palm beach,FL,2.0,118358113.59996073,70.0,73005051.0,45353062.59996073
1301052,albany,GA,1.0,5502366.53453558,30.0,0.0,5502366.53453558
1301696,alpharetta,GA,,2688007.6639784393,,,2688007.6639784393
1303440,athens-clarke county,GA,4.0,11921202.982922696,23.0,0.0,11921202.982922696
1304000,atlanta,GA,13.0,75212505.28383237,2.0,61697152.0,13515353.283832364
1304204,augusta-richmond county,GA,3.0,32410079.279183246,46.68,0.0,32410079.279183246
1319000,columbus,GA,2.0,21634007.1797075,42.0,0.0,21634007.1797075
1349756,marietta,GA,,2348937.7740228693,,,2348937.7740228693
135896,hoover,AL,2.0,53101342.0,4.2,53101342.0,
1367284,roswell,GA,2.0,271871311.06245106,31.0,267802942.0,4068369.0624510674
1369000,savannah,GA,1.0,10880727.748411769,3.0,0.0,10880727.748411769
137000,huntsville,AL,4.0,76462041.0,68.4,76462041.0,
1371492,smyrna,GA,,1598087.4909544662,,,1598087.4909544662
150000,mobile,AL,1.0,17928271.0,4.0,17928271.0,
151000,montgomery,AL,1.0,7034246.0,3.0,7034246.0,
1517000,honolulu,HI,8.0,1756151554.0,144.49,1756151554.0,
1608830,boise city,ID,6.0,57513254.89553295,39.0,22326949.0,35186305.89553295
1639700,idaho falls,ID,1.0,12847771.02657024,17.0,1792099.0,11055672.02657024
1652120,meridian,ID,2.0,159552879.33241847,9.163,144214156.0,15338723.332418462
1656260,nampa,ID,1.0,238563782.15309766,11.8,224093265.0,14470517.153097661
1664090,pocatello,ID,,13970197.592380693,,,13970197.592380693
1702154,arlington heights,IL,3.0,2870322.5450799465,0.0,0.0,2870322.5450799465
1703012,aurora,IL,2.0,61787057.64250559,0.0,54003261.0,7783796.642505591
1705573,berwyn,IL,3.0,1039862.66127485,0.0,365255.0,674607.66127485
1706613,bloomington,IL,3.0,25988283.08581178,27.8,21303982.0,4684301.085811778
1707133,bolingbrook,IL,,4301664.087308611,,,4301664.087308611
1712385,champaign,IL,3.0,31870091.62710266,7.99,27891601.0,3978490.627102658
1714000,chicago,IL,12.0,1143280967.985515,354.0,1103930945.0,39350022.985515
1714351,cicero,IL,1.0,1013355.6359569008,0.0,0.0,1013355.6359569008
1718823,decatur,IL,2.0,58463546.43190965,41.0,50951754.0,7511792.431909653
1719642,des plaines,IL,5.0,25191226.670398578,72.0,22731193.0,2460033.6703985794
1720591,downers grove,IL,1.0,3507614.0694110557,11.0,976092.0,2531522.0694110557
1723074,elgin,IL,2.0,140568104.49611524,0.75,133977730.0,6590374.496115243
1724582,evanston,IL,1.0,12728732.331797594,0.0,11384602.0,1344130.3317975937
1735411,hoffman estates,IL,1.0,5944819.6627258845,0.0,2383384.0,3561435.662725884
1738570,joliet,IL,4.0,84026983.72146599,35.4,72602384.0,11424599.721465988
1751089,mount prospect,IL,4.0,13086522.278098915,0.0,11234498.0,1852024.2780989157
1751622,naperville,IL,2.0,33545533.607053768,26.25,26779987.0,6765546.607053767
1754820,oak lawn,IL,,1480850.1729499665,,,1480850.1729499665
1754885,oak park,IL,1.0,812027.5600586114,0.0,0.0,812027.5600586114
1756640,orland park,IL,1.0,4152195.2129962025,0.0,346179.0,3806016.2129962025
1757225,palatine,IL,3.0,7947955.603980743,0.0,5508930.0,2439025.6039807433
1759000,peoria,IL,3.0,142678220.54429293,37.0,134363244.0,8314976.544292922
1765000,rockford,IL,2.0,61422483.95602224,80.0,50177423.0,11245060.956022242
1768003,schaumburg,IL,,3342615.2853506245,,,3342615.2853506245
1770122,skokie,IL,3.0,284716887.76721686,333.0,282978030.0,1738857.7672168668
1772000,springfield,IL,5.0,108667505.49382989,20.0,98082878.0,10584627.493829885
177256,tuscaloosa,AL,1.0,0.0,30.0,0.0,
1775484,tinley park,IL,3.0,11970352.841309,0.0,9177288.0,2793064.8413090003
1779293,waukegan,IL,3.0,29573446.604734566,22.0,25389189.0,4184257.6047345665
1781048,wheaton,IL,2.0,34089819.41772635,8.9,32134375.0,1955444.4177263535
1801468,anderson,IN,3.0,100861775.72692801,21.25,98862546.0,1999229.72692801
1805860,bloomington,IN,2.0,1115406.9341689372,0.1,0.0,1115406.9341689372
1810342,carmel,IN,2.0,3406631.875749198,14.0,1051727.0,2354904.875749198
1820728,elkhart,IN,1.0,1331410.605905802,0.0,0.0,1331410.605905802
1822000,evansville,IN,4.0,609448926.0655651,38.6,607177079.0,2271847.0655651125
1825000,fort wayne,IN,5.0,330871244.32577974,40.044,325563904.0,5307340.325779758
1827000,gary,IN,2.0,223391860.95411977,25.0,220996396.0,2395464.9541197647
1829898,greenwood,IN,2.0,2092672.388532685,0.0,743551.0,1349121.388532685
1831000,hammond,IN,3.0,206569721.87018144,27.0,205478748.0,1090973.8701814532
1836000,indianapolis,IN,16.0,2601423204.920405,172.5,2582425673.0,18997531.92040491
1840392,kokomo,IN,2.0,79821409.76023775,23.5,78061767.0,1759642.7602377492
1840788,lafayette,IN,1.0,125832875.82166494,25.1,124423501.0,1409374.8216649443
1849932,mishawaka,IN,1.0,150038215.84428605,20.0,149173280.0,864935.8442860504
1851876,muncie,IN,3.0,172940631.16466457,10.0,171625941.0,1314690.1646645563
1871000,south bend,IN,3.0,473553174.3197693,48.0,471543255.0,2009919.319769341
1875428,terre haute,IN,1.0,248259831.4220417,24.0,246591614.0,1668217.4220417268
1901855,ames,IA,,565314.0976402283,,,565314.0976402283
1912000,cedar rapids,IA,1.0,194009890.34685102,42.0,192523414.0,1486476.3468510068
1916860,council bluffs,IA,,861139.7310589615,,,861139.7310589615
1919000,davenport,IA,1.0,223658241.302876,26.0,222377003.0,1281238.3028759833
1921000,des moines,IA,3.0,396116906.45422673,134.0,394349817.0,1767089.4542267548
1922395,dubuque,IA,2.0,14368214.544350777,17.32,13742198.0,626016.5443507759
1938595,iowa city,IA,3.0,19977478.99098403,12.41,19461100.0,516378.9909840287
1973335,sioux city,IA,1.0,9063433.595743392,30.0,7883301.0,1180132.595743391
1982425,waterloo,IA,1.0,102766302.020815,20.35,101531716.0,1234586.0208150041
1983910,west des moines,IA,2.0,48864506.915453866,0.0,47916586.0,947920.9154538657
203000,anchorage,AK,3.0,126535111.0,61.1,126535111.0,
2036000,kansas city,KS,10.0,244654929.44825196,35.13,74386488.0,170268441.44825196
2039350,lenexa,KS,2.0,46508565.967325166,0.0,0.0,46508565.967325166
2052575,olathe,KS,4.0,290966930.3550378,3.012,205717275.0,85249655.35503784
2053775,overland park,KS,5.0,762510913.1121639,68.75,659837135.0,102673778.11216386
2064500,shawnee,KS,3.0,57295833.9735382,0.0,0.0,57295833.9735382
2071000,topeka,KS,3.0,892362774.8594712,28.0,808194014.0,84168760.85947122
2079000,wichita,KS,5.0,238872323.2842118,1.79,16455020.0,222417303.2842118
2108902,bowling green,KY,2.0,82118663.50992866,15.0,43966696.0,38151967.50992866
2146027,lexington-fayette county,KY,2.0,565451882.8512394,30.0,304511666.0,260940216.85123944
2148000,louisville,KY,1.0,122846734.36000316,0.0,66340915.0,56505819.36000316
2158620,owensboro,KY,3.0,39986602.278828755,21.8,20812391.0,19174211.278828755
2205000,baton rouge,LA,5.0,428260780.97700274,27.0,379018427.0,49242353.97700276
2208920,bossier city,LA,2.0,25066674.672505695,14.3,0.0,25066674.672505695
2239475,kenner,LA,3.0,10285323.866153657,0.85,1852500.0,8432823.866153657
2240735,lafayette,LA,4.0,100215756.46078576,18.5,68490069.0,31725687.460785758
2241155,lake charles,LA,4.0,47432509.312255576,19.1,20547097.0,26885412.312255576
2255000,new orleans,LA,5.0,1157813032.2827315,137.0,1061812936.0,96000096.2827316
2270000,shreveport,LA,1.0,61924529.42856494,0.25,673818.0,61250711.42856494
2360545,portland,ME,4.0,261038759.0,20.0,189071252.0,71967507.0
2404000,baltimore,MD,2.0,1981663566.2792435,73.0,864873731.0,1116789835.2792435
2408775,bowie,MD,,281926509.8630928,,,281926509.8630928
2430325,frederick,MD,3.0,439784587.4584632,9.0,109206199.0,330578388.4584632
2431175,gaithersburg,MD,,142398602.1486427,,,142398602.1486427
2467675,rockville,MD,2.0,380165187.25055766,0.0,192991916.0,187173271.2505577
2507000,boston,MA,5.0,1442178842.5802011,310.0,1297885922.0,144292920.58020118
2509000,brockton,MA,1.0,63677855.732168525,18.0,0.0,63677855.732168525
2513660,chicopee,MA,2.0,337133634.09629416,19.7,268761769.0,68371865.0962942
2523000,fall river,MA,1.0,150739160.8348657,30.9,51869133.0,98870027.8348657
2529405,haverhill,MA,1.0,101968359.21869804,8.9,3359068.0,98609291.21869804
2534550,lawrence,MA,,20684998.469089877,,,20684998.469089877
2537490,lynn,MA,1.0,101132190.33495659,25.8,69077189.0,32055001.334956586
2537875,malden,MA,1.0,16220733.97463272,0.0,1162823.0,15057910.97463272
2539835,medford,MA,1.0,24171945.176768664,0.0,0.0,24171945.176768664
2540710,methuen,MA,,66302627.99945102,,,66302627.99945102
2545000,new bedford,MA,1.0,240889265.27178165,29.6,181187736.0,59701529.27178165
2545560,newton,MA,1.0,58692535.50240949,0.0,5477788.0,53214747.50240949
2552490,peabody,MA,1.0,48465323.95767423,0.0,0.0,48465323.95767423
2555745,quincy,MA,1.0,52331409.62794688,0.0,2862959.0,49468450.62794688
2562535,somerville,MA,,12307884.588078337,,,12307884.588078337
2567000,springfield,MA,1.0,95129614.43846166,0.0,0.0,95129614.43846166
2569170,taunton,MA,1.0,267151889.4599107,8.4,127731292.0,139420597.4599107
2572600,waltham,MA,1.0,38041758.92393232,0.0,0.0,38041758.92393232
2582000,worcester,MA,,111518327.8126782,,,111518327.8126782
2603000,ann arbor,MI,2.0,11871887.061576642,0.0,0.0,11871887.061576642
2605920,battle creek,MI,2.0,17856339.253502127,18.0,0.0,17856339.253502127
2621000,dearborn,MI,3.0,25602607.857703343,0.0,15441985.0,10160622.857703343
2621020,dearborn heights,MI,,4918597.770411194,,,4918597.770411194
2622000,detroit,MI,3.0,1132989864.8858414,930.0,1074852570.0,58137294.88584128
2627440,farmington hills,MI,1.0,13941193.047569666,0.0,0.0,13941193.047569666
2629000,flint,MI,,14013315.887587221,,,14013315.887587221
2634000,grand rapids,MI,3.0,22325524.060800105,61.15,3562066.0,18763458.060800105
2642160,kalamazoo,MI,1.0,10347798.422126237,53.5,0.0,10347798.422126237
2642820,kentwood,MI,1.0,8764341.598978775,0.0,0.0,8764341.598978775
2646000,lansing,MI,1.0,16420677.461478848,35.0,0.0,16420677.461478848
2649000,livonia,MI,1.0,18559401.671665005,0.0,3601318.0,14958083.671665005
2659440,novi,MI,2.0,12673663.419603106,3.5,0.0,12673663.419603106
2665440,pontiac,MI,1.0,8333067.531592925,25.5,0.0,8333067.531592925
2669035,rochester hills,MI,1.0,13746473.51433248,0.0,0.0,13746473.51433248
2670040,royal oak,MI,2.0,4941560.2290843185,0.0,0.0,4941560.2290843185
2670760,st. clair shores,MI,2.0,7302456.196263992,0.0,2407609.0,4894847.196263992
2674900,southfield,MI,1.0,12115024.556670353,0.0,1113759.0,11001265.556670353
2676460,sterling heights,MI,1.0,15273420.629677065,0.0,0.0,15273420.629677065
2679000,taylor,MI,1.0,9896480.722417582,0.0,0.0,9896480.722417582
2680700,troy,MI,2.0,14016108.835506242,0.0,0.0,14016108.835506242
2684000,warren,MI,2.0,14405754.355551735,36.0,0.0,14405754.355551735
2686000,westland,MI,2.0,9548161.045432832,0.0,986192.0,8561969.045432832
2688940,wyoming,MI,1.0,10367932.98462692,24.0,0.0,10367932.98462692
2701900,apple valley,MN,2.0,3045554.232320708,0.0,2689695.0,355859.232320708
2706382,blaine,MN,1.0,694079.8897873069,0.0,0.0,694079.8897873069
2706616,bloomington,MN,1.0,1647689.274991305,0.0,915775.0,731914.274991305
2707966,brooklyn park,MN,1.0,7093919.95023745,0.0,6543889.0,550030.9502374503
2708794,burnsville,MN,1.0,1836997.3849178306,0.0,1310986.0,526011.3849178305
2713114,coon rapids,MN,1.0,4455069.990149362,0.0,3978353.0,476716.9901493619
2717000,duluth,MN,3.0,93292876.62883608,48.4,91781366.0,1511510.6288360755
2717288,eagan,MN,3.0,124550942.24105707,24.0,123893254.0,657688.2410570722
2718116,eden prairie,MN,1.0,1188074.0048453622,0.0,502610.0,685464.0048453622
2718188,edina,MN,1.0,2953287.10693933,0.0,2627263.0,326024.1069393303
2735180,lakeville,MN,1.0,2500910.1823128713,0.0,1722240.0,778670.1823128716
2740166,maple grove,MN,1.0,690513.8251378714,0.0,3442.0,687071.8251378714
2743000,minneapolis,MN,1.0,34903760.56994191,0.0,33764719.0,1139041.5699419046
2743252,minnetonka,MN,1.0,6692210.2208813755,0.0,6124552.0,567658.2208813758
2751730,plymouth,MN,2.0,9394588.955326058,0.0,8704595.0,689993.9553260583
2754880,rochester,MN,1.0,61142612.88534386,19.1,59951134.0,1191478.8853438585
2756896,st. cloud,MN,1.0,61051889.21436753,14.69,60203459.0,848430.2143675325
2757220,st. louis park,MN,1.0,1552833.70980087,0.0,1328740.0,224093.70980087
2758000,st. paul,MN,2.0,779682640.3623459,218.0,778586357.0,1096283.3623459036
2771428,woodbury,MN,3.0,10808455.370459951,0.0,10072414.0,736041.3704599508
2829700,gulfport,MS,5.0,329027653.2521424,18.25,45636727.0,283390926.2521424
2836000,jackson,MS,2.0,775009285.7478577,46.75,205993626.0,569015659.7478577
2906652,blue springs,MO,1.0,1146510.6540404852,0.0,0.0,1146510.6540404852
2915670,columbia,MO,4.0,15872509.009935765,20.6,12469944.0,3402565.009935764
2924778,florissant,MO,,634497.7106873184,,,634497.7106873184
2935000,independence,MO,2.0,72825432.80125086,10.0,68883027.0,3942405.8012508624
2938000,kansas city,MO,9.0,2442490600.1639323,154.091,2426583318.0,15907282.163932199
2941348,lee's summit,MO,1.0,7310446.170812239,0.0,4080574.0,3229872.170812239
2964082,st. charles,MO,1.0,1273949.8332435167,7.5,0.0,1273949.8332435167
2964550,st. joseph,MO,13.0,720250744.1236198,27.0,718024676.0,2226068.123619751
2965000,st. louis,MO,6.0,2034911631.268021,150.0,2031791665.0,3119966.268021052
2965126,st. peters,MO,1.0,1136350.8912406382,9.5,0.0,1136350.8912406382
2970000,springfield,MO,,4206136.373216175,,,4206136.373216175
3006550,billings,MT,1.0,35588099.59086216,0.0,16421692.0,19166407.590862162
3032800,great falls,MT,2.0,9758803.517714934,0.0,30263.0,9728540.517714934
3050200,missoula,MT,1.0,15850082.891422905,12.5,1208273.0,14641809.891422905
3103950,bellevue,NE,,1052385.1757050818,,,1052385.1757050818
3119595,grand island,NE,1.0,4957498.941648912,8.6,3526268.0,1431230.9416489112
3128000,lincoln,NE,3.0,408276651.28548807,37.4,403525941.0,4750710.285488097
3137000,omaha,NE,3.0,1408945021.597158,50.7,1402150384.0,6794637.5971579105
3209700,carson,NV,1.0,65864310.03874404,6.9,49512472.0,16351838.038744042
3231900,henderson,NV,4.0,241796680.6891946,40.0,228161349.0,13635331.689194601
3240000,las vegas,NV,2.0,78960214.28111403,10.0,62910649.0,16049565.281114025
3251800,north las vegas,NV,,11915224.745960264,,,11915224.745960264
3260600,reno,NV,1.0,65073014.8040418,4.1,52742151.0,12330863.804041801
3268400,sparks,NV,4.0,90343988.44094527,89.0,86215393.0,4128595.440945267
3345140,manchester,NH,4.0,881585943.2694194,34.0,737597340.0,143988603.2694195
3350260,nashua,NH,1.0,198815810.7305805,16.0,64557129.0,134258681.7305805
3403580,bayonne,NJ,2.0,392977891.64850557,0.0,389195342.0,3782549.6485055876
3410000,camden,NJ,3.0,203148007.65672627,80.0,197353103.0,5794904.656726261
3419390,east orange,NJ,2.0,8318887.306475737,0.0,5766910.0,2551977.306475737
3421000,elizabeth,NJ,3.0,827310417.5380629,85.0,819306215.0,8004202.538062979
3432250,hoboken,NJ,3.0,912789606.4035656,20.8,911977274.0,812332.4035656475
3436000,jersey city,NJ,4.0,2048555460.569714,0.0,2038972826.0,9582634.569714025
3451000,newark,NJ,4.0,4804268703.773217,368.0,4788581304.0,15687399.773217443
3456550,passaic,NJ,2.0,5742741.017119754,0.0,3707091.0,2035650.017119754
3457000,paterson,NJ,2.0,364981803.7536935,0.0,359515266.0,5466537.7536935285
3458200,perth amboy,NJ,1.0,3029230.715564967,0.0,0.0,3029230.715564967
3459190,plainfield,NJ,,3872088.020136427,,,3872088.020136427
3474000,trenton,NJ,2.0,9096448.523036327,27.0,4154201.0,4942247.523036328
3476070,vineland,NJ,3.0,47786773.07418131,8.2,3341738.0,44445035.07418131
3502000,albuquerque,NM,1.0,8790776.0,0.0,8790776.0,
3539380,las cruces,NM,2.0,597967.0,8.73,597967.0,
3563460,rio rancho,NM,1.0,4686093.0,4.0,4686093.0,
3570500,santa fe,NM,1.0,3129957.0,8.5,3129957.0,
3601000,albany,NY,8.0,155236716.87318748,25.0,125220302.0,30016414.873187494
3611000,buffalo,NY,4.0,230036036.08860075,180.0,173409287.0,56626749.08860074
3633139,hempstead,NY,,5175862.205578185,,,5175862.205578185
3649121,mount vernon,NY,1.0,6159499.769620036,0.0,0.0,6159499.769620036
3650617,new rochelle,NY,5.0,146856415.69673195,15.12,132431258.0,14425157.696731942
3651000,new york,NY,23.0,25233283253.789936,1805.001,24811924070.0,421359183.7899351
3663000,rochester,NY,4.0,85830709.6016391,0.0,35679096.0,50151613.60163911
3665508,schenectady,NY,3.0,27995118.565020554,16.3,12838524.0,15156594.565020556
3673000,syracuse,NY,2.0,469728425.5493449,80.0,434585553.0,35142872.54934487
3675484,troy,NY,2.0,14525247.324961338,0.0,0.0,14525247.324961338
3676540,utica,NY,3.0,312034536.98949,48.0,288583355.0,23451181.989489984
3681677,white plains,NY,2.0,13654713.547810784,0.0,0.0,13654713.547810784
3684000,yonkers,NY,4.0,191962321.99807987,145.0,166711313.0,25251008.998079866
3702140,asheville,NC,,17183376.564996954,,,17183376.564996954
3709060,burlington,NC,,11546868.828139117,,,11546868.828139117
3710740,cary,NC,2.0,49902723.22269752,24.8,27177086.0,22725637.22269752
3711800,chapel hill,NC,,8185051.362076805,,,8185051.362076805
3712000,charlotte,NC,3.0,410894521.4362044,99.0,293442765.0,117451756.43620439
3714100,concord,NC,1.0,24201296.942718633,0.0,0.0,24201296.942718633
3719000,durham,NC,2.0,254593631.00517356,40.0,210466380.0,44127251.00517356
3722920,fayetteville,NC,1.0,68996161.44310974,25.0,12958943.0,56037218.443109736
3725580,gastonia,NC,3.0,23987080.539827883,6.0,3930377.0,20056703.539827883
3728000,greensboro,NC,3.0,145345456.6362734,56.0,94752488.0,50592968.636273414
3728080,greenville,NC,,14150672.12854604,,,14150672.12854604
3731400,high point,NC,1.0,30688060.499853067,26.0,9021198.0,21666862.499853067
3734200,jacksonville,NC,,18444972.644752003,,,18444972.644752003
3735200,kannapolis,NC,1.0,13065721.447508838,0.0,0.0,13065721.447508838
3755000,raleigh,NC,,56483896.80452924,,,56483896.80452924
3757500,rocky mount,NC,1.0,16888162.872198135,0.0,0.0,16888162.872198135
3774440,wilmington,NC,1.0,274404305.3471488,12.0,254972365.0,19431940.347148765
3775000,winston-salem,NC,3.0,66691704.2742459,30.0,16203356.0,50488348.2742459
3807200,bismarck,ND,,10471763.378908444,,,10471763.378908444
3825700,fargo,ND,1.0,35147236.62109156,15.0,19800000.0,15347236.621091558
3901000,akron,OH,1.0,722948081.9194484,90.0,617943628.0,105004453.91944833
3912000,canton,OH,1.0,121260589.90065563,39.0,76320277.0,44940312.90065563
3915000,cincinnati,OH,3.0,3206339451.0518928,200.0,3074238753.0,132100698.05189255
3916000,cleveland,OH,4.0,1637942434.9776063,190.0,1506145137.0,131797297.97760618
3918000,columbus,OH,8.0,3709809361.953227,182.108,3335578810.0,374230551.9532268
3919778,cuyahoga falls,OH,2.0,43736078.90862455,0.06,0.0,43736078.90862455
3921000,dayton,OH,1.0,94626610.1097956,72.0,0.0,94626610.1097956
3925256,elyria,OH,1.0,120756985.87789576,13.0,85918652.0,34838333.87789576
3940040,kettering,OH,1.0,33909115.4395369,13.0,2178757.0,31730358.4395369
3941664,lakewood,OH,1.0,335800774.691445,18.0,326403599.0,9397175.691445
3944856,lorain,OH,2.0,291446932.71030974,20.4,251422861.0,40024071.71030974
3949840,middletown,OH,,44388876.596697375,,,44388876.596697375
3961000,parma,OH,1.0,45995751.11952142,0.0,12047772.0,33947979.11952142
3974118,springfield,OH,2.0,125417662.40381438,25.017,80249543.0,45168119.403814375
3977000,toledo,OH,1.0,408904265.4117185,102.0,272440509.0,136463756.41171846
3988000,youngstown,OH,2.0,209736169.9278113,35.55,152211616.0,57524553.9278113
4023200,edmond,OK,3.0,99011251.693718,14.0,96115764.0,2895487.6937179947
4023950,enid,OK,2.0,46145563.72202988,8.6,43610399.0,2535164.7220298764
4041850,lawton,OK,,2792314.22609807,,,2792314.22609807
404720,avondale,AZ,1.0,63298487.0,9.0,63298487.0,
4048350,midwest city,OK,1.0,47800054.76764826,12.3,46963475.0,836579.7676482565
4052500,norman,OK,1.0,6125590.8304926725,12.0,0.0,6125590.8304926725
4055000,oklahoma city,OK,9.0,1015132292.9742979,107.568,994336860.0,20795432.974297907
4075000,tulsa,OK,5.0,825382623.7857152,100.6,818601509.0,6781114.785715223
4105350,beaverton,OR,1.0,23320168.18794692,0.0,22539551.0,780617.1879469191
4105800,bend,OR,2.0,391684614.52726066,7.1,390301429.0,1383185.527260662
4115800,corvallis,OR,1.0,19644734.904521573,9.7,19067271.0,577463.9045215738
412000,chandler,AZ,2.0,387365737.0,25.0,387365737.0,
4123850,eugene,OR,3.0,152945342.30639756,49.0,151178720.0,1766622.3063975605
4131250,gresham,OR,1.0,46290617.10382162,0.0,45355854.0,934763.1038216196
4134100,hillsboro,OR,3.0,323368172.2813833,46.55,322341032.0,1027140.2813832855
4147000,medford,OR,,1126718.3379592425,,,1126718.3379592425
4159000,portland,OR,2.0,448127512.8651518,100.0,442822022.0,5305490.865151842
4164900,salem,OR,1.0,1944770.8709832109,0.0,0.0,1944770.8709832109
4169600,springfield,OR,2.0,101667353.61457409,0.0,101036317.0,631036.6145740845
4202000,allentown,PA,3.0,179149991.99024534,40.0,157001930.0,22148061.990245342
4206088,bethlehem,PA,1.0,44296333.274964176,20.0,20192508.0,24103825.274964176
4224000,erie,PA,1.0,24124473.135284524,68.84,0.0,24124473.135284524
4232800,harrisburg,PA,,10237616.651169846,,,10237616.651169846
423620,flagstaff,AZ,3.0,9910791.0,10.7,9910791.0,
4241216,lancaster,PA,1.0,9113418.311377173,0.0,0.0,9113418.311377173
4260000,philadelphia,PA,3.0,1457429677.8895044,522.0,1288010295.0,169419382.88950437
4261000,pittsburgh,PA,5.0,1698817650.4594553,250.4,1628988101.0,69829549.45945528
4263624,reading,PA,3.0,98508475.5081224,32.5,86096775.0,12411700.5081224
4269000,scranton,PA,1.0,217308514.7798769,20.0,185396400.0,31912114.7798769
427400,gilbert,AZ,4.0,295750714.0,35.0,295750714.0,
427820,glendale,AZ,4.0,276677840.0,16.0,276677840.0,
439370,lake havasu city,AZ,5.0,12042728.0,8.2,12042728.0,
4419180,cranston,RI,2.0,73107405.28022315,19.0,65338473.0,7768932.280223148
4454640,pawtucket,RI,1.0,2375530.707650286,0.0,0.0,2375530.707650286
4459000,providence,RI,5.0,396667977.74411017,65.0,391623238.0,5044739.744110148
446000,mesa,AZ,3.0,67300212.0,18.0,67300212.0,
4474300,warwick,RI,3.0,163989378.26801643,7.7,154396217.0,9593161.268016417
454050,peoria,AZ,5.0,260704419.0,18.25,260704419.0,
455000,phoenix,AZ,6.0,1069076909.0,301.0,1069076909.0,
465000,scottsdale,AZ,5.0,228274715.0,41.7,228274715.0,
4652980,rapid city,SD,,1836320.322320451,,,1836320.322320451
4659020,sioux falls,SD,3.0,71905693.67767955,15.44,69148855.0,2756838.677679549
4703440,bartlett,TN,2.0,4318535.000978797,2.7,0.0,4318535.000978797
4714000,chattanooga,TN,2.0,138212134.3957583,140.0,119176730.0,19035404.395758305
471510,surprise,AZ,8.0,1324207083.0,18.1,1324207083.0,
4715160,clarksville,TN,,13338078.628328877,,,13338078.628328877
4716420,collierville,TN,1.0,4907855.000079481,3.0,0.0,4907855.000079481
473000,tempe,AZ,3.0,14723360.0,0.0,14723360.0,
4733280,hendersonville,TN,1.0,4236343.313916161,0.0,0.0,4236343.313916161
4737640,jackson,TN,2.0,62124990.18865893,21.4,54270754.0,7854236.18865893
4740000,knoxville,TN,4.0,13202504.918575838,54.25,0.0,13202504.918575838
4748000,memphis,TN,2.0,310614219.1854614,225.0,271005902.0,39608317.185461424
4751560,murfreesboro,TN,2.0,80083145.3484977,48.0,71487992.0,8595153.34849771
4752006,nashville-davidson county,TN,8.0,680698649.0197445,196.5,613373483.0,67325166.01974449
477000,tucson,AZ,9.0,161234561.0,80.8,161234561.0,
4801000,abilene,TX,1.0,5579511.854179088,0.0,0.0,5579511.854179088
4801924,allen,TX,1.0,8938735.30924827,0.0,7557730.0,1381005.3092482698
4803000,amarillo,TX,1.0,5419780.399962719,0.0,0.0,5419780.399962719
4804000,arlington,TX,4.0,653535464.082209,166.0,648522273.0,5013191.082208992
4805000,austin,TX,10.0,403831770.6244947,150.97,386760638.0,17071132.624494694
4806128,baytown,TX,2.0,57063748.802620225,12.2,54945278.0,2118470.8026202223
4807000,beaumont,TX,2.0,72132067.3601259,31.9,67835638.0,4296429.360125894
4810768,brownsville,TX,3.0,90461755.46740206,22.8,83567900.0,6893855.4674020605
4810912,bryan,TX,4.0,12548468.309688773,8.75,9680918.0,2867550.309688774
4813024,carrollton,TX,1.0,10749844.796075253,0.0,8832580.0,1917264.7960752526
4815976,college station,TX,1.0,29351104.038970295,9.5,26675105.0,2675999.0389702967
4817000,corpus christi,TX,8.0,244626907.7076518,44.7,236138409.0,8488498.707651805
4819000,dallas,TX,5.0,1208172483.9747715,285.2,1190405048.0,17767435.974771485
4819972,denton,TX,1.0,52835836.67000793,22.136,47766137.0,5069699.670007929
4820092,desoto,TX,1.0,9806948.739105584,0.0,8675207.0,1131741.7391055839
4822660,edinburg,TX,2.0,15999546.354060998,5.9,13660239.0,2339307.354060998
4824000,el paso,TX,5.0,196564113.79245922,90.43,183027687.0,13536426.792459216
4824768,euless,TX,1.0,5016158.417466296,0.0,4173715.0,842443.4174662954
4826232,flower mound,TX,1.0,28855896.581473324,10.0,26662109.0,2193787.581473326
4827000,fort worth,TX,4.0,18321529.749332182,0.0,0.0,18321529.749332182
4827684,frisco,TX,3.0,68827564.43186857,5.3,65240012.0,3587552.4318685653
4828068,galveston,TX,3.0,104981290.75486514,15.55,102834802.0,2146488.754865137
4829000,garland,TX,3.0,40960911.9764401,24.61,37986886.0,2974025.9764401037
4830464,grand prairie,TX,6.0,16782314.19108502,0.0,12989423.0,3792891.191085018
4835000,houston,TX,26.0,3049913144.588288,374.29,3016404979.0,33508165.588287596
4837000,irving,TX,1.0,29969610.01271679,0.0,26466122.0,3503488.012716788
4839148,killeen,TX,,2857402.4321813667,,,2857402.4321813667
4841464,laredo,TX,4.0,140690946.36144254,20.93,135103307.0,5587639.361442535
4841980,league city,TX,9.0,130590181.77850336,12.16,127903585.0,2686596.7785033556
4842508,lewisville,TX,2.0,31674273.91941756,20.0,29547654.0,2126619.919417562
4843888,longview,TX,1.0,7665553.470894307,21.78,4745439.0,2920114.470894307
4845000,lubbock,TX,2.0,65714684.750786856,0.0,58289143.0,7425541.750786857
4845384,mcallen,TX,2.0,70740799.70925258,18.4,67480331.0,3260468.709252587
4845744,mckinney,TX,,3502630.6191169205,,,3502630.6191169205
4847892,mesquite,TX,2.0,462877669.85883224,171.0,460309272.0,2568397.8588322294
4848072,midland,TX,,3974397.0983092063,,,3974397.0983092063
4848804,missouri city,TX,5.0,14043781.518661462,1.2999999999999998,12526025.0,1517756.518661462
4853388,odessa,TX,,2714177.127589042,,,2714177.127589042
485540,yuma,AZ,2.0,51165855.0,3.0,51165855.0,
4856000,pasadena,TX,,2285303.4728067694,,,2285303.4728067694
4856348,pearland,TX,7.0,99695610.98599848,10.95,97146993.0,2548617.985998481
4857200,pharr,TX,1.0,1241541.8407858734,0.0,0.0,1241541.8407858734
4858016,plano,TX,,3750345.229987713,,,3750345.229987713
4861796,richardson,TX,3.0,12481684.724763386,4.75,10987687.0,1493997.7247633864
4863500,round rock,TX,3.0,26275308.354119156,21.5,24291920.0,1983388.3541191563
4864472,san angelo,TX,,3141626.390954604,,,3141626.390954604
4865000,san antonio,TX,13.0,694331903.6542265,229.22,668234817.0,26097086.654226586
4872176,temple,TX,1.0,25474967.357921474,7.5,21659698.0,3815269.357921472
4874144,tyler,TX,1.0,3943597.74339121,10.0,920794.0,3022803.74339121
4876000,waco,TX,3.0,4760204.613489035,0.0,0.0,4760204.613489035
4943660,layton,UT,1.0,2366454.316521765,0.0,607619.0,1758835.3165217652
4945860,logan,UT,,1407378.2931309934,,,1407378.2931309934
4955980,ogden,UT,1.0,8194865.449895857,0.0,6047054.0,2147811.449895857
4957300,orem,UT,1.0,5846555.903630008,0.0,4395128.0,1451427.903630008
4962470,provo,UT,1.0,10169403.57537376,21.0,6918190.0,3251213.57537376
4967000,salt lake city,UT,1.0,118720048.19899343,56.0,110074716.0,8645332.198993424
4967440,sandy,UT,2.0,7141927.298803211,0.0,5253510.0,1888417.2988032112
4975360,taylorsville,UT,1.0,845544.0563276308,0.0,0.0,845544.0563276308
4982950,west jordan,UT,1.0,9404903.781962585,0.0,6864429.0,2540474.781962584
4983470,west valley city,UT,1.0,3460192.125360767,0.0,667007.0,2793185.125360767
5101000,alexandria,VA,2.0,382155161.60135716,54.0,375834560.0,6320601.601357141
5116000,chesapeake,VA,1.0,189207008.52778834,0.0,45972959.0,143234049.52778834
5135000,hampton,VA,2.0,50680279.20259428,0.0,28902215.0,21778064.202594284
5156000,newport news,VA,3.0,258150616.5827502,35.65,228951686.0,29198930.5827502
5157000,norfolk,VA,5.0,369154655.79209816,58.0,346608816.0,22545839.792098142
5164000,portsmouth,VA,1.0,72227462.80086988,0.0,58134710.0,14092752.80086989
5167000,richmond,VA,1.0,655541325.0333519,90.0,630181184.0,25360141.033351928
5168000,roanoke,VA,1.0,166275709.48955193,42.0,148280820.0,17994889.489551943
5176432,suffolk,VA,2.0,325485757.66549426,30.0,156559082.0,168926675.66549426
5182000,virginia beach,VA,3.0,495138617.30414385,60.0,391574129.0,103564488.30414386
523290,fayetteville,AR,1.0,1141487.0,10.0,1141487.0,
5303180,auburn,WA,1.0,13678296.21390669,0.0,2541315.0,11136981.21390669
5305210,bellevue,WA,2.0,45196046.32283825,0.0,32594076.0,12601970.322838247
5305280,bellingham,WA,2.0,107476220.48583767,30.0,96858380.0,10617840.485837672
5322640,everett,WA,2.0,98415739.56806982,31.3,85763681.0,12652058.568069823
5323515,federal way,WA,2.0,8407851.298503883,15.6,0.0,8407851.298503883
5335415,kent,WA,2.0,21698668.011396367,0.0,8959170.0,12739498.011396367
5351300,olympia,WA,2.0,140720094.63661385,20.6,133859277.0,6860817.636613834
535710,jonesboro,AR,2.0,0.0,12.0,0.0,
5357535,redmond,WA,1.0,6238152.817951914,0.0,0.0,6238152.817951914
5357745,renton,WA,2.0,10383995.782767728,122.0,1520040.0,8863955.782767728
5363000,seattle,WA,3.0,313852874.93948096,215.0,282223233.0,31629641.939480975
5367000,spokane,WA,2.0,483504641.1969301,51.0,457613656.0,25890985.196930133
5370000,tacoma,WA,4.0,34791821.01731221,67.1,16072266.0,18719555.017312206
5374060,vancouver,WA,2.0,20807836.20715429,47.56,2452099.0,18355737.20715429
5380010,yakima,WA,1.0,15176824.501236236,21.5,4686532.0,10490292.501236236
541000,little rock,AR,4.0,83893008.0,56.0,83893008.0,
5502375,appleton,WI,3.0,79041959.79453267,15.5,75163972.0,3877987.794532673
550450,north little rock,AR,3.0,38529070.0,27.1,38529070.0,
5531000,green bay,WI,5.0,638881130.3729918,49.2,631918024.0,6963106.372991797
5539225,kenosha,WI,2.0,85542718.69184504,28.6,81157269.0,4385449.691845044
5540775,la crosse,WI,2.0,27923421.932998765,20.0,24599371.0,3324050.9329987643
5548000,madison,WI,9.0,127492125.58010775,0.0,114770806.0,12721319.580107756
5553000,milwaukee,WI,7.0,1683199701.8614159,236.0,1668475051.0,14724650.861415803
5560500,oshkosh,WI,2.0,138880375.3048985,20.0,134735656.0,4144719.3048984916
5566000,racine,WI,2.0,278929896.9465667,36.0,276561022.0,2368874.94656671
5584250,waukesha,WI,2.0,252020547.51464295,14.0,248112759.0,3907788.5146429637
560410,rogers,AR,1.0,0.0,14.0,0.0,
5613900,cheyenne,WY,2.0,21626359.0,17.0,0.0,21626359.0
600562,alameda,CA,1.0,0.0,0.0,0.0,
602000,anaheim,CA,1.0,20690850.0,0.0,20690850.0,
602252,antioch,CA,2.0,21328989.0,16.5,21328989.0,
603526,bakersfield,CA,6.0,200245138.0,41.04,200245138.0,
611194,carlsbad,CA,4.0,170392102.0,49.51,170392102.0,
611530,carson,CA,1.0,942556874.0,400.0,942556874.0,
613210,chino,CA,4.0,208652218.0,69.0,208652218.0,
613392,chula vista,CA,2.0,7424321.0,0.0,7424321.0,
614890,colton,CA,1.0,0.0,11.8,0.0,
616532,costa mesa,CA,1.0,0.0,0.0,0.0,
621712,el cajon,CA,1.0,18616278.0,0.0,18616278.0,
622678,encinitas,CA,3.0,16144440.0,5.25,16144440.0,
622804,escondido,CA,1.0,54362513.0,17.5,54362513.0,
623182,fairfield,CA,1.0,32379144.0,22.5,32379144.0,
624680,fontana,CA,1.0,0.0,0.0,0.0,
627000,fresno,CA,3.0,308860428.0,80.0,308860428.0,
629000,garden grove,CA,1.0,21673577.0,0.0,21673577.0,
629504,gilroy,CA,2.0,96649877.0,7.6,96649877.0,
636770,irvine,CA,2.0,180207170.0,15.0,180207170.0,
640004,la mesa,CA,1.0,22782088.0,0.0,22782088.0,
641992,livermore,CA,1.0,78108539.0,8.5,78108539.0,
643000,long beach,CA,1.0,5419045.0,25.0,5419045.0,
644000,los angeles,CA,8.0,604353770.0,576.33,604353770.0,
645022,madera,CA,2.0,3693225.0,7.0,3693225.0,
645484,manteca,CA,1.0,19944707.0,9.87,19944707.0,
646898,merced,CA,1.0,32534679.0,10.0,32534679.0,
647766,milpitas,CA,2.0,7988613.0,0.0,7988613.0,
648354,modesto,CA,2.0,485559090.0,26.15,485559090.0,
650258,napa,CA,2.0,103987562.0,15.7,103987562.0,
650398,national city,CA,1.0,9612091.0,0.0,9612091.0,
653000,oakland,CA,1.0,132099229.0,120.0,132099229.0,
653322,oceanside,CA,4.0,0.0,19.3,0.0,
653896,ontario,CA,2.0,92973549.0,0.0,92973549.0,
653980,orange,CA,1.0,2660109.0,0.0,2660109.0,
654652,oxnard,CA,1.0,87976371.0,40.4,87976371.0,
655156,palmdale,CA,1.0,4873370.0,13.3,4873370.0,
656000,pasadena,CA,2.0,22297374.0,0.0,22297374.0,
656700,perris,CA,1.0,0.0,0.0,0.0,
656784,petaluma,CA,1.0,32624187.0,6.7,32624187.0,
657792,pleasanton,CA,2.0,134875823.0,183.5,134875823.0,
658072,pomona,CA,1.0,3854447.0,15.0,3854447.0,
659451,rancho cucamonga,CA,2.0,28311180.0,7.0,28311180.0,
660466,rialto,CA,1.0,0.0,10.7,0.0,
660620,richmond,CA,2.0,0.0,28.5,0.0,
662000,riverside,CA,4.0,588864511.0,51.48,588864511.0,
664000,sacramento,CA,3.0,889169334.0,0.0,889169334.0,
664224,salinas,CA,3.0,0.0,0.06,0.0,
665000,san bernardino,CA,3.0,5151100.0,33.35,5151100.0,
666000,san diego,CA,8.0,1420690549.0,285.31,1420690549.0,
667000,san francisco,CA,6.0,1810210102.0,107.81,1810210102.0,
668000,san jose,CA,2.0,66604263.0,167.0,66604263.0,
668084,san leandro,CA,1.0,0.0,8.4,0.0,
668364,san rafael,CA,3.0,31668227.0,12.92,31668227.0,
669000,santa ana,CA,1.0,0.0,0.0,0.0,
669070,santa barbara,CA,2.0,21890622.0,20.0,21890622.0,
670224,santee,CA,1.0,45978744.0,7.0,45978744.0,
672016,simi valley,CA,1.0,20524065.0,12.5,20524065.0,
675000,stockton,CA,4.0,218202614.0,55.0,218202614.0,
677000,sunnyvale,CA,1.0,463028832.0,23.95,463028832.0,
680238,tracy,CA,1.0,183774142.0,9.5,183774142.0,
680812,turlock,CA,2.0,0.0,14.8,0.0,
681204,union city,CA,2.0,0.0,0.0,0.0,
681344,upland,CA,2.0,0.0,0.2,0.0,
681554,vacaville,CA,1.0,72059233.0,10.0,72059233.0,
681666,vallejo,CA,1.0,0.0,15.5,0.0,
682996,vista,CA,2.0,334649364.0,0.0,334649364.0,
684550,westminster,CA,1.0,0.0,0.0,0.0,
684816,west sacramento,CA,1.0,6014787.0,0.0,6014787.0,
686328,woodland,CA,1.0,0.0,7.8,0.0,
803455,arvada,CO,3.0,25063784.0,0.0,25063784.0,
804000,aurora,CO,2.0,92833325.0,5.0,92833325.0,
807850,boulder,CO,1.0,248750.0,0.01,248750.0,
816000,colorado springs,CO,3.0,233019701.0,95.0,233019701.0,
820000,denver,CO,4.0,211513168.0,0.0,211513168.0,
827425,fort collins,CO,2.0,131273755.0,29.0,131273755.0,
832155,greeley,CO,2.0,41769909.0,14.7,41769909.0,
843000,lakewood,CO,8.0,0.0,0.0,0.0,
845970,longmont,CO,2.0,72702759.0,17.0,72702759.0,
862000,pueblo,CO,2.0,66140038.0,19.0,66140038.0,
877290,thornton,CO,1.0,30360550.0,0.0,30360550.0,
883835,westminster,CO,2.0,12595792.0,11.9,12595792.0,
908000,bridgeport,CT,3.0,495632500.0,42.0,495632500.0,
908420,bristol,CT,1.0,26437800.0,10.75,26437800.0,
918430,danbury,CT,2.0,33289065.0,15.67,33289065.0,
937000,hartford,CT,1.0,2480700000.0,60.0,2480700000.0,
946450,meriden,CT,1.0,2134995.0,11.6,2134995.0,
950370,new britain,CT,1.0,18570054.0,0.0,18570054.0,
952000,new haven,CT,3.0,565725791.0,40.0,565725791.0,
955990,norwalk,CT,1.0,125500000.0,15.0,125500000.0,
973000,stamford,CT,1.0,5332257.0,24.0,5332257.0,
980000,waterbury,CT,1.0,34960000.0,25.0,34960000.0,
982800,west haven,CT,1.0,0.0,12.5,0.0,
