fips,geo_name,state_abb,facility_count_2022,total_needs_2022,design_flow_2022,tier0_needs,tier1_needs,tier2_needs,tier3_needs
107000,birmingham,AL,1.0,49451828.44426595,120.0,5476198.0,,,43975630.44426595
1077580,wilmington,DE,1.0,311288327.0,210.0,189434171.0,,11643647.0,110210509.0
1150000,washington,DC,2.0,3872103407.0,1816.0,3872103407.0,,,
120104,decatur,AL,1.0,77763065.97470002,72.0,61438820.0,,,16324245.974700019
1207300,boca raton,FL,1.0,326203779.2296457,40.0,113160974.0,,212842630.7105782,200174.51906754525
1207875,boynton beach,FL,1.0,159818227.60459882,0.0,41997706.0,,117709817.71941918,110703.8851796249
1207950,bradenton,FL,1.0,112151990.15064497,18.0,20168276.0,21041755.0,70843595.0,98364.15064497147
1210275,cape coral,FL,2.0,917970576.5275816,56.8,517408638.0,,399833882.0,728056.5275816172
121184,dothan,AL,2.0,52193999.23549042,95.94,25330930.0,,,26863069.23549042
1212875,clearwater,FL,10.0,280370039.69380474,57.0,270450308.0,,9740160.739890028,179570.9539147206
1214400,coral springs,FL,1.0,37131128.43331746,15.44,17950902.0,9856140.0,9167224.440370554,156861.99294691125
1216475,davie,FL,2.0,145189714.98393422,9.7,130959897.0,,13990425.350222051,239392.63371216337
1216525,daytona beach,FL,3.0,368604784.079739,41.0,120363830.0,,247778685.7059498,462268.37378917285
1216725,deerfield beach,FL,2.0,20164809.218013644,0.0,14065028.0,,5997162.709997807,102618.5080158384
1217100,delray beach,FL,1.0,158428612.8786875,48.0,42156213.0,,116163150.6050429,109249.27364459433
1217200,deltona,FL,3.0,162831501.03401282,2.0,25325312.0,,137250128.29405016,256060.73996268024
1224000,fort lauderdale,FL,3.0,387694375.9684454,111.4,373592061.0,,13865067.35743972,237247.61100571963
1225175,gainesville,FL,2.0,111304756.32928051,15.0,1051921.0,1037998.0,108775860.0,438977.3292805057
1230000,hialeah,FL,1.0,124185516.21330215,0.0,38771635.0,,85265821.49195653,148059.72134561482
1232000,hollywood,FL,2.0,441449345.3363885,97.5,430336515.0,,10925875.750937905,186954.58545063983
1235000,jacksonville,FL,11.0,1250089729.9581242,235.7,1027676389.0,,217286754.0,5126586.958124096
1235875,jupiter,FL,1.0,158285244.08210596,0.0,366806.0,,157770058.2888484,148379.79325755074
1236950,kissimmee,FL,2.0,140926447.56714582,14.0,28936813.0,31476026.0,80365936.0,147672.56714583127
1238250,lakeland,FL,2.0,469709386.8689667,21.7,59478041.0,,409774702.0,456643.86896669475
1239425,largo,FL,2.0,32584373.17522598,36.0,25523856.0,,6932704.86704849,127812.30817749104
1239550,lauderhill,FL,1.0,35816578.44795655,0.0,32343977.0,,3414180.7986272597,58420.64932928609
1243975,melbourne,FL,3.0,187152981.07778627,18.0,94887421.0,,91962422.36826631,303137.70951995504
1245000,miami,FL,5.0,7708190373.187848,143.0,7346224324.0,219504330.0,142214770.5403243,246948.64752364214
1245025,miami beach,FL,1.0,934507366.6852462,0.0,307617028.0,596445124.0,30392439.773972176,52774.911274058315
1245975,miramar,FL,1.0,27647138.968562197,20.2,15880816.0,,11568374.474229226,197948.494332972
1249450,north miami,FL,2.0,3036450288.3896694,120.0,2932172240.0,70800546.0,33419471.19374699,58031.19592216389
1250750,ocala,FL,5.0,521389587.88673085,10.506,21617954.0,3373943.0,496073485.0,324205.88673085504
1253000,orlando,FL,7.0,680508290.2729785,28.5,175561427.0,,504183727.0,763136.2729785774
1254000,palm bay,FL,2.0,211219212.8922465,10.4,30222772.0,,180401778.6317337,594662.2605128388
1255775,pembroke pines,FL,1.0,46108026.45965587,19.0,32780698.0,,13103118.68663515,224209.77302072273
1255925,pensacola,FL,,126026507.43531433,,,,125870299.0,156208.43531432626
1256975,pinellas park,FL,1.0,16709918.01543624,0.0,10587739.0,,6011352.880236922,110826.13519931858
1257425,plantation,FL,1.0,41478332.208371304,18.9,32608346.0,,8720763.684105013,149222.52426629417
1258050,pompano beach,FL,3.0,224190004.53025097,84.0,214375889.0,,9649009.626085881,165105.90416509772
1258715,port st. lucie,FL,2.0,169619089.28040025,18.0,55372781.0,10292309.0,103136117.0,817882.2804002498
1263000,st. petersburg,FL,6.0,372814103.6197407,136.8,349068408.0,323050.0,22998639.51282456,424006.10691619036
1269700,sunrise,FL,4.0,135591446.36982703,37.0,128985724.0,,6494592.257167165,111130.11265988385
1270600,tallahassee,FL,4.0,1141093828.016933,26.5,1005058167.0,665411.0,134667541.0,702709.0169330343
1270675,tamarac,FL,2.0,17980761.164567366,0.0,13252720.0,,4648499.864182275,79541.30038509273
1271000,tampa,FL,3.0,1095987740.5739305,192.0,671470178.0,127171163.0,296566782.0,779617.5739305405
1276600,west palm beach,FL,2.0,492162988.18358225,140.0,98817488.0,,392975913.67611134,369586.50747091713
1301052,albany,GA,2.0,710129381.9338844,64.0,276940900.0,413822421.0,7663261.0,11702799.933884386
1301696,alpharetta,GA,,57431401.466098785,,,51122701.0,591666.5835236217,5717033.882575164
1303440,athens-clarke county,GA,4.0,531402455.17251277,62.5,225608512.0,280034370.0,404764.0,25354809.172512777
1304000,atlanta,GA,17.0,4652702588.051256,556.53,3841319399.0,779662924.0,2974910.752569937,28745354.298685852
1304204,augusta-richmond county,GA,3.0,459009770.0696844,94.43999999999998,110061657.0,280016196.0,,68931917.0696844
1319000,columbus,GA,3.0,349617044.5946114,132.0,131157595.0,172446801.0,,46012648.594611384
1349756,marietta,GA,1.0,189437522.43818915,0.0,5286909.0,179154736.0,,4995877.438189158
135896,hoover,AL,2.0,50709989.26111529,8.4,35952424.0,,,14757565.261115288
1367284,roswell,GA,2.0,33622325.18376466,63.0,0.0,24073944.0,895502.6639064414,8652878.519858219
1369000,savannah,GA,2.0,958911436.0855849,6.0,56770777.0,878998802.0,,23141857.085584868
137000,huntsville,AL,7.0,97061330.25843427,152.3,30192382.0,,,66868948.25843427
1371492,smyrna,GA,1.0,3398919.0044137826,0.0,0.0,,,3398919.0044137826
150000,mobile,AL,3.0,60108584.669062294,89.6,18401917.0,,,41706667.669062294
151000,montgomery,AL,2.0,47799093.46990596,6.18,0.0,,,47799093.46990596
1517000,honolulu,HI,9.0,2355626070.0,306.988,2355626070.0,,,
1608830,boise city,ID,6.0,652835009.6200274,27.6,508328211.0,,,144506798.6200274
1639700,idaho falls,ID,1.0,101989589.38474359,34.0,56585000.0,,,45404589.384743586
1652120,meridian,ID,2.0,251218147.13941067,18.6,188223475.0,,,62994672.13941066
1656260,nampa,ID,1.0,216499682.2598431,14.1,131591059.0,25479591.0,,59429032.259843126
1664090,pocatello,ID,,57374267.59597524,,,,,57374267.59597524
1702154,arlington heights,IL,2.0,66148802.38380472,0.0,2208423.0,2181158.0,4589922.842698881,57169298.541105844
1703012,aurora,IL,2.0,261589877.45499533,0.0,106557059.0,,,155032818.45499533
1705573,berwyn,IL,3.0,14515178.432228694,0.0,0.0,,1078762.7751636046,13436415.65706509
1706613,bloomington,IL,3.0,345157246.45978147,91.9,251858252.0,,,93298994.45978148
1707133,bolingbrook,IL,3.0,120949481.7999505,26.85,35271613.0,,,85677868.7999505
1712385,champaign,IL,3.0,163602105.89776975,25.23,84361005.0,,,79241100.89776975
1714000,chicago,IL,5.0,2008939213.7786374,1138.0,1095177428.0,67088026.0,62924485.497817375,783749274.28082
1714351,cicero,IL,1.0,21803840.536620017,0.0,0.0,,1620453.488486494,20183387.048133522
1718823,decatur,IL,2.0,211375804.8290913,82.0,52880539.0,8880058.0,,149615207.8290913
1719642,des plaines,IL,3.0,104433847.34044053,162.0,51502596.0,,3933831.3239135696,48997420.01652696
1720591,downers grove,IL,2.0,73015682.46804759,44.0,21421611.0,1172790.0,,50421281.4680476
1723074,elgin,IL,3.0,178244012.68924984,39.45,46981034.0,,,131262978.68924984
1724582,evanston,IL,1.0,41179843.791429296,0.0,10360161.0,1898737.0,2149394.159223442,26771551.63220585
1735411,hoffman estates,IL,1.0,91738009.04448356,0.0,8750416.0,6358054.0,5695079.435991631,70934459.60849193
1738570,joliet,IL,3.0,328293131.8777199,148.9,100745063.0,,,227548068.87771985
1751089,mount prospect,IL,2.0,56739494.85359043,0.0,16890462.0,,2961565.610056675,36887467.24353375
1751622,naperville,IL,1.0,310817117.8030124,81.38,170367429.0,5697741.0,,134751947.80301237
1754820,oak lawn,IL,1.0,31862674.745118305,0.0,0.0,,2368022.3837869503,29494652.361331355
1754885,oak park,IL,1.0,40548916.157978795,0.0,23076946.0,,1298510.459461359,16173459.69851744
1756640,orland park,IL,1.0,107510394.17801774,0.0,11981328.0,13637016.0,6086187.347013642,75805862.8310041
1757225,palatine,IL,4.0,64630986.818464234,0.0,12151755.0,,3900237.397649971,48578994.42081426
1759000,peoria,IL,2.0,362525529.23919547,74.0,140833621.0,56079379.0,,165612529.2391955
1765000,rockford,IL,4.0,393626516.45645034,121.15,169654389.0,,,223972127.45645037
1768003,schaumburg,IL,1.0,89079537.00999562,0.0,7762257.0,9395984.0,5345164.528245708,66576131.481749915
1770122,skokie,IL,2.0,149317154.52624393,1116.0,111903066.0,,2780601.4343697294,34633487.09187419
1772000,springfield,IL,2.0,230164533.67753798,112.0,19346509.0,,,210818024.67753798
177256,tuscaloosa,AL,1.0,108245303.6870258,78.0,89661633.0,,,18583670.687025797
1775484,tinley park,IL,1.0,60096907.98318259,0.0,0.0,,4466380.316120966,55630527.66706162
1779293,waukegan,IL,2.0,105462956.53023587,88.0,19854978.0,2268539.0,,83339439.53023587
1781048,wheaton,IL,1.0,53360375.23672634,0.0,8148178.0,6264872.0,,38947325.23672634
1801468,anderson,IN,1.0,227093040.22812107,21.25,126823755.0,,16472185.0,83797100.22812107
1805860,bloomington,IN,1.0,53775984.20876575,0.2,0.0,7024045.0,,46751939.20876575
1810342,carmel,IN,2.0,124329187.89645948,28.0,6219173.0,,19404900.0,98705114.89645948
1820728,elkhart,IN,,176031396.7951343,,,,120225730.0,55805666.79513432
1822000,evansville,IN,2.0,658743062.2818623,77.2,563519290.0,,,95223772.28186227
1825000,fort wayne,IN,2.0,1414297630.368288,116.32,939419482.0,224640462.0,27782146.0,222455540.36828795
1827000,gary,IN,1.0,280317607.1291633,120.0,172486125.0,7426304.0,,100405178.12916331
1829898,greenwood,IN,1.0,117998483.81161878,0.0,61450475.0,,,56548008.811618775
1831000,hammond,IN,1.0,347654045.83283424,54.0,299887138.0,2039073.0,,45727834.83283426
1836000,indianapolis,IN,10.0,1844642138.082309,508.2,1008933008.0,11928576.0,27504836.0,796275718.082309
1840392,kokomo,IN,1.0,126268513.0740004,23.5,18485325.0,2080313.0,31947989.0,73754886.0740004
1840788,lafayette,IN,1.0,111843415.96317549,52.0,9736574.0,,43033329.0,59073512.96317549
1849932,mishawaka,IN,1.0,46687099.372520246,40.0,10433579.0,,,36253520.372520246
1851876,muncie,IN,1.0,167979909.63378784,20.0,103393025.0,9482050.0,,55104834.63378785
1871000,south bend,IN,1.0,396664534.2302934,125.0,307963061.0,4456322.0,,84245151.23029341
1875428,terre haute,IN,1.0,116978965.0916664,48.0,44252418.0,2803726.0,,69922821.0916664
1901855,ames,IA,,349356442.459628,,,8753967.0,186482342.0,154120133.459628
1912000,cedar rapids,IA,2.0,1350964355.3927681,56.0,612391594.0,,333318525.0,405254236.3927681
1916860,council bluffs,IA,1.0,317236233.6556177,0.0,1024269.0,7859527.0,73582120.0,234770317.6556177
1919000,davenport,IA,1.0,1562517058.5180063,52.0,59256714.0,4790000.0,1149169630.0,349300714.5180064
1921000,des moines,IA,6.0,1318907493.700001,268.0,364795780.0,80902055.0,391452590.09448546,481757068.60551554
1922395,dubuque,IA,2.0,436952189.9173639,36.71,83729562.0,,182553342.0,170669285.9173639
1938595,iowa city,IA,1.0,555847470.7595513,24.2,23301553.0,1591879.0,390174958.0,140779080.75955123
1973335,sioux city,IA,1.0,1124901021.7306821,29.6,600738900.0,125153246.0,77272351.0,321736524.7306822
1982425,waterloo,IA,2.0,758347032.4361222,75.5,42029750.0,,379735260.0,336582022.4361222
1983910,west des moines,IA,2.0,515151718.43025935,0.0,46735308.0,,209987160.90551454,258429249.52474478
203000,anchorage,AK,3.0,121486149.0,61.1,76252658.0,45233491.0,,
2036000,kansas city,KS,9.0,505221817.8415674,126.26,246074379.0,,19693923.0,239453515.8415674
2039350,lenexa,KS,3.0,68227989.20499516,0.0,0.0,,2821625.3309819615,65406363.8740132
2052575,olathe,KS,5.0,169069062.1391385,26.324,42584045.0,1423914.0,5172006.102623142,119889097.03651536
2053775,overland park,KS,5.0,721487362.3504311,244.0,570865100.0,,6229109.1355609195,144393153.2148702
2064500,shawnee,KS,3.0,84052893.49459137,0.0,0.0,,3476077.430833977,80576816.06375739
2071000,topeka,KS,4.0,296852595.32439965,112.0,149732257.0,,28751335.0,118369003.32439966
2079000,wichita,KS,9.0,855603473.6448768,120.58,490743918.0,,52067562.0,312791993.64487684
2108902,bowling green,KY,2.0,117924172.4811156,12.0,27767519.0,,,90156653.4811156
2146027,lexington-fayette county,KY,2.0,646659741.7322406,124.0,30033700.0,,,616626041.7322406
2148000,louisville,KY,1.0,148427958.25627238,0.0,14899443.0,,,133528515.25627238
2158620,owensboro,KY,2.0,47862559.53037153,30.0,2552112.0,,,45310447.53037153
2205000,baton rouge,LA,2.0,73723752.8172563,54.0,6279716.0,,15805305.0,51638731.81725631
2208920,bossier city,LA,2.0,62675023.7255183,28.6,17073304.0,,19315176.0,26286543.725518297
2239475,kenner,LA,1.0,15001071.014226751,1.7,690046.0,,5467818.0,8843207.014226751
2240735,lafayette,LA,4.0,152801937.1931731,37.0,76272891.0,,43259429.0,33269617.193173107
2241155,lake charles,LA,3.0,352830533.1838995,35.7,220113357.0,43181259.0,61342127.0,28193790.183899533
2255000,new orleans,LA,4.0,2965371868.4026594,284.0,2553360154.0,,311339776.0,100671938.40265921
2270000,shreveport,LA,,101931361.6632668,,,13624686.0,24075200.0,64231475.66326679
2360545,portland,ME,9.0,915093635.0,120.61,715519723.0,8372598.0,,191201314.0
2404000,baltimore,MD,3.0,1103847430.8341973,146.0,806321571.0,115844186.0,8146554.0,173535119.83419737
2408775,bowie,MD,1.0,65183584.22921894,6.6,5071367.0,7489206.0,8815171.0,43807840.22921894
2430325,frederick,MD,2.0,148883190.3703264,18.0,58776172.0,12830099.0,25909188.0,51367731.370326415
2431175,gaithersburg,MD,,36425743.987761416,,,11792879.0,2505909.935463599,22126955.052297816
2467675,rockville,MD,3.0,144494883.57849583,0.0,94111993.0,18004666.0,3293848.064536401,29084376.513959434
2507000,boston,MA,2.0,2182216218.1773024,795.0,1743467099.0,121113048.0,31102660.0,286533411.1773026
2509000,brockton,MA,1.0,218282937.34306815,36.0,70999396.0,20833587.0,,126449954.34306815
2513660,chicopee,MA,1.0,365738661.23876643,31.0,204507980.0,25459476.0,,135771205.23876646
2523000,fall river,MA,1.0,432247877.26795983,167.8,203705238.0,32208916.0,,196333723.2679598
2529405,haverhill,MA,1.0,340814602.40848696,101.2,111810021.0,30550497.0,2638125.641716347,195815958.7667706
2534550,lawrence,MA,1.0,129495841.77180602,0.0,76206783.0,11659894.0,553392.3242500908,41075772.44755593
2537490,lynn,MA,1.0,199951455.28594995,51.6,121264194.0,14175633.0,857577.6168946408,63654050.6690553
2537875,malden,MA,1.0,82003428.46257026,0.0,0.0,49223145.0,2878646.0196750225,29901637.442895245
2539835,medford,MA,1.0,186011498.53003368,0.0,0.0,133390440.0,4620991.17786856,48000067.35216513
2540710,methuen,MA,1.0,161030285.215441,0.0,5771936.0,21822370.0,1773815.2346172128,131662163.98082379
2545000,new bedford,MA,1.0,291624402.89601684,105.0,152938510.0,20132032.0,,118553860.89601684
2545560,newton,MA,1.0,501525334.9390141,0.0,0.0,385679617.0,10173152.261551263,105672565.67746279
2552490,peabody,MA,1.0,141261291.8172449,0.0,13937161.0,29786248.0,1296608.1825217088,96241274.63472319
2555745,quincy,MA,1.0,253344814.44950414,0.0,71368334.0,83743221.0,,98233259.44950412
2562535,somerville,MA,1.0,549104757.0646616,0.0,411987849.0,110323288.0,2352918.876979577,24440701.187682055
2567000,springfield,MA,1.0,659331342.3092214,134.2,441868130.0,28557112.0,,188906100.30922136
2569170,taunton,MA,1.0,332880640.1133868,8.4,17082470.0,38940101.0,,276858069.1133868
2572600,waltham,MA,1.0,374782087.56060743,0.0,0.0,291967171.0,7272506.663925579,75542409.89668186
2582000,worcester,MA,1.0,622889633.148958,0.0,375760014.0,25679206.0,,221450413.148958
2603000,ann arbor,MI,,79303502.06804363,,,,12959540.0,66343962.068043634
2605920,battle creek,MI,2.0,142513337.26093063,36.0,0.0,,42726312.0,99787025.26093063
2621000,dearborn,MI,3.0,74697725.64914882,0.0,11684154.0,,6232709.940913821,56780861.708235
2621020,dearborn heights,MI,,30503879.275881957,,,,3017156.885786408,27486722.39009555
2622000,detroit,MI,3.0,709569856.401213,1860.0,349017295.0,,35662468.81194896,324890092.5892641
2627440,farmington hills,MI,1.0,1212027308.6438892,0.0,74072661.0,,1060046731.4100226,77907916.23386642
2629000,flint,MI,,111799881.09654571,,,,33488919.0,78310962.09654571
2634000,grand rapids,MI,2.0,184007363.59664458,122.3,18009729.0,,61141334.7182553,104856299.87838927
2642160,kalamazoo,MI,1.0,93375306.57544248,107.0,5240652.0,,30307795.0,57826859.57544248
2642820,kentwood,MI,1.0,77536878.83721644,0.0,0.0,,28558890.453556396,48977988.38366004
2646000,lansing,MI,1.0,171555878.72157425,70.0,54504422.0,,25287376.0,91764080.72157425
2649000,livonia,MI,1.0,92766190.65373695,0.0,0.0,,9175559.225360354,83590631.4283766
2659440,novi,MI,2.0,1095553902.5161974,7.0,61061794.0,,963667559.6629139,70824548.85328363
2665440,pontiac,MI,1.0,973875306.5304115,51.0,293685821.0,,633621596.7559519,46567888.7744596
2669035,rochester hills,MI,1.0,1122060599.187761,0.0,0.0,,1045240838.9698668,76819760.2178944
2670040,royal oak,MI,1.0,403356542.7371363,0.0,0.0,,375741498.6674883,27615044.069648016
2670760,st. clair shores,MI,2.0,62674186.44409777,0.0,32936061.0,,2384128.9788820185,27353996.465215754
2674900,southfield,MI,1.0,899732496.3243756,0.0,1750435.0,,836503415.0900774,61478646.23429825
2676460,sterling heights,MI,1.0,92792048.54290019,0.0,0.0,,7439211.740391096,85352836.8025091
2679000,taylor,MI,1.0,61375430.01152577,0.0,0.0,,6070680.374865949,55304749.63665982
2680700,troy,MI,2.0,1144069674.4406233,0.0,0.0,,1065743104.4436792,78326569.99694407
2684000,warren,MI,1.0,87520634.03924704,72.0,0.0,,7016598.280726886,80504035.75852016
2686000,westland,MI,1.0,64306761.56486616,0.0,11207630.0,,5252066.761124508,47847064.803741656
2688940,wyoming,MI,1.0,91723622.88059014,48.0,0.0,,33784244.82818831,57939378.052401826
2701900,apple valley,MN,1.0,12415193.143984929,0.0,657402.0,,5503234.06647932,6254557.07750561
2706382,blaine,MN,1.0,94826775.44308706,0.0,437629.0,,82190046.65097834,12199099.79210871
2706616,bloomington,MN,1.0,41024550.470326476,0.0,22432076.0,,5728400.1594803175,12864074.310846156
2707966,brooklyn park,MN,1.0,16319808.821372174,0.0,2347631.0,,4304872.156096083,9667305.66527609
2708794,burnsville,MN,1.0,20441558.902684614,0.0,3061844.0,,8134575.444222135,9245139.45846248
2713114,coon rapids,MN,1.0,64829582.95896544,0.0,0.0,,56450838.349021666,8378744.60994378
2717000,duluth,MN,3.0,370784943.5180056,96.8,133364008.0,,210854730.0,26566205.518005606
2717288,eagan,MN,2.0,51399424.014602914,38.0,29669031.0,,10170910.305472279,11559482.70913064
2718116,eden prairie,MN,1.0,19360056.080396768,0.0,1947536.0,,5364852.4818303855,12047667.598566381
2718188,edina,MN,1.0,18709430.22069432,0.0,10427593.0,,2551660.228525908,5730176.992168411
2735180,lakeville,MN,1.0,28619599.064659752,0.0,2891894.0,,12041852.183826268,13685852.880833486
2740166,maple grove,MN,1.0,20593837.78392473,0.0,3140475.0,,5377436.247900716,12075926.53602401
2743000,minneapolis,MN,1.0,112241584.87335551,0.0,83307047.0,,8914822.587641746,20019715.28571376
2743252,minnetonka,MN,1.0,19703047.096152905,0.0,5283092.0,,4442833.749985021,9977121.346167885
2751730,plymouth,MN,1.0,29780297.2842627,0.0,12252705.0,,5400306.591611707,12127285.692650992
2754880,rochester,MN,2.0,154002809.88834536,23.85,87000447.0,,46061013.0,20941349.88834537
2756896,st. cloud,MN,1.0,162581323.34462297,17.9,99215084.0,,48454289.0,14911950.344622985
2757220,st. louis park,MN,1.0,9410666.229636863,0.0,3718119.0,,1753891.7969281168,3938655.432708745
2758000,st. paul,MN,2.0,364870806.00761634,502.0,305170658.0,35422875.0,5009073.0,19268200.007616363
2771428,woodbury,MN,2.0,109501342.85330254,0.0,4033161.0,,92531570.0,12936611.85330254
2829700,gulfport,MS,1.0,247794945.99151772,15.5,38942673.0,,,208852272.99151772
2836000,jackson,MS,1.0,953115281.0084822,92.0,533764473.0,,,419350808.0084823
2906652,blue springs,MO,1.0,32920467.11101169,0.044,0.0,,229036.0121039772,32691431.098907713
2915670,columbia,MO,2.0,111318072.2224014,41.209,9402293.0,4895556.0,,97020223.2224014
2924778,florissant,MO,,122224616.59943417,,,,104132645.0,18091971.599434167
2935000,independence,MO,3.0,141237311.84405,20.02,18185408.0,9851176.0,787566.0811628166,112413161.76288716
2938000,kansas city,MO,21.0,545531031.9159884,161.9,88072308.0,703126.0,3177764.1641619704,453577833.7518265
2941348,lee's summit,MO,,121058703.51227161,,,28317393.0,645224.7425712358,92096085.76970038
2964082,st. charles,MO,1.0,63942209.09276359,15.08,16297925.0,10727235.0,591836.5444336373,36325212.54832995
2964550,st. joseph,MO,1.0,90438906.23914754,27.0,26965137.0,,,63473769.239147544
2965000,st. louis,MO,1.0,1475735366.5076852,350000251.4,847114748.0,539658373.0,,88962245.50768527
2965126,st. peters,MO,2.0,40715366.61715048,9.5,1592989.0,6192728.0,527912.4555663627,32401737.161584117
2970000,springfield,MO,,181296463.33809572,,,59381431.0,1981897.0,119933135.33809574
3006550,billings,MT,1.0,27256301.0,0.0,14819000.0,,12437301.0,
3032800,great falls,MT,2.0,641677.0,0.0,641677.0,,,
3050200,missoula,MT,1.0,4397571.0,25.0,2779316.0,1618255.0,,
3103950,bellevue,NE,1.0,111363829.69094583,0.0,11823231.0,25270675.0,,74269923.69094583
3119595,grand island,NE,1.0,258631303.01850563,13.8,157625117.0,,,101006186.01850562
3128000,lincoln,NE,3.0,445696958.27715033,77.24000000000001,110425331.0,,,335271627.27715033
3137000,omaha,NE,1.0,1609159734.0133982,101.4,1094405930.0,35236202.0,,479517602.0133983
3209700,carson,NV,,1247011.207103698,,,,,1247011.207103698
3231900,henderson,NV,,1039847.103959444,,,,,1039847.103959444
3240000,las vegas,NV,,1223959.5161883614,,,,,1223959.5161883614
3251800,north las vegas,NV,,908669.6405728963,,,,,908669.6405728963
3260600,reno,NV,2.0,36931140.78448477,88.0,35990774.0,,,940366.7844847688
3268400,sparks,NV,1.0,113786092.74769083,93.0,113471241.0,,,314851.7476908316
3345140,manchester,NH,1.0,586840073.1708055,88.0,383570988.0,75164894.0,128104191.1708055,
3350260,nashua,NH,1.0,437683814.8291945,32.0,294654512.0,23581656.0,119447646.82919449,
3403580,bayonne,NJ,2.0,423628513.78295064,0.0,339691355.0,30361077.0,27426943.066971008,26149138.715979643
3410000,camden,NJ,6.0,1221906252.3254128,160.0,1046854259.0,,134991246.0,40060747.32541281
3419390,east orange,NJ,2.0,42426726.13907875,0.0,17562113.0,1534526.0,5688016.369847561,17642070.769231193
3420260,edison,NJ,,0.0,,,,0.0,
3421000,elizabeth,NJ,5.0,615637201.3592417,290.0,554921859.0,,5381500.922078665,55333841.437163085
3432250,hoboken,NJ,5.0,403208425.5930731,61.6,385233961.0,6468578.0,5890152.583417657,5615734.009655497
3436000,jersey city,NJ,3.0,1110580777.070193,0.0,974852218.0,,69482861.34961134,66245697.72058176
3451000,newark,NJ,4.0,2141638489.1912546,736.0,1998224830.0,,34965117.630152434,108448541.56110215
3456550,passaic,NJ,1.0,54709661.734140195,0.0,3909020.0,,36727992.43107523,14072649.303064965
3457000,paterson,NJ,2.0,294274916.1135301,0.0,157854793.0,,98629408.56892477,37790714.544605315
3458200,perth amboy,NJ,3.0,303605141.6480521,0.0,252267663.0,,30396108.0,20941370.648052074
3459190,plainfield,NJ,1.0,46112410.3863316,0.0,3909020.0,12831926.0,2603338.077921334,26768126.308410265
3474000,trenton,NJ,2.0,147468512.480001,54.0,37056422.0,1722066.0,74523780.0,34166244.480000995
3476070,vineland,NJ,2.0,472693820.1767403,16.4,5941729.0,,159499181.0,307252910.1767403
3502000,albuquerque,NM,6.0,5207881390.4598465,0.0,1227340815.0,403360894.0,769637317.0,2807542364.4598465
3539380,las cruces,NM,1.0,1355735307.372348,13.5,15145029.0,11152953.0,176035982.0,1153401343.372348
3563460,rio rancho,NM,2.0,2500413750.7472215,16.9,49667923.0,6476357.0,894649266.0,1549620204.7472215
3570500,santa fe,NM,1.0,1000724308.4205841,26.0,70693611.0,11190749.0,135753283.0,783086665.4205841
3601000,albany,NY,2.0,56576784.42295733,50.0,42974483.0,7709928.0,,5892373.422957334
3611000,buffalo,NY,4.0,216132813.05742416,720.0,196806273.0,6369474.0,1840950.0,11116116.057424147
3633139,hempstead,NY,,26500976.820163928,,,,25484929.0,1016047.8201639268
3649121,mount vernon,NY,2.0,3594384.8282619724,0.0,2385244.0,,,1209140.8282619726
3650617,new rochelle,NY,2.0,162209584.1109035,30.24,158152350.0,1225503.0,,2831731.1109035052
3651000,new york,NY,16.0,35925369795.03319,5630.0,31015599557.0,4827055308.0,,82714930.0331867
3663000,rochester,NY,4.0,68958700.34808902,470.0,57544267.0,1569419.0,,9845014.348089028
3665508,schenectady,NY,2.0,17241160.852168687,18.5,14265845.0,,,2975315.8521686867
3673000,syracuse,NY,2.0,185413978.88516068,160.0,169561894.0,7242356.0,1711006.0,6898722.8851606995
3675484,troy,NY,1.0,9221585.20904528,0.0,5119399.0,1250807.0,,2851379.209045279
3676540,utica,NY,3.0,134954546.1408504,108.0,127533944.0,2817017.0,,4603585.140850386
3681677,white plains,NY,,2680489.0439826087,,,,,2680489.0439826087
3684000,yonkers,NY,3.0,670002290.2478057,290.0,655599901.0,9445489.0,,4956900.247805717
3702140,asheville,NC,1.0,229656414.26145384,0.0,0.0,15920112.0,187486237.0,26250065.261453833
3709060,burlington,NC,1.0,114058143.5627224,0.0,27514432.0,5773987.0,63130231.0,17639493.5627224
3710740,cary,NC,2.0,512113780.1125552,49.6,272584961.0,132206904.0,72605254.04495555,34716661.06759967
3711800,chapel hill,NC,1.0,102554767.57776202,27.0,24934405.0,,65116526.0,12503836.577762024
3712000,charlotte,NC,5.0,4505509332.851174,210.0,3999852497.0,,326232480.0,179424355.85117444
3714100,concord,NC,1.0,87644491.82019538,0.0,12392483.0,9744183.0,28536883.482105505,36970942.33808987
3719000,durham,NC,3.0,258890937.96905237,80.0,169853398.0,,21626853.0,67410686.96905237
3722920,fayetteville,NC,1.0,362720293.5884319,50.0,147028373.0,32246255.0,97840800.0,85604865.5884319
3725580,gastonia,NC,1.0,102391680.15737835,12.0,0.0,4736193.0,67016004.0,30639483.157378342
3728000,greensboro,NC,3.0,452480505.8498283,112.0,297180587.0,,78011923.47538139,77287995.37444691
3728080,greenville,NC,2.0,171438645.4988153,35.0,49627724.0,36629166.0,63564580.0,21617175.498815313
3731400,high point,NC,2.0,160978784.77761135,52.0,82195980.0,12274314.0,33409259.52461862,33099231.252992716
3734200,jacksonville,NC,1.0,201500071.70615664,1.0,51539288.0,16260360.0,105523090.0,28177333.706156638
3735200,kannapolis,NC,1.0,68316592.68229021,0.0,31964660.0,985770.0,15406404.517894497,19959758.164395716
3755000,raleigh,NC,1.0,341735017.6242734,0.0,74989583.0,,180458203.95504442,86287230.669229
3757500,rocky mount,NC,1.0,65246817.124380365,0.0,0.0,25079832.0,14367901.0,25799084.12438037
3774440,wilmington,NC,1.0,780874863.0272235,48.0,236784129.0,10241669.0,504163997.0,29685068.027223513
3775000,winston-salem,NC,1.0,168867504.808695,0.0,23521511.0,,68217821.0,77128172.80869499
3807200,bismarck,ND,,525014115.40562314,,,9467475.0,12212283.0,503334357.40562314
3825700,fargo,ND,1.0,849129200.5943769,0.0,39171382.0,48254208.0,24025418.0,737678192.5943769
3901000,akron,OH,1.0,579672708.8633226,310.0,334339479.0,,121312592.60091187,124020637.26241072
3912000,canton,OH,2.0,337326941.8127631,78.0,73022625.0,,211225366.0,53078950.8127631
3915000,cincinnati,OH,3.0,1300933309.3997025,1183.6,1047499773.0,52923723.0,44485834.0,156023979.39970246
3916000,cleveland,OH,3.0,1649068379.0246372,1290.0,1219114182.0,,274288563.09652126,155665633.92811587
3918000,columbus,OH,7.0,4409130210.612971,897.7740000000001,3517087167.0,377900911.0,72138867.0,442003265.612971
3919778,cuyahoga falls,OH,2.0,108678217.85748062,0.0,6492900.0,,50528686.39908813,51656631.45839248
3921000,dayton,OH,2.0,652445906.4215204,334.0,536934648.0,,3747880.3004240612,111763378.12109622
3925256,elyria,OH,1.0,325973464.39954734,26.0,234353886.0,,50472063.15212972,41147515.24741766
3940040,kettering,OH,1.0,140196064.8051151,86.0,101462630.0,,1256745.699575939,37476689.10553916
3941664,lakewood,OH,1.0,223456001.71809536,92.0,192800175.0,,19556833.540016577,11098993.178078774
3944856,lorain,OH,3.0,126086772.96175662,40.8,20829484.0,,57984904.84787028,47272384.11388633
3949840,middletown,OH,,53984736.04147398,,,1557086.0,,52427650.04147398
3961000,parma,OH,1.0,582417661.650927,0.0,471671263.0,,70650480.36346215,40095918.28746476
3974118,springfield,OH,2.0,184657667.8062281,50.034,86052745.0,,45256910.0,53348012.8062281
3977000,toledo,OH,3.0,231423097.50681826,204.0,7085903.0,,63160012.0,161177182.50681826
3988000,youngstown,OH,4.0,271295934.11764115,151.1,203353751.0,,,67942183.11764114
4023200,edmond,OK,3.0,83543006.6421285,35.36,33817466.0,,31463022.249568157,18262518.392560333
4023950,enid,OK,2.0,376354407.09900796,17.2,0.0,,360364530.0,15989877.099007955
4041850,lawton,OK,,344303070.1909671,,,,326691291.0,17611779.19096709
404720,avondale,AZ,1.0,24160877.929986507,9.0,23822095.0,273262.0,65520.92998650826,
4048350,midwest city,OK,1.0,17697582.758606423,24.6,3330614.0,,9090464.414738147,5276504.343868275
4052500,norman,OK,1.0,367364298.6803511,124.0,24002674.0,,304726090.0,38635534.68035108
4055000,oklahoma city,OK,6.0,504656661.97850764,176.0,147527136.0,,225967864.3356937,131161661.6428139
4075000,tulsa,OK,2.0,539379529.6504314,85.0,275766533.0,,220842919.0,42770077.65043137
4105350,beaverton,OR,1.0,18189818.94185278,0.0,13928921.0,,4258436.1278984845,2461.813954291916
4105800,bend,OR,2.0,82401133.11946772,14.2,35070140.0,3409854.0,43916777.0,4362.119467726177
4115800,corvallis,OR,1.0,173064562.13425148,19.4,131169726.0,26147885.0,15745130.0,1821.1342514633084
412000,chandler,AZ,4.0,197894179.97018757,45.0,191914577.0,5889713.0,89889.97018756375,
4123850,eugene,OR,3.0,55422406.81539007,273.0,39404253.0,,16012582.460425045,5571.354965026233
4131250,gresham,OR,1.0,8371029.219317216,0.0,2116512.0,,6251569.279035505,2947.9402817117652
4134100,hillsboro,OR,3.0,149423281.35780594,207.1,102029589.0,41787180.0,5603273.089805224,3239.2680007151484
4147000,medford,OR,,25196530.304961476,,,1367766.0,23825211.0,3553.304961475267
4159000,portland,OR,2.0,965580285.3042612,535.0,882395000.0,640741.0,82527812.50326079,16731.801000373613
4164900,salem,OR,2.0,51130445.177877724,0.0,0.0,,51124312.0,6133.1778777236805
4169600,springfield,OR,2.0,65732582.62481444,0.0,58510906.0,1500000.0,5719686.539574954,1990.0852394928902
4202000,allentown,PA,1.0,1076518805.1245837,80.0,698885490.0,1226435.0,376308632.0,98248.1245838226
4206088,bethlehem,PA,1.0,427354493.83060896,40.0,42946034.0,7992904.0,376308632.0,106923.83060894348
4224000,erie,PA,,381775360.42388487,,,3194362.0,378473983.0,107015.42388487147
4232800,harrisburg,PA,,2244838939.753882,,,35307146.0,2209486380.0,45413.75388187677
423620,flagstaff,AZ,6.0,150176181.0,20.7,150150896.0,,25285.0,
4241216,lancaster,PA,,2636036751.8444815,,,1754138.0,2634242187.0,40426.844481247375
4260000,philadelphia,PA,3.0,3012500441.1931076,1044.0,2635440270.0,,376308632.0,751539.193107432
4261000,pittsburgh,PA,4.0,3028053334.742492,500.8,2497465298.0,126504401.0,403773874.0,309761.7424922499
4263624,reading,PA,,2590585007.9232783,,,,2590529950.0,55057.923278171016
4269000,scranton,PA,,2197359995.1636815,,,,2197218434.0,141561.16368138546
427400,gilbert,AZ,4.0,206422527.95433238,41.0,161095048.0,45233449.0,94030.9543323775,
427820,glendale,AZ,5.0,139785767.62359264,16.0,139693841.0,,91926.62359264394,
439370,lake havasu city,AZ,5.0,38733510.0,8.2,22460818.0,15700428.0,572264.0,
4419180,cranston,RI,4.0,102440931.72028062,40.4,42176218.0,,60264713.72028061,
4454640,pawtucket,RI,4.0,32684082.89122774,0.0,14256753.0,,18427329.89122774,
4459000,providence,RI,4.0,490024082.38849163,156.0,437813197.0,13078121.0,39132764.38849166,
446000,mesa,AZ,6.0,186485209.5496303,26.0,186291591.0,,193618.54963031615,
4474300,warwick,RI,7.0,228916818.0,7.7,146214244.0,,82702574.0,
4513330,charleston,SC,3.0,290077049.49330044,73.0,155317264.0,,27160802.05113714,107598983.44216332
4516000,columbia,SC,,151861665.21437114,,,,22554862.0,129306803.21437116
4530850,greenville,SC,1.0,269553379.2346289,0.0,37817067.0,66781124.0,136826043.0,28129145.23462892
454050,peoria,AZ,4.0,171469890.00430542,16.25,132993444.0,38234467.0,241979.00430543194,
455000,phoenix,AZ,9.0,1781974017.7278223,580.0,1781264187.0,,709830.7278222489,
4550875,north charleston,SC,1.0,90929556.05769947,0.0,0.0,,18326829.948862858,72602726.1088366
465000,scottsdale,AZ,6.0,256536872.21165267,67.2,256284888.0,,251984.21165265376,
4652980,rapid city,SD,,237302719.9708924,,,,,237302719.9708924
4659020,sioux falls,SD,,356907230.0291076,,,,648407.0,356258823.0291076
4703440,bartlett,TN,2.0,14101220.370276654,5.4,0.0,,,14101220.370276654
4714000,chattanooga,TN,2.0,459203412.5915392,500.8,353065443.0,43982069.0,,62155900.591539204
471510,surprise,AZ,5.0,60588388.27110218,17.8,54919800.0,5517257.0,151331.27110217916,
4715160,clarksville,TN,1.0,43552544.09458619,50.0,0.0,,,43552544.09458619
4716420,collierville,TN,1.0,18408014.41305887,12.0,2382500.0,,,16025514.41305887
473000,tempe,AZ,4.0,121840129.75738807,0.0,121785378.0,,54751.75738807664,
4733280,hendersonville,TN,1.0,13832841.604882289,0.0,0.0,,,13832841.604882289
4737640,jackson,TN,2.0,32226175.16138086,50.8,6579905.0,,,25646270.16138086
4740000,knoxville,TN,3.0,43109858.1473355,130.2,0.0,,,43109858.1473355
4748000,memphis,TN,3.0,1277074521.598728,450.0,1147742327.0,,,129332194.59872794
4751560,murfreesboro,TN,1.0,28065571.184676513,66.0,0.0,,,28065571.184676513
4752006,nashville-davidson county,TN,8.0,1324656714.833536,673.0,1104821284.0,,,219835430.83353597
477000,tucson,AZ,6.0,451435107.0,127.8,442778400.0,,8656707.0,
4801000,abilene,TX,,33455895.774149742,,,,33455895.774149742,
4801924,allen,TX,1.0,11644832.8040225,0.0,0.0,,11644832.8040225,
4803000,amarillo,TX,2.0,508669.0,0.0,0.0,,508669.0,
4804000,arlington,TX,3.0,10040562.611656949,0.0,9670785.0,,369777.6116569493,
4805000,austin,TX,12.0,1678500314.4524877,457.78,737704815.0,351477953.0,589317546.4524877,
4806128,baytown,TX,5.0,46470688.38761211,36.4,35405523.0,,11065165.387612112,
4807000,beaumont,TX,4.0,3455925.0,64.914,0.0,,3455925.0,
4810768,brownsville,TX,5.0,225058066.0,47.7,102210078.0,,122847988.0,
4810912,bryan,TX,2.0,17194418.937603198,16.12,0.0,,17194418.937603198,
4813024,carrollton,TX,1.0,1361490.9333886195,0.0,0.0,,1361490.9333886195,
4815976,college station,TX,3.0,16045838.288247056,27.016,0.0,,16045838.288247056,
4817000,corpus christi,TX,8.0,27473173.0,105.4,0.0,,27473173.0,
4819000,dallas,TX,8.0,960530130.8253839,810.5999999999999,562356922.0,,398173208.82538384,
4819972,denton,TX,1.0,25957060.12507126,44.272,0.0,,25957060.12507126,
4820092,desoto,TX,2.0,803674.1298770721,0.0,0.0,,803674.1298770721,
4822660,edinburg,TX,3.0,168925577.8097806,11.8,53170190.0,,115755387.80978061,
4824000,el paso,TX,3.0,54118755.0,178.86,0.0,,54118755.0,
4824768,euless,TX,1.0,62139.405771371385,0.0,0.0,,62139.405771371385,
4826232,flower mound,TX,2.0,11232278.016549395,20.5,0.0,,11232278.016549395,
4827000,fort worth,TX,5.0,270543199.98257166,332.0,269191787.0,,1351412.9825716792,
4827684,frisco,TX,3.0,18368408.433889005,10.6,0.0,,18368408.433889005,
4828068,galveston,TX,6.0,142895436.0,39.44,47759771.0,,95135665.0,
4829000,garland,TX,4.0,2111919.7571843956,49.22,0.0,,2111919.7571843956,
4830464,grand prairie,TX,1.0,2693413.5433784537,0.0,0.0,,2693413.5433784537,
4835000,houston,TX,105.0,3924231971.877817,1223.79,3107750037.0,,816481934.8778174,
4837000,irving,TX,2.0,2487902.12719391,0.0,0.0,,2487902.12719391,
4839148,killeen,TX,3.0,64831948.43000048,48.0,27562500.0,,37269448.43000048,
4841464,laredo,TX,9.0,162405270.0,74.604,161249260.0,947239.0,208771.0,
4841980,league city,TX,3.0,112790105.77970992,24.32,0.0,,112790105.77970992,
4842508,lewisville,TX,2.0,10888376.966008622,40.0,0.0,,10888376.966008622,
4843888,longview,TX,1.0,34963136.0,0.0,0.0,,34963136.0,
4845000,lubbock,TX,2.0,29611115.0,10.0,0.0,,29611115.0,
4845384,mcallen,TX,4.0,161336995.42558992,36.8,0.0,,161336995.42558992,
4845744,mckinney,TX,1.0,29534678.58575321,0.0,0.0,,29534678.58575321,
4847892,mesquite,TX,2.0,1823874.5139915312,0.0,0.0,,1823874.5139915312,
4848072,midland,TX,,1779035.0,,,,1779035.0,
4848804,missouri city,TX,14.0,76766514.40964058,21.7,70853449.0,,5913065.409640573,
4853388,odessa,TX,,116269545.0,,,,116269545.0,
485540,yuma,AZ,2.0,108054424.0,6.6,99913653.0,8115890.0,24881.0,
4856000,pasadena,TX,4.0,122309764.32492983,48.0,110373201.0,,11936563.324929835,
4856348,pearland,TX,9.0,249129443.2202901,28.3,142132035.0,,106997408.2202901,
4857200,pharr,TX,,61434918.76462945,,,,61434918.76462945,
4858016,plano,TX,1.0,31623443.348195765,0.0,0.0,,31623443.348195765,
4861796,richardson,TX,3.0,1060919.8901124243,9.5,0.0,,1060919.8901124243,
4863500,round rock,TX,2.0,27583362.547512237,43.0,7006210.0,,20577152.547512237,
4864472,san angelo,TX,,8425346.0,,,,8425346.0,
4865000,san antonio,TX,13.0,282233400.0,616.53,36650792.0,,245582608.0,
4872176,temple,TX,1.0,49763023.56999952,15.0,0.0,,49763023.56999952,
4874144,tyler,TX,1.0,274518369.0,20.0,270043799.0,,4474570.0,
4876000,waco,TX,4.0,130142833.0,0.0,11271133.0,,118871700.0,
4943660,layton,UT,1.0,72944095.59910724,0.0,30700425.0,42200081.0,,43589.59910722925
4945860,logan,UT,1.0,53238853.36307256,36.0,28054306.0,22064521.0,3085147.0,34879.363072555985
4955980,ogden,UT,1.0,143649862.67942446,0.0,33381826.0,103556362.0,6658445.0,53229.679424462855
4957300,orem,UT,,27626605.86193997,,,24660780.0,2929854.807766807,35971.054173163866
4962470,provo,UT,2.0,360232005.727095,42.0,248601287.0,104987238.0,6562905.192233194,80575.53486177677
4967000,salt lake city,UT,1.0,1260563577.1568627,96.0,1055116970.0,204864064.0,368284.0041366229,214259.15272624145
4967440,sandy,UT,2.0,80615464.0733027,0.0,57220130.0,23268088.0,80445.01567737166,46801.057625323214
4975360,taylorsville,UT,1.0,38213583.78043667,0.0,22990062.0,15166547.0,36019.477744824944,20955.30269184574
4982950,west jordan,UT,2.0,380651725.26576126,50.0,327178618.0,53301924.0,108222.12537052401,62961.14039077195
4983470,west valley city,UT,1.0,65328577.49299729,0.0,32362733.0,32777633.0,118987.37707065647,69224.1159266289
5101000,alexandria,VA,2.0,648146552.4951595,108.0,474416125.0,163611628.0,,10118799.495159509
5116000,chesapeake,VA,1.0,901596053.6578856,0.0,71825303.0,558624538.0,41839460.0,229306752.6578855
5135000,hampton,VA,2.0,484954218.2751357,0.0,38560393.0,411029683.0,499128.0,34865014.27513572
5156000,newport news,VA,3.0,1324929722.486075,45.0,761765005.0,516419464.0,,46745253.486074865
5157000,norfolk,VA,5.0,1529656456.2417781,98.0,967333096.0,526229196.0,,36094164.24177803
5164000,portsmouth,VA,1.0,437562919.8206754,0.0,83416254.0,331585247.0,,22561418.820675388
5167000,richmond,VA,1.0,830659449.1714907,140.0,411774268.0,952181.0,377333355.0,40599645.17149064
5168000,roanoke,VA,,38037444.057767704,,,4361652.0,4867351.0,28808441.057767704
5176432,suffolk,VA,2.0,1344674316.0388355,60.0,634957495.0,439278140.0,,270438681.03883564
5182000,virginia beach,VA,3.0,1342399859.755197,78.0,415578161.0,761022878.0,,165798820.75519702
523290,fayetteville,AR,2.0,299583430.59554744,20.0,24378745.0,13404328.0,114160811.0,147639546.59554744
5303180,auburn,WA,1.0,138451643.4988081,0.0,5553325.0,2004545.0,130893773.49880809,
5305210,bellevue,WA,2.0,284104474.1095687,0.0,135992574.0,,148111900.1095687,
5305280,bellingham,WA,3.0,336768085.0,60.0,46242464.0,57737399.0,232788222.0,
5322640,everett,WA,2.0,912310859.0,62.6,68390036.0,4979081.0,838941742.0,
5323515,federal way,WA,2.0,115348072.40398449,31.2,0.0,16529967.0,98818105.40398449,
5335415,kent,WA,2.0,149895512.3232958,0.0,167239.0,,149728273.3232958,
5351300,olympia,WA,3.0,999134737.0,39.0,213847543.0,16934394.0,768352800.0,
535710,jonesboro,AR,2.0,425720581.3333241,29.9,70860771.0,130460022.0,8205308.0,216194480.33332404
5357535,redmond,WA,1.0,75746810.8207695,0.0,0.0,2429334.0,73317476.8207695,
5357745,renton,WA,3.0,2061976383.53421,244.0,1904244474.0,53553174.0,104178735.5342099,
5363000,seattle,WA,2.0,4508144710.309363,215.0,3621713800.0,514685362.0,371745548.3093635,
5367000,spokane,WA,2.0,268025471.0,109.68,135455572.0,32047098.0,100522801.0,
5370000,tacoma,WA,3.0,2071402397.0,237.2,502542533.0,430161243.0,1138698621.0,
5374060,vancouver,WA,3.0,303861084.0,47.56,152050346.0,28263372.0,123547366.0,
5380010,yakima,WA,1.0,166539413.0,21.5,25448962.0,5236614.0,135853837.0,
541000,little rock,AR,3.0,674816479.5725567,112.0,348193858.0,,2301428.2951477882,324321193.277409
5502375,appleton,WI,2.0,253352925.23168382,131.0,60870290.0,,70979329.0,121503306.23168382
550450,north little rock,AR,4.0,220616804.24670565,54.2,76572137.0,,1014958.7048522115,143029708.54185346
5531000,green bay,WI,3.0,913147749.7041761,108.4,509989287.0,107695814.0,77297845.0,218164803.7041761
5539225,kenosha,WI,1.0,181008373.89429656,57.2,0.0,3643852.0,39961656.0,137402865.89429656
5540775,la crosse,WI,2.0,171297194.6498636,40.0,9057499.0,11675799.0,46416282.0,104147614.64986359
5548000,madison,WI,2.0,586277093.2788224,0.0,24033183.0,62527639.0,101137815.0,398578456.2788224
5553000,milwaukee,WI,5.0,2437678083.326849,690.0,1556566873.0,253404.0,419511908.0,461345898.32684886
5560500,oshkosh,WI,2.0,205505034.60352975,40.0,30718543.0,12100894.0,32825184.0,129860413.60352975
5566000,racine,WI,1.0,315324339.80530506,72.0,186867595.0,10524149.0,43712110.0,74220485.80530508
5584250,waukesha,WI,1.0,335505817.5054739,28.0,73273855.0,538055.0,139256899.0,122437008.5054739
560410,rogers,AR,1.0,666949940.251866,28.0,280350130.0,1308589.0,280411613.0,104879608.25186603
5613900,cheyenne,WY,2.0,19602980.0,13.0,14256866.0,,5346114.0,
600562,alameda,CA,1.0,87236259.41754459,0.0,11439082.0,1992012.0,51601656.679664634,22203508.737879954
602000,anaheim,CA,3.0,360097353.63948375,0.0,205728212.0,,47010055.524087474,107359086.11539626
602252,antioch,CA,2.0,164434662.8803649,50.6,101751947.0,399429.0,,62283286.88036488
603526,bakersfield,CA,3.0,355122321.6319667,126.8,34274732.0,,,320847589.6319667
603666,baldwin park,CA,,14450913.011333784,,,,290677.44651510037,14160235.564818684
606000,berkeley,CA,,74036166.13655004,,,,51763163.25887814,22273002.87767189
611194,carlsbad,CA,5.0,340538945.83184594,91.02,236394843.0,9878964.0,13533011.013783015,80732127.81806295
611530,carson,CA,1.0,2680264424.3936515,1075.0,2639450950.0,,820955.5002408123,39992518.89341047
612048,cathedral city,CA,,71237310.53116038,,,,23248831.361071542,47988479.170088835
613210,chino,CA,5.0,489013636.73842317,15.0,408318395.0,,17551680.05932764,63143561.67909553
613392,chula vista,CA,1.0,131129836.1409114,0.0,7383131.0,,17765480.901467197,105981224.2394442
614890,colton,CA,2.0,171509181.00324133,50.4,128866723.0,,9274980.329600189,33367477.673641134
615044,compton,CA,,21847368.73871534,,,,439455.7875383312,21407912.95117701
616532,costa mesa,CA,4.0,129513373.04113673,0.0,80989170.0,,14777082.096843617,33747120.94429311
621712,el cajon,CA,1.0,41952985.14724167,0.0,2092207.0,3688306.0,5193038.169047958,30979433.97819371
622020,elk grove,CA,,112743474.85221724,,,,21786108.730790887,90957366.12142636
622230,el monte,CA,,20824355.779353924,,,,418878.0707846693,20405477.708569255
622678,encinitas,CA,2.0,56018302.75520529,10.5,6216106.0,2296714.0,6820042.163074622,40685440.59213067
622804,escondido,CA,1.0,114306460.60068013,18.0,14819973.0,6378860.0,13366834.923299681,79740792.67738044
623182,fairfield,CA,1.0,140358728.35250682,55.7,36484123.0,,15084018.696505884,88790586.65600093
624680,fontana,CA,1.0,121185800.64965071,0.0,3098639.0,,25684638.099322885,92402523.55032782
626000,fremont,CA,,554308308.703074,,,,387550476.6985072,166757832.00456676
627000,fresno,CA,3.0,532578427.50119793,69.0,250490228.0,,34804831.0,247283368.50119793
628168,gardena,CA,,12701313.730477108,,,,255484.58008616223,12445829.150390945
629000,garden grove,CA,1.0,77666883.41548584,0.0,22549969.0,,16784761.380869415,38332153.034616426
629504,gilroy,CA,2.0,73860247.7534566,0.0,8368144.0,829565.0,29357574.354820497,35304964.398636095
632548,hawthorne,CA,,13264175.039063513,,,,266806.43136252963,12997368.607700983
633000,hayward,CA,1.0,380257498.4066387,18.5,55078000.0,,227352662.12215704,97826836.28448166
636546,inglewood,CA,,19757002.662112407,,,,397408.45994372363,19359594.202168684
636770,irvine,CA,3.0,347061912.8961632,56.0,145628688.0,,61342487.14603593,140090737.7501273
640004,la mesa,CA,1.0,50725849.96279046,0.0,17560081.0,10500024.0,3253968.328251318,19411776.634539146
640130,lancaster,CA,1.0,230963842.26234135,0.0,24820094.0,709896.0,4132263.9999662004,201301588.26237515
641992,livermore,CA,1.0,248186547.50437903,20.9,54184650.0,5429097.0,131842654.31422949,56730146.19014953
643000,long beach,CA,1.0,165795116.88463187,85.0,55383972.0,,2220899.789286835,108190245.09534505
644000,los angeles,CA,6.0,2115520412.5775204,1248.0,1078956288.0,11340785.0,20622178.143508993,1004601161.4340113
645022,madera,CA,2.0,133030398.99710159,14.0,16355915.0,74598619.0,,42075864.99710159
645484,manteca,CA,1.0,64655324.637787975,19.74,0.0,,18921426.61569821,45733898.022089764
646898,merced,CA,1.0,106066288.93067895,12.0,28415037.0,947168.0,27054004.0,49650079.93067895
647766,milpitas,CA,1.0,125347732.91016704,0.0,69787193.0,2842995.0,23934402.73671727,28783142.17344977
648354,modesto,CA,3.0,157518461.19828442,30.5,29393358.0,1873148.0,33678828.068785995,92573127.12949842
648914,monterey park,CA,1.0,22011629.6490219,0.0,4479754.0,814900.0,336258.8779893502,16380716.771032551
649270,moreno valley,CA,1.0,193593260.51131546,22.5,30967626.0,,53074097.31712177,109551537.19419369
650258,napa,CA,,81153958.93877958,,,42620662.0,,38533296.93877958
650398,national city,CA,1.0,22547926.089633107,0.0,4229750.0,,2629817.1502790223,15688358.939354086
653000,oakland,CA,4.0,750736627.9991874,449.0,353555951.0,,277693042.4633507,119487634.53583653
653322,oceanside,CA,2.0,298855794.7383685,21.0,192673914.0,3300704.0,14769957.538543765,88111219.19982474
653896,ontario,CA,2.0,610597581.1437206,44.0,474210737.0,,29664924.48800917,106721919.6557115
653980,orange,CA,1.0,93448801.4788091,0.0,12360849.0,2289047.0,23996641.31350368,54802264.16530542
654652,oxnard,CA,2.0,216499092.07918152,90.45,152594635.0,7228898.0,,56675559.07918153
655156,palmdale,CA,2.0,405720776.8944005,49.5,127229650.0,47384441.0,4648668.307370247,226458017.58703026
656000,pasadena,CA,2.0,63038188.75036283,0.0,13010419.0,,1006299.3497003041,49021470.40066253
656700,perris,CA,,100039511.38543825,,,,32648645.945535887,67390865.43990237
656784,petaluma,CA,1.0,56735839.338389024,49.400000000000006,25958968.0,,,30776871.338389028
656924,pico rivera,CA,,18118731.207691047,,,,364454.932184177,17754276.27550687
657792,pleasanton,CA,2.0,351309939.45577645,97.9,179974862.0,,119790719.17309256,51544358.28268393
658072,pomona,CA,2.0,152771793.091654,45.0,102690429.0,,1007377.3899778948,49073986.701676115
659451,rancho cucamonga,CA,2.0,360673417.59155965,14.0,233767632.0,,27602739.621264443,99303045.97029516
660018,redondo beach,CA,1.0,36995678.623681545,0.0,14061761.0,9429541.0,271638.0418781344,13232738.58180341
660466,rialto,CA,1.0,65736083.35534739,11.7,0.0,,14297976.913513312,51438106.44183408
660620,richmond,CA,3.0,293310737.5690525,157.0,229167114.0,,,64143623.5690525
662000,riverside,CA,3.0,455570248.5221472,58.16,198370299.0,,83939135.37627082,173260814.14587638
664000,sacramento,CA,2.0,1670284219.27751,0.0,1409217722.0,,50447470.26920912,210619027.00830084
664224,salinas,CA,2.0,113369076.70086464,0.0,2780655.0,60381805.0,,50206616.70086464
665000,san bernardino,CA,3.0,468729582.24133795,33.0,299283228.0,,36855558.429380745,132590795.8119572
666000,san diego,CA,7.0,6859907306.058371,290.62,6026376265.0,20594573.0,116707812.79349396,696228655.2648767
667000,san francisco,CA,6.0,6513338971.9460745,215.4,6332361656.0,,81268749.0,99708566.94607416
668000,san jose,CA,4.0,1109230196.308547,167.0,413396293.0,,315917004.63343865,379916898.67510855
668084,san leandro,CA,1.0,94558152.18344513,1.9,0.0,,66111325.37443945,28446826.809005678
668196,san marcos,CA,,61256765.19472977,,,,8794221.154522264,52462544.040207505
668364,san rafael,CA,3.0,193843508.28506026,30.92,136231079.0,6425935.0,15771528.0,35414966.28506025
668378,san ramon,CA,,42828529.3981333,,,,,42828529.3981333
669000,santa ana,CA,2.0,182381459.83737567,0.0,98335580.0,,25594503.12260626,58451376.71476941
669070,santa barbara,CA,2.0,196423814.72905165,57.2,126598666.0,4903734.0,23310592.47967919,41610822.24937244
669084,santa clara,CA,1.0,71471020.47276723,0.0,0.0,,32448707.36894784,39022313.103819385
669196,santa maria,CA,1.0,77095364.29720029,13.5,1109750.0,,27283288.520320814,48702325.77687948
670224,santee,CA,1.0,74884615.25723976,4.0,33656806.0,,5918798.865269176,35309010.39197059
672016,simi valley,CA,1.0,120154417.70184149,12.5,31036081.0,422361.0,,88695975.70184149
675000,stockton,CA,2.0,190447874.7226269,110.0,0.0,,55734705.62351441,134713169.09911248
677000,sunnyvale,CA,2.0,693305112.0202187,29.5,607038002.0,,39166310.906075716,47100799.11414297
680000,torrance,CA,1.0,53265157.464309506,0.0,8561926.0,,899197.2453801136,43804034.218929395
680238,tracy,CA,1.0,118469574.74547352,10.8,36441236.0,2530808.0,23265008.760787383,56232521.984686136
680812,turlock,CA,1.0,53401789.7945607,20.0,3257785.0,1234245.0,13047111.931214001,35862647.8633467
681204,union city,CA,1.0,953598986.0609329,33.0,815928312.0,,96253897.91568078,41416776.1452521
681344,upland,CA,1.0,42523342.67609849,0.0,0.0,,9249072.059581615,33274270.616516873
681554,vacaville,CA,1.0,87474588.6667091,15.0,12864440.0,,10834417.84080447,63775730.825904615
681666,vallejo,CA,2.0,85002172.77217521,91.0,8980948.0,,11039325.46268965,64981899.309485555
682996,vista,CA,2.0,88298432.40230924,0.0,41563719.0,,6709387.998968041,40025325.4033412
684550,westminster,CA,2.0,34353616.75424463,0.0,3533168.0,,9385755.416053621,21434693.338191014
684816,west sacramento,CA,,45840261.15248732,,,,,45840261.15248732
685292,whittier,CA,1.0,51296245.406715184,0.0,19377352.0,,642042.6462864229,31276850.760428756
686328,woodland,CA,1.0,58888974.811534785,20.8,10330068.0,15860370.0,,32698536.811534785
803455,arvada,CO,4.0,211255295.5964619,0.0,44900000.0,,160902622.07314005,5452673.523321838
804000,aurora,CO,3.0,312250329.441628,5.26,289384570.0,,60000.0,22805759.441627964
807850,boulder,CO,2.0,398056594.55035406,0.006,480000.0,292405616.0,101408398.01252377,3762580.537830309
816000,colorado springs,CO,8.0,915761526.4717032,95.33,654364276.0,,233154965.0,28242285.47170318
820000,denver,CO,3.0,2986718203.9065747,0.06,2965302434.0,,,21415769.90657458
827425,fort collins,CO,7.0,483508497.4132023,38.0,209216315.0,164069286.0,102215534.97913358,8007361.434068686
832155,greeley,CO,2.0,311915989.11306715,14.7,305000000.0,,,6915989.1130671725
843000,lakewood,CO,13.0,361892755.9836543,0.0,176400800.0,,179412034.85126832,6079921.132386021
845970,longmont,CO,3.0,311234201.39943886,13.0,197680000.0,,109491703.98747623,4062497.411962642
846465,loveland,CO,,68217610.98835328,,,,63261807.020866424,4955803.967486854
862000,pueblo,CO,3.0,134702060.72148335,19.0,71500000.0,,55299050.0,7903010.721483336
877290,thornton,CO,2.0,86146968.84774446,4.2,81039826.0,,,5107142.847744472
883835,westminster,CO,3.0,1052247011.5663345,11.9,917289170.0,,130534291.07559162,4423550.49074294
908000,bridgeport,CT,2.0,1378522378.106196,84.0,1376690223.0,,,1832155.1061959509
908420,bristol,CT,1.0,57728697.01770613,21.5,54717844.0,,,3010853.017706132
918430,danbury,CT,1.0,41440348.595813006,31.0,36214051.0,432837.0,,4793460.595813004
937000,hartford,CT,2.0,1935278851.2216864,120.0,1835012283.0,98284429.0,,1982139.221686372
946450,meriden,CT,1.0,12742757.683297884,23.2,6252094.0,3783971.0,,2706692.6832978833
950370,new britain,CT,1.0,109035400.43105285,0.0,104392917.0,3114715.0,,1527768.4310528538
952000,new haven,CT,1.0,665727929.3659608,80.0,663596316.0,,,2131613.3659607843
955990,norwalk,CT,1.0,119054679.46871807,18.0,74691220.0,41753265.0,,2610194.4687180724
973000,stamford,CT,3.0,48320893.8763084,48.0,41170606.0,2858828.0,,4291459.876308395
980000,waterbury,CT,1.0,368423030.54299176,54.1,360928090.0,4238047.0,,3256893.542991785
982800,west haven,CT,1.0,109146811.69026877,25.0,105516106.0,2404651.0,,1226054.6902687685
