state_abb,year,population_k
AL,1900,1830.0
AL,1901,1907.0
AL,1902,1935.0
AL,1903,1957.0
AL,1904,1978.0
AL,1905,2012.0
AL,1906,2045.0
AL,1907,2058.0
AL,1908,2070.0
AL,1909,2108.0
AL,1910,2150.0
AL,1911,2185.0
AL,1912,2217.0
AL,1913,2279.0
AL,1914,2336.0
AL,1915,2345.0
AL,1916,2359.0
AL,1917,2361.0
AL,1918,2343.0
AL,1919,2337.0
AL,1920,2359.0
AL,1921,2402.0
AL,1922,2434.0
AL,1923,2464.0
AL,1924,2501.0
AL,1925,2534.0
AL,1926,2567.0
AL,1927,2609.0
AL,1928,2640.0
AL,1929,2644.0
AL,1930,2647.0
AL,1931,2649.0
AL,1932,2653.0
AL,1933,2661.0
AL,1934,2685.0
AL,1935,2719.0
AL,1936,2743.0
AL,1937,2762.0
AL,1938,2787.0
AL,1939,2814.0
AL,1940,2845.0
AL,1941,2902.0
AL,1942,2941.0
AL,1943,2902.0
AL,1944,2802.0
AL,1945,2775.0
AL,1946,2911.0
AL,1947,2942.0
AL,1948,2969.0
AL,1949,3000.0
AL,1950,3058.0
AL,1951,3059.0
AL,1952,3068.0
AL,1953,3053.0
AL,1954,3014.0
AL,1955,3050.0
AL,1956,3071.0
AL,1957,3109.0
AL,1958,3163.0
AL,1959,3204.0
AL,1960,3274.0
AL,1961,3316.0
AL,1962,3323.0
AL,1963,3358.0
AL,1964,3395.0
AL,1965,3443.0
AL,1966,3464.0
AL,1967,3458.0
AL,1968,3446.0
AL,1969,3440.0
AL,1970,3444.354
AL,1971,3497.076
AL,1972,3539.4
AL,1973,3579.78
AL,1974,3626.499
AL,1975,3678.814
AL,1976,3735.139
AL,1977,3780.403
AL,1978,3831.836
AL,1979,3866.248
AL,1980,3900.368
AL,1981,3918.531
AL,1982,3925.266
AL,1983,3934.102
AL,1984,3951.82
AL,1985,3972.523
AL,1986,3991.569
AL,1987,4015.264
AL,1988,4023.844
AL,1989,4030.222
AL,1990,4048.508
AL,1991,4091.025
AL,1992,4139.269
AL,1993,4193.114
AL,1994,4232.965
AL,1995,4262.731
AL,1996,4290.403
AL,1997,4320.281
AL,1998,4351.037
AL,1999,4369.862
AL,2000,4452.173
AL,2001,4467.634
AL,2002,4480.089
AL,2003,4503.491
AL,2004,4530.729
AL,2005,4569.805
AL,2006,4628.981
AL,2007,4672.84
AL,2008,4718.206
AL,2009,4757.938
AL,2010,4785.514
AL,2011,4799.642
AL,2012,4816.632
AL,2013,4831.586
AL,2014,4843.737
AL,2015,4854.803
AL,2016,4866.824
AL,2017,4877.989
AL,2018,4891.628
AL,2019,4907.965
AL,2020,5033.094
AL,2021,5049.196
AL,2022,5076.181
AL,2023,5117.673
AL,2024,5157.699
AK,1950,135.0
AK,1951,158.0
AK,1952,189.0
AK,1953,205.0
AK,1954,215.0
AK,1955,222.0
AK,1956,224.0
AK,1957,231.0
AK,1958,224.0
AK,1959,224.0
AK,1960,229.0
AK,1961,238.0
AK,1962,246.0
AK,1963,256.0
AK,1964,263.0
AK,1965,271.0
AK,1966,271.0
AK,1967,278.0
AK,1968,285.0
AK,1969,296.0
AK,1970,302.583
AK,1971,315.51
AK,1972,324.464
AK,1973,330.543
AK,1974,341.063
AK,1975,376.17
AK,1976,400.969
AK,1977,403.436
AK,1978,404.766
AK,1979,402.753
AK,1980,405.315
AK,1981,418.491
AK,1982,449.606
AK,1983,488.417
AK,1984,513.702
AK,1985,532.495
AK,1986,544.268
AK,1987,539.309
AK,1988,541.983
AK,1989,547.159
AK,1990,553.12
AK,1991,569.273
AK,1992,587.073
AK,1993,596.993
AK,1994,600.624
AK,1995,601.345
AK,1996,604.918
AK,1997,608.846
AK,1998,615.205
AK,1999,619.5
AK,2000,627.963
AK,2001,633.714
AK,2002,642.337
AK,2003,648.414
AK,2004,659.286
AK,2005,666.946
AK,2006,675.302
AK,2007,680.3
AK,2008,687.455
AK,2009,698.895
AK,2010,713.982
AK,2011,722.349
AK,2012,730.81
AK,2013,737.626
AK,2014,737.075
AK,2015,738.43
AK,2016,742.575
AK,2017,740.983
AK,2018,736.624
AK,2019,733.603
AK,2020,733.017
AK,2021,734.42
AK,2022,734.442
AK,2023,736.51
AK,2024,740.133
AZ,1900,124.0
AZ,1901,131.0
AZ,1902,138.0
AZ,1903,144.0
AZ,1904,151.0
AZ,1905,158.0
AZ,1906,167.0
AZ,1907,176.0
AZ,1908,186.0
AZ,1909,196.0
AZ,1910,206.0
AZ,1911,212.0
AZ,1912,217.0
AZ,1913,236.0
AZ,1914,253.0
AZ,1915,263.0
AZ,1916,282.0
AZ,1917,311.0
AZ,1918,320.0
AZ,1919,329.0
AZ,1920,340.0
AZ,1921,351.0
AZ,1922,360.0
AZ,1923,371.0
AZ,1924,382.0
AZ,1925,393.0
AZ,1926,403.0
AZ,1927,414.0
AZ,1928,422.0
AZ,1929,430.0
AZ,1930,434.0
AZ,1931,429.0
AZ,1932,426.0
AZ,1933,426.0
AZ,1934,428.0
AZ,1935,434.0
AZ,1936,443.0
AZ,1937,453.0
AZ,1938,466.0
AZ,1939,484.0
AZ,1940,499.0
AZ,1941,490.0
AZ,1942,524.0
AZ,1943,692.0
AZ,1944,610.0
AZ,1945,594.0
AZ,1946,616.0
AZ,1947,653.0
AZ,1948,690.0
AZ,1949,714.0
AZ,1950,756.0
AZ,1951,785.0
AZ,1952,842.0
AZ,1953,894.0
AZ,1954,933.0
AZ,1955,987.0
AZ,1956,1053.0
AZ,1957,1125.0
AZ,1958,1193.0
AZ,1959,1261.0
AZ,1960,1321.0
AZ,1961,1407.0
AZ,1962,1471.0
AZ,1963,1521.0
AZ,1964,1556.0
AZ,1965,1584.0
AZ,1966,1614.0
AZ,1967,1646.0
AZ,1968,1682.0
AZ,1969,1737.0
AZ,1970,1775.399
AZ,1971,1895.814
AZ,1972,2008.291
AZ,1973,2124.438
AZ,1974,2223.196
AZ,1975,2284.847
AZ,1976,2346.157
AZ,1977,2425.197
AZ,1978,2515.316
AZ,1979,2635.571
AZ,1980,2737.774
AZ,1981,2810.107
AZ,1982,2889.861
AZ,1983,2968.925
AZ,1984,3067.135
AZ,1985,3183.538
AZ,1986,3308.262
AZ,1987,3437.103
AZ,1988,3535.183
AZ,1989,3622.185
AZ,1990,3679.056
AZ,1991,3762.394
AZ,1992,3867.333
AZ,1993,3993.39
AZ,1994,4147.561
AZ,1995,4306.908
AZ,1996,4432.308
AZ,1997,4552.207
AZ,1998,4667.277
AZ,1999,4778.332
AZ,2000,5160.586
AZ,2001,5273.477
AZ,2002,5396.255
AZ,2003,5510.364
AZ,2004,5652.404
AZ,2005,5839.077
AZ,2006,6029.141
AZ,2007,6167.681
AZ,2008,6280.362
AZ,2009,6343.154
AZ,2010,6407.342
AZ,2011,6473.416
AZ,2012,6556.344
AZ,2013,6634.69
AZ,2014,6732.873
AZ,2015,6832.81
AZ,2016,6944.767
AZ,2017,7048.088
AZ,2018,7164.228
AZ,2019,7291.843
AZ,2020,7187.135
AZ,2021,7274.078
AZ,2022,7377.566
AZ,2023,7473.027
AZ,2024,7582.384
AR,1900,1314.0
AR,1901,1341.0
AR,1902,1360.0
AR,1903,1384.0
AR,1904,1419.0
AR,1905,1447.0
AR,1906,1465.0
AR,1907,1484.0
AR,1908,1513.0
AR,1909,1545.0
AR,1910,1583.0
AR,1911,1610.0
AR,1912,1636.0
AR,1913,1664.0
AR,1914,1688.0
AR,1915,1702.0
AR,1916,1719.0
AR,1917,1737.0
AR,1918,1749.0
AR,1919,1742.0
AR,1920,1756.0
AR,1921,1769.0
AR,1922,1772.0
AR,1923,1784.0
AR,1924,1800.0
AR,1925,1812.0
AR,1926,1826.0
AR,1927,1840.0
AR,1928,1847.0
AR,1929,1852.0
AR,1930,1859.0
AR,1931,1848.0
AR,1932,1836.0
AR,1933,1854.0
AR,1934,1878.0
AR,1935,1890.0
AR,1936,1892.0
AR,1937,1903.0
AR,1938,1928.0
AR,1939,1948.0
AR,1940,1955.0
AR,1941,1969.0
AR,1942,1977.0
AR,1943,1843.0
AR,1944,1768.0
AR,1945,1762.0
AR,1946,1797.0
AR,1947,1836.0
AR,1948,1825.0
AR,1949,1844.0
AR,1950,1908.0
AR,1951,1901.0
AR,1952,1838.0
AR,1953,1780.0
AR,1954,1734.0
AR,1955,1725.0
AR,1956,1704.0
AR,1957,1733.0
AR,1958,1726.0
AR,1959,1756.0
AR,1960,1789.0
AR,1961,1806.0
AR,1962,1853.0
AR,1963,1875.0
AR,1964,1897.0
AR,1965,1894.0
AR,1966,1899.0
AR,1967,1901.0
AR,1968,1902.0
AR,1969,1913.0
AR,1970,1923.322
AR,1971,1972.312
AR,1972,2018.638
AR,1973,2059.256
AR,1974,2101.403
AR,1975,2159.526
AR,1976,2170.161
AR,1977,2209.01
AR,1978,2243.127
AR,1979,2271.333
AR,1980,2288.738
AR,1981,2293.201
AR,1982,2294.257
AR,1983,2305.761
AR,1984,2319.768
AR,1985,2327.046
AR,1986,2331.984
AR,1987,2342.355
AR,1988,2342.656
AR,1989,2346.358
AR,1990,2354.343
AR,1991,2370.666
AR,1992,2394.098
AR,1993,2423.743
AR,1994,2450.605
AR,1995,2480.121
AR,1996,2504.858
AR,1997,2524.007
AR,1998,2538.202
AR,1999,2551.373
AR,2000,2678.588
AR,2001,2691.571
AR,2002,2705.927
AR,2003,2724.816
AR,2004,2749.686
AR,2005,2781.097
AR,2006,2821.761
AR,2007,2848.65
AR,2008,2874.554
AR,2009,2896.843
AR,2010,2921.998
AR,2011,2941.038
AR,2012,2952.876
AR,2013,2960.459
AR,2014,2968.759
AR,2015,2979.732
AR,2016,2991.815
AR,2017,3003.855
AR,2018,3012.161
AR,2019,3020.985
AR,2020,3014.546
AR,2021,3026.87
AR,2022,3047.704
AR,2023,3069.463
AR,2024,3088.354
CA,1900,1490.0
CA,1901,1550.0
CA,1902,1623.0
CA,1903,1702.0
CA,1904,1792.0
CA,1905,1893.0
CA,1906,1976.0
CA,1907,2054.0
CA,1908,2161.0
CA,1909,2282.0
CA,1910,2406.0
CA,1911,2534.0
CA,1912,2668.0
CA,1913,2811.0
CA,1914,2934.0
CA,1915,3008.0
CA,1916,3071.0
CA,1917,3171.0
CA,1918,3262.0
CA,1919,3339.0
CA,1920,3554.0
CA,1921,3795.0
CA,1922,3991.0
CA,1923,4270.0
CA,1924,4541.0
CA,1925,4730.0
CA,1926,4929.0
CA,1927,5147.0
CA,1928,5344.0
CA,1929,5531.0
CA,1930,5711.0
CA,1931,5824.0
CA,1932,5894.0
CA,1933,5963.0
CA,1934,6060.0
CA,1935,6175.0
CA,1936,6341.0
CA,1937,6528.0
CA,1938,6656.0
CA,1939,6785.0
CA,1940,6950.0
CA,1941,7237.0
CA,1942,7735.0
CA,1943,8506.0
CA,1944,8945.0
CA,1945,9344.0
CA,1946,9559.0
CA,1947,9832.0
CA,1948,10064.0
CA,1949,10337.0
CA,1950,10677.0
CA,1951,11134.0
CA,1952,11635.0
CA,1953,12251.0
CA,1954,12746.0
CA,1955,13133.0
CA,1956,13713.0
CA,1957,14264.0
CA,1958,14880.0
CA,1959,15467.0
CA,1960,15870.0
CA,1961,16497.0
CA,1962,17072.0
CA,1963,17668.0
CA,1964,18151.0
CA,1965,18585.0
CA,1966,18858.0
CA,1967,19176.0
CA,1968,19394.0
CA,1969,19711.0
CA,1970,19971.069
CA,1971,20345.939
CA,1972,20585.469
CA,1973,20868.728
CA,1974,21173.865
CA,1975,21537.849
CA,1976,21935.909
CA,1977,22352.396
CA,1978,22835.958
CA,1979,23256.88
CA,1980,23800.8
CA,1981,24285.933
CA,1982,24820.009
CA,1983,25360.026
CA,1984,25844.393
CA,1985,26441.109
CA,1986,27102.237
CA,1987,27777.158
CA,1988,28464.249
CA,1989,29218.164
CA,1990,29950.111
CA,1991,30414.114
CA,1992,30875.92
CA,1993,31147.208
CA,1994,31317.179
CA,1995,31493.525
CA,1996,31780.829
CA,1997,32217.708
CA,1998,32682.794
CA,1999,33145.121
CA,2000,33987.977
CA,2001,34479.458
CA,2002,34871.843
CA,2003,35253.159
CA,2004,35574.576
CA,2005,35827.943
CA,2006,36021.202
CA,2007,36250.311
CA,2008,36604.337
CA,2009,36961.229
CA,2010,37319.55
CA,2011,37636.311
CA,2012,37944.551
CA,2013,38253.768
CA,2014,38586.706
CA,2015,38904.296
CA,2016,39149.186
CA,2017,39337.785
CA,2018,39437.463
CA,2019,39437.61
CA,2020,39521.958
CA,2021,39142.565
CA,2022,39142.414
CA,2023,39198.693
CA,2024,39431.263
CO,1900,543.0
CO,1901,581.0
CO,1902,621.0
CO,1903,652.0
CO,1904,659.0
CO,1905,680.0
CO,1906,707.0
CO,1907,733.0
CO,1908,757.0
CO,1909,775.0
CO,1910,804.0
CO,1911,821.0
CO,1912,832.0
CO,1913,835.0
CO,1914,846.0
CO,1915,868.0
CO,1916,892.0
CO,1917,910.0
CO,1918,906.0
CO,1919,938.0
CO,1920,937.0
CO,1921,961.0
CO,1922,965.0
CO,1923,984.0
CO,1924,1014.0
CO,1925,1019.0
CO,1926,1016.0
CO,1927,1028.0
CO,1928,1014.0
CO,1929,1008.0
CO,1930,1040.0
CO,1931,1056.0
CO,1932,1066.0
CO,1933,1071.0
CO,1934,1075.0
CO,1935,1078.0
CO,1936,1090.0
CO,1937,1104.0
CO,1938,1112.0
CO,1939,1120.0
CO,1940,1130.0
CO,1941,1124.0
CO,1942,1113.0
CO,1943,1153.0
CO,1944,1137.0
CO,1945,1116.0
CO,1946,1203.0
CO,1947,1237.0
CO,1948,1263.0
CO,1949,1295.0
CO,1950,1325.0
CO,1951,1326.0
CO,1952,1365.0
CO,1953,1431.0
CO,1954,1493.0
CO,1955,1546.0
CO,1956,1625.0
CO,1957,1664.0
CO,1958,1667.0
CO,1959,1710.0
CO,1960,1769.0
CO,1961,1844.0
CO,1962,1899.0
CO,1963,1936.0
CO,1964,1970.0
CO,1965,1985.0
CO,1966,2007.0
CO,1967,2053.0
CO,1968,2120.0
CO,1969,2166.0
CO,1970,2209.596
CO,1971,2303.524
CO,1972,2404.619
CO,1973,2495.868
CO,1974,2541.406
CO,1975,2586.192
CO,1976,2632.306
CO,1977,2696.14
CO,1978,2766.748
CO,1979,2849.234
CO,1980,2908.803
CO,1981,2977.898
CO,1982,3061.564
CO,1983,3133.63
CO,1984,3169.992
CO,1985,3208.723
CO,1986,3237.45
CO,1987,3260.48
CO,1988,3262.281
CO,1989,3275.818
CO,1990,3303.862
CO,1991,3367.567
CO,1992,3459.995
CO,1993,3560.884
CO,1994,3653.91
CO,1995,3738.061
CO,1996,3812.716
CO,1997,3891.293
CO,1998,3968.967
CO,1999,4056.133
CO,2000,4326.921
CO,2001,4425.687
CO,2002,4490.406
CO,2003,4528.732
CO,2004,4575.013
CO,2005,4631.888
CO,2006,4720.423
CO,2007,4803.868
CO,2008,4889.73
CO,2009,4972.195
CO,2010,5047.539
CO,2011,5121.9
CO,2012,5193.66
CO,2013,5270.774
CO,2014,5352.637
CO,2015,5454.328
CO,2016,5543.844
CO,2017,5617.421
CO,2018,5697.155
CO,2019,5758.486
CO,2020,5787.129
CO,2021,5814.036
CO,2022,5850.935
CO,2023,5901.339
CO,2024,5957.493
CT,1900,910.0
CT,1901,931.0
CT,1902,952.0
CT,1903,972.0
CT,1904,987.0
CT,1905,1010.0
CT,1906,1033.0
CT,1907,1057.0
CT,1908,1077.0
CT,1909,1097.0
CT,1910,1122.0
CT,1911,1149.0
CT,1912,1176.0
CT,1913,1208.0
CT,1914,1233.0
CT,1915,1258.0
CT,1916,1294.0
CT,1917,1327.0
CT,1918,1329.0
CT,1919,1359.0
CT,1920,1391.0
CT,1921,1415.0
CT,1922,1431.0
CT,1923,1455.0
CT,1924,1481.0
CT,1925,1506.0
CT,1926,1531.0
CT,1927,1557.0
CT,1928,1577.0
CT,1929,1594.0
CT,1930,1613.0
CT,1931,1628.0
CT,1932,1637.0
CT,1933,1642.0
CT,1934,1650.0
CT,1935,1666.0
CT,1936,1672.0
CT,1937,1678.0
CT,1938,1684.0
CT,1939,1696.0
CT,1940,1708.0
CT,1941,1746.0
CT,1942,1792.0
CT,1943,1792.0
CT,1944,1778.0
CT,1945,1769.0
CT,1946,1906.0
CT,1947,1967.0
CT,1948,2014.0
CT,1949,2032.0
CT,1950,2016.0
CT,1951,2028.0
CT,1952,2081.0
CT,1953,2168.0
CT,1954,2249.0
CT,1955,2300.0
CT,1956,2316.0
CT,1957,2359.0
CT,1958,2446.0
CT,1959,2523.0
CT,1960,2544.0
CT,1961,2586.0
CT,1962,2647.0
CT,1963,2727.0
CT,1964,2798.0
CT,1965,2857.0
CT,1966,2903.0
CT,1967,2935.0
CT,1968,2964.0
CT,1969,3000.0
CT,1970,3032.217
CT,1971,3060.938
CT,1972,3068.699
CT,1973,3067.814
CT,1974,3074.047
CT,1975,3082.5
CT,1976,3083.335
CT,1977,3085.722
CT,1978,3091.627
CT,1979,3095.917
CT,1980,3113.174
CT,1981,3128.836
CT,1982,3139.013
CT,1983,3162.354
CT,1984,3180.014
CT,1985,3201.131
CT,1986,3223.74
CT,1987,3247.291
CT,1988,3271.953
CT,1989,3283.403
CT,1990,3289.056
CT,1991,3288.64
CT,1992,3274.997
CT,1993,3272.325
CT,1994,3268.346
CT,1995,3265.293
CT,1996,3267.03
CT,1997,3268.514
CT,1998,3272.563
CT,1999,3282.031
CT,2000,3411.777
CT,2001,3432.835
CT,2002,3458.749
CT,2003,3484.336
CT,2004,3496.094
CT,2005,3506.956
CT,2006,3517.46
CT,2007,3527.27
CT,2008,3545.579
CT,2009,3561.807
CT,2010,3579.173
CT,2011,3588.632
CT,2012,3595.211
CT,2013,3595.792
CT,2014,3595.697
CT,2015,3588.561
CT,2016,3579.83
CT,2017,3575.324
CT,2018,3574.561
CT,2019,3566.022
CT,2020,3579.918
CT,2021,3606.607
CT,2022,3617.925
CT,2023,3643.023
CT,2024,3675.069
DE,1900,185.0
DE,1901,187.0
DE,1902,188.0
DE,1903,190.0
DE,1904,192.0
DE,1905,194.0
DE,1906,196.0
DE,1907,197.0
DE,1908,199.0
DE,1909,201.0
DE,1910,203.0
DE,1911,207.0
DE,1912,209.0
DE,1913,213.0
DE,1914,216.0
DE,1915,217.0
DE,1916,219.0
DE,1917,222.0
DE,1918,220.0
DE,1919,221.0
DE,1920,219.0
DE,1921,216.0
DE,1922,214.0
DE,1923,215.0
DE,1924,219.0
DE,1925,222.0
DE,1926,225.0
DE,1927,229.0
DE,1928,233.0
DE,1929,236.0
DE,1930,239.0
DE,1931,242.0
DE,1932,245.0
DE,1933,248.0
DE,1934,250.0
DE,1935,252.0
DE,1936,253.0
DE,1937,254.0
DE,1938,257.0
DE,1939,263.0
DE,1940,269.0
DE,1941,275.0
DE,1942,279.0
DE,1943,282.0
DE,1944,285.0
DE,1945,286.0
DE,1946,299.0
DE,1947,305.0
DE,1948,312.0
DE,1949,316.0
DE,1950,321.0
DE,1951,331.0
DE,1952,341.0
DE,1953,351.0
DE,1954,368.0
DE,1955,389.0
DE,1956,408.0
DE,1957,426.0
DE,1958,433.0
DE,1959,441.0
DE,1960,449.0
DE,1961,461.0
DE,1962,469.0
DE,1963,483.0
DE,1964,497.0
DE,1965,507.0
DE,1966,516.0
DE,1967,525.0
DE,1968,534.0
DE,1969,540.0
DE,1970,548.104
DE,1971,564.708
DE,1972,572.913
DE,1973,577.759
DE,1974,581.418
DE,1975,586.589
DE,1976,590.166
DE,1977,591.829
DE,1978,594.776
DE,1979,594.984
DE,1980,594.919
DE,1981,595.975
DE,1982,599.148
DE,1983,605.458
DE,1984,611.565
DE,1985,618.28
DE,1986,627.559
DE,1987,636.947
DE,1988,647.622
DE,1989,658.273
DE,1990,669.063
DE,1991,680.495
DE,1992,690.158
DE,1993,699.475
DE,1994,708.416
DE,1995,718.265
DE,1996,727.09
DE,1997,735.024
DE,1998,744.066
DE,1999,753.538
DE,2000,786.373
DE,2001,795.699
DE,2002,806.169
DE,2003,818.003
DE,2004,830.803
DE,2005,845.15
DE,2006,859.268
DE,2007,871.749
DE,2008,883.874
DE,2009,891.73
DE,2010,899.647
DE,2011,907.59
DE,2012,915.518
DE,2013,924.062
DE,2014,933.131
DE,2015,942.065
DE,2016,949.989
DE,2017,957.942
DE,2018,966.985
DE,2019,976.668
DE,2020,991.928
DE,2021,1005.062
DE,2022,1020.625
DE,2023,1036.423
DE,2024,1051.917
FL,1900,530.0
FL,1901,544.0
FL,1902,565.0
FL,1903,587.0
FL,1904,599.0
FL,1905,615.0
FL,1906,628.0
FL,1907,645.0
FL,1908,684.0
FL,1909,724.0
FL,1910,756.0
FL,1911,773.0
FL,1912,801.0
FL,1913,828.0
FL,1914,871.0
FL,1915,922.0
FL,1916,924.0
FL,1917,895.0
FL,1918,865.0
FL,1919,898.0
FL,1920,962.0
FL,1921,997.0
FL,1922,1044.0
FL,1923,1097.0
FL,1924,1160.0
FL,1925,1264.0
FL,1926,1368.0
FL,1927,1418.0
FL,1928,1433.0
FL,1929,1445.0
FL,1930,1471.0
FL,1931,1493.0
FL,1932,1521.0
FL,1933,1552.0
FL,1934,1585.0
FL,1935,1613.0
FL,1936,1651.0
FL,1937,1709.0
FL,1938,1771.0
FL,1939,1836.0
FL,1940,1915.0
FL,1941,2017.0
FL,1942,2151.0
FL,1943,2451.0
FL,1944,2420.0
FL,1945,2465.0
FL,1946,2440.0
FL,1947,2528.0
FL,1948,2578.0
FL,1949,2668.0
FL,1950,2810.0
FL,1951,2980.0
FL,1952,3157.0
FL,1953,3310.0
FL,1954,3505.0
FL,1955,3747.0
FL,1956,4047.0
FL,1957,4372.0
FL,1958,4630.0
FL,1959,4808.0
FL,1960,5004.0
FL,1961,5243.0
FL,1962,5458.0
FL,1963,5628.0
FL,1964,5781.0
FL,1965,5954.0
FL,1966,6104.0
FL,1967,6242.0
FL,1968,6433.0
FL,1969,6641.0
FL,1970,6791.418
FL,1971,7158.304
FL,1972,7511.463
FL,1973,7913.696
FL,1974,8298.762
FL,1975,8518.422
FL,1976,8667.379
FL,1977,8856.183
FL,1978,9102.032
FL,1979,9426.159
FL,1980,9839.835
FL,1981,10192.774
FL,1982,10471.407
FL,1983,10749.851
FL,1984,11039.925
FL,1985,11351.118
FL,1986,11667.505
FL,1987,11997.283
FL,1988,12306.395
FL,1989,12637.715
FL,1990,13018.365
FL,1991,13289.497
FL,1992,13504.775
FL,1993,13713.593
FL,1994,13961.798
FL,1995,14185.403
FL,1996,14426.911
FL,1997,14683.35
FL,1998,14908.23
FL,1999,15111.244
FL,2000,16047.515
FL,2001,16356.966
FL,2002,16689.37
FL,2003,17004.085
FL,2004,17415.318
FL,2005,17842.038
FL,2006,18166.99
FL,2007,18367.842
FL,2008,18527.305
FL,2009,18652.644
FL,2010,18846.143
FL,2011,19055.607
FL,2012,19302.016
FL,2013,19551.678
FL,2014,19853.88
FL,2015,20219.111
FL,2016,20627.237
FL,2017,20977.089
FL,2018,21254.926
FL,2019,21492.056
FL,2020,21592.035
FL,2021,21831.949
FL,2022,22379.312
FL,2023,22904.868
FL,2024,23372.215
GA,1900,2220.0
GA,1901,2263.0
GA,1902,2305.0
GA,1903,2346.0
GA,1904,2387.0
GA,1905,2427.0
GA,1906,2466.0
GA,1907,2505.0
GA,1908,2543.0
GA,1909,2580.0
GA,1910,2618.0
GA,1911,2644.0
GA,1912,2676.0
GA,1913,2733.0
GA,1914,2776.0
GA,1915,2810.0
GA,1916,2856.0
GA,1917,2885.0
GA,1918,2941.0
GA,1919,2870.0
GA,1920,2926.0
GA,1921,2965.0
GA,1922,2965.0
GA,1923,2954.0
GA,1924,2920.0
GA,1925,2883.0
GA,1926,2869.0
GA,1927,2891.0
GA,1928,2903.0
GA,1929,2903.0
GA,1930,2910.0
GA,1931,2924.0
GA,1932,2935.0
GA,1933,2950.0
GA,1934,2964.0
GA,1935,2955.0
GA,1936,2978.0
GA,1937,3037.0
GA,1938,3091.0
GA,1939,3120.0
GA,1940,3119.0
GA,1941,3179.0
GA,1942,3209.0
GA,1943,3245.0
GA,1944,3176.0
GA,1945,3119.0
GA,1946,3242.0
GA,1947,3272.0
GA,1948,3259.0
GA,1949,3325.0
GA,1950,3458.0
GA,1951,3531.0
GA,1952,3584.0
GA,1953,3558.0
GA,1954,3602.0
GA,1955,3636.0
GA,1956,3701.0
GA,1957,3766.0
GA,1958,3804.0
GA,1959,3868.0
GA,1960,3956.0
GA,1961,4015.0
GA,1962,4086.0
GA,1963,4172.0
GA,1964,4258.0
GA,1965,4332.0
GA,1966,4379.0
GA,1967,4408.0
GA,1968,4482.0
GA,1969,4551.0
GA,1970,4587.93
GA,1971,4711.55
GA,1972,4809.49
GA,1973,4910.374
GA,1974,4999.419
GA,1975,5064.075
GA,1976,5132.812
GA,1977,5219.697
GA,1978,5295.751
GA,1979,5401.384
GA,1980,5486.174
GA,1981,5568.345
GA,1982,5649.792
GA,1983,5728.25
GA,1984,5834.954
GA,1985,5962.661
GA,1986,6084.666
GA,1987,6208.467
GA,1988,6316.142
GA,1989,6411.099
GA,1990,6506.531
GA,1991,6621.279
GA,1992,6759.474
GA,1993,6894.092
GA,1994,7045.9
GA,1995,7188.538
GA,1996,7332.225
GA,1997,7486.094
GA,1998,7636.522
GA,1999,7788.24
GA,2000,8227.303
GA,2001,8377.038
GA,2002,8508.256
GA,2003,8622.793
GA,2004,8769.252
GA,2005,8925.922
GA,2006,9155.813
GA,2007,9349.988
GA,2008,9504.843
GA,2009,9620.846
GA,2010,9712.209
GA,2011,9803.63
GA,2012,9903.58
GA,2013,9975.592
GA,2014,10071.204
GA,2015,10183.353
GA,2016,10308.442
GA,2017,10417.031
GA,2018,10519.389
GA,2019,10628.02
GA,2020,10732.888
GA,2021,10792.06
GA,2022,10931.805
GA,2023,11064.432
GA,2024,11180.878
HI,1950,498.0
HI,1951,514.0
HI,1952,517.0
HI,1953,510.0
HI,1954,505.0
HI,1955,539.0
HI,1956,559.0
HI,1957,584.0
HI,1958,605.0
HI,1959,622.0
HI,1960,642.0
HI,1961,659.0
HI,1962,684.0
HI,1963,682.0
HI,1964,700.0
HI,1965,704.0
HI,1966,710.0
HI,1967,723.0
HI,1968,734.0
HI,1969,750.0
HI,1970,769.913
HI,1971,801.644
HI,1972,828.331
HI,1973,851.595
HI,1974,867.978
HI,1975,886.16
HI,1976,904.191
HI,1977,918.259
HI,1978,931.584
HI,1979,953.306
HI,1980,967.71
HI,1981,978.195
HI,1982,993.78
HI,1983,1012.717
HI,1984,1027.922
HI,1985,1039.698
HI,1986,1051.762
HI,1987,1067.918
HI,1988,1079.828
HI,1989,1094.588
HI,1990,1112.703
HI,1991,1131.412
HI,1992,1149.926
HI,1993,1161.508
HI,1994,1173.903
HI,1995,1180.49
HI,1996,1184.434
HI,1997,1189.322
HI,1998,1190.472
HI,1999,1185.497
HI,2000,1213.519
HI,2001,1225.948
HI,2002,1239.613
HI,2003,1251.154
HI,2004,1273.569
HI,2005,1292.729
HI,2006,1309.731
HI,2007,1315.675
HI,2008,1332.213
HI,2009,1346.717
HI,2010,1364.004
HI,2011,1379.562
HI,2012,1395.199
HI,2013,1408.822
HI,2014,1415.335
HI,2015,1422.999
HI,2016,1428.885
HI,2017,1425.763
HI,2018,1423.102
HI,2019,1415.615
HI,2020,1451.252
HI,2021,1447.029
HI,2022,1440.359
HI,2023,1441.387
HI,2024,1446.146
ID,1900,163.0
ID,1901,176.0
ID,1902,199.0
ID,1903,216.0
ID,1904,229.0
ID,1905,246.0
ID,1906,262.0
ID,1907,277.0
ID,1908,291.0
ID,1909,311.0
ID,1910,329.0
ID,1911,343.0
ID,1912,359.0
ID,1913,371.0
ID,1914,384.0
ID,1915,394.0
ID,1916,405.0
ID,1917,413.0
ID,1918,405.0
ID,1919,424.0
ID,1920,433.0
ID,1921,435.0
ID,1922,436.0
ID,1923,436.0
ID,1924,434.0
ID,1925,436.0
ID,1926,441.0
ID,1927,447.0
ID,1928,449.0
ID,1929,447.0
ID,1930,447.0
ID,1931,454.0
ID,1932,459.0
ID,1933,464.0
ID,1934,473.0
ID,1935,481.0
ID,1936,495.0
ID,1937,507.0
ID,1938,513.0
ID,1939,521.0
ID,1940,522.0
ID,1941,501.0
ID,1942,478.0
ID,1943,500.0
ID,1944,529.0
ID,1945,507.0
ID,1946,509.0
ID,1947,522.0
ID,1948,551.0
ID,1949,570.0
ID,1950,590.0
ID,1951,589.0
ID,1952,587.0
ID,1953,596.0
ID,1954,600.0
ID,1955,618.0
ID,1956,628.0
ID,1957,642.0
ID,1958,646.0
ID,1959,657.0
ID,1960,671.0
ID,1961,684.0
ID,1962,692.0
ID,1963,683.0
ID,1964,680.0
ID,1965,686.0
ID,1966,689.0
ID,1967,688.0
ID,1968,695.0
ID,1969,707.0
ID,1970,713.015
ID,1971,738.753
ID,1972,763.237
ID,1973,782.074
ID,1974,807.99
ID,1975,831.982
ID,1976,856.983
ID,1977,883.469
ID,1978,910.69
ID,1979,932.627
ID,1980,947.983
ID,1981,962.204
ID,1982,973.721
ID,1983,981.869
ID,1984,990.839
ID,1985,994.051
ID,1986,990.224
ID,1987,984.997
ID,1988,985.664
ID,1989,994.416
ID,1990,1011.882
ID,1991,1038.915
ID,1992,1066.49
ID,1993,1101.204
ID,1994,1135.459
ID,1995,1165.0
ID,1996,1187.706
ID,1997,1210.638
ID,1998,1230.923
ID,1999,1251.7
ID,2000,1299.43
ID,2001,1319.962
ID,2002,1340.372
ID,2003,1363.38
ID,2004,1391.802
ID,2005,1428.241
ID,2006,1468.669
ID,2007,1505.105
ID,2008,1534.32
ID,2009,1554.439
ID,2010,1570.819
ID,2011,1584.272
ID,2012,1595.91
ID,2013,1612.053
ID,2014,1632.248
ID,2015,1652.495
ID,2016,1684.036
ID,2017,1719.745
ID,2018,1752.074
ID,2019,1789.06
ID,2020,1849.415
ID,2021,1904.848
ID,2022,1944.299
ID,2023,1971.122
ID,2024,2001.619
IL,1900,4828.0
IL,1901,4914.0
IL,1902,4992.0
IL,1903,5071.0
IL,1904,5161.0
IL,1905,5241.0
IL,1906,5309.0
IL,1907,5384.0
IL,1908,5474.0
IL,1909,5567.0
IL,1910,5668.0
IL,1911,5757.0
IL,1912,5828.0
IL,1913,5961.0
IL,1914,6109.0
IL,1915,6194.0
IL,1916,6274.0
IL,1917,6313.0
IL,1918,6275.0
IL,1919,6392.0
IL,1920,6663.0
IL,1921,6858.0
IL,1922,6958.0
IL,1923,7068.0
IL,1924,7215.0
IL,1925,7306.0
IL,1926,7395.0
IL,1927,7519.0
IL,1928,7576.0
IL,1929,7606.0
IL,1930,7644.0
IL,1931,7687.0
IL,1932,7736.0
IL,1933,7768.0
IL,1934,7772.0
IL,1935,7797.0
IL,1936,7840.0
IL,1937,7857.0
IL,1938,7866.0
IL,1939,7890.0
IL,1940,7905.0
IL,1941,7995.0
IL,1942,8057.0
IL,1943,7761.0
IL,1944,7719.0
IL,1945,7601.0
IL,1946,8155.0
IL,1947,8341.0
IL,1948,8552.0
IL,1949,8670.0
IL,1950,8738.0
IL,1951,8790.0
IL,1952,8956.0
IL,1953,9065.0
IL,1954,9252.0
IL,1955,9435.0
IL,1956,9530.0
IL,1957,9668.0
IL,1958,9886.0
IL,1959,9986.0
IL,1960,10086.0
IL,1961,10130.0
IL,1962,10280.0
IL,1963,10402.0
IL,1964,10580.0
IL,1965,10693.0
IL,1966,10836.0
IL,1967,10947.0
IL,1968,10995.0
IL,1969,11039.0
IL,1970,11110.285
IL,1971,11202.397
IL,1972,11251.948
IL,1973,11251.367
IL,1974,11262.145
IL,1975,11291.743
IL,1976,11342.853
IL,1977,11386.316
IL,1978,11412.561
IL,1979,11396.837
IL,1980,11434.702
IL,1981,11443.458
IL,1982,11423.412
IL,1983,11408.818
IL,1984,11412.132
IL,1985,11399.806
IL,1986,11387.257
IL,1987,11391.178
IL,1988,11390.183
IL,1989,11409.782
IL,1990,11446.979
IL,1991,11535.973
IL,1992,11635.197
IL,1993,11725.984
IL,1994,11804.986
IL,1995,11884.935
IL,1996,11953.003
IL,1997,12011.509
IL,1998,12069.774
IL,1999,12128.37
IL,2000,12434.161
IL,2001,12488.445
IL,2002,12525.556
IL,2003,12556.006
IL,2004,12589.773
IL,2005,12609.903
IL,2006,12643.955
IL,2007,12695.866
IL,2008,12747.038
IL,2009,12796.778
IL,2010,12840.545
IL,2011,12867.783
IL,2012,12883.029
IL,2013,12895.778
IL,2014,12885.092
IL,2015,12859.585
IL,2016,12821.709
IL,2017,12779.893
IL,2018,12724.685
IL,2019,12667.017
IL,2020,12799.088
IL,2021,12700.641
IL,2022,12621.821
IL,2023,12642.259
IL,2024,12710.158
IN,1900,2518.0
IN,1901,2541.0
IN,1902,2567.0
IN,1903,2594.0
IN,1904,2614.0
IN,1905,2635.0
IN,1906,2663.0
IN,1907,2679.0
IN,1908,2677.0
IN,1909,2678.0
IN,1910,2713.0
IN,1911,2751.0
IN,1912,2785.0
IN,1913,2824.0
IN,1914,2857.0
IN,1915,2873.0
IN,1916,2897.0
IN,1917,2910.0
IN,1918,2880.0
IN,1919,2906.0
IN,1920,2947.0
IN,1921,2976.0
IN,1922,2965.0
IN,1923,3042.0
IN,1924,3086.0
IN,1925,3119.0
IN,1926,3148.0
IN,1927,3191.0
IN,1928,3212.0
IN,1929,3226.0
IN,1930,3242.0
IN,1931,3257.0
IN,1932,3281.0
IN,1933,3304.0
IN,1934,3319.0
IN,1935,3332.0
IN,1936,3348.0
IN,1937,3374.0
IN,1938,3386.0
IN,1939,3403.0
IN,1940,3433.0
IN,1941,3483.0
IN,1942,3507.0
IN,1943,3449.0
IN,1944,3440.0
IN,1945,3427.0
IN,1946,3702.0
IN,1947,3779.0
IN,1948,3877.0
IN,1949,3958.0
IN,1950,3967.0
IN,1951,4096.0
IN,1952,4148.0
IN,1953,4182.0
IN,1954,4264.0
IN,1955,4363.0
IN,1956,4458.0
IN,1957,4529.0
IN,1958,4583.0
IN,1959,4613.0
IN,1960,4674.0
IN,1961,4730.0
IN,1962,4736.0
IN,1963,4799.0
IN,1964,4856.0
IN,1965,4922.0
IN,1966,4999.0
IN,1967,5053.0
IN,1968,5093.0
IN,1969,5143.0
IN,1970,5195.392
IN,1971,5253.396
IN,1972,5302.435
IN,1973,5338.277
IN,1974,5361.89
IN,1975,5365.766
IN,1976,5389.088
IN,1977,5425.638
IN,1978,5470.214
IN,1979,5501.174
IN,1980,5490.721
IN,1981,5480.435
IN,1982,5467.922
IN,1983,5450.395
IN,1984,5458.322
IN,1985,5459.211
IN,1986,5454.108
IN,1987,5473.012
IN,1988,5491.735
IN,1989,5523.693
IN,1990,5555.097
IN,1991,5602.062
IN,1992,5648.649
IN,1993,5701.965
IN,1994,5745.626
IN,1995,5791.819
IN,1996,5834.908
IN,1997,5872.37
IN,1998,5907.617
IN,1999,5942.901
IN,2000,6091.866
IN,2001,6127.76
IN,2002,6155.967
IN,2003,6196.638
IN,2004,6233.007
IN,2005,6278.616
IN,2006,6332.669
IN,2007,6379.599
IN,2008,6424.806
IN,2009,6459.325
IN,2010,6490.555
IN,2011,6517.25
IN,2012,6538.989
IN,2013,6570.575
IN,2014,6596.019
IN,2015,6611.442
IN,2016,6637.898
IN,2017,6662.068
IN,2018,6698.481
IN,2019,6731.01
IN,2020,6790.497
IN,2021,6815.907
IN,2022,6844.545
IN,2023,6880.131
IN,2024,6924.275
IA,1900,2231.0
IA,1901,2227.0
IA,1902,2222.0
IA,1903,2217.0
IA,1904,2212.0
IA,1905,2211.0
IA,1906,2214.0
IA,1907,2217.0
IA,1908,2220.0
IA,1909,2223.0
IA,1910,2228.0
IA,1911,2249.0
IA,1912,2279.0
IA,1913,2305.0
IA,1914,2338.0
IA,1915,2366.0
IA,1916,2376.0
IA,1917,2382.0
IA,1918,2351.0
IA,1919,2379.0
IA,1920,2400.0
IA,1921,2407.0
IA,1922,2428.0
IA,1923,2425.0
IA,1924,2420.0
IA,1925,2427.0
IA,1926,2432.0
IA,1927,2441.0
IA,1928,2450.0
IA,1929,2460.0
IA,1930,2475.0
IA,1931,2482.0
IA,1932,2489.0
IA,1933,2495.0
IA,1934,2510.0
IA,1935,2524.0
IA,1936,2509.0
IA,1937,2498.0
IA,1938,2494.0
IA,1939,2520.0
IA,1940,2537.0
IA,1941,2491.0
IA,1942,2439.0
IA,1943,2334.0
IA,1944,2301.0
IA,1945,2308.0
IA,1946,2467.0
IA,1947,2509.0
IA,1948,2543.0
IA,1949,2578.0
IA,1950,2625.0
IA,1951,2617.0
IA,1952,2626.0
IA,1953,2629.0
IA,1954,2626.0
IA,1955,2679.0
IA,1956,2703.0
IA,1957,2716.0
IA,1958,2708.0
IA,1959,2729.0
IA,1960,2756.0
IA,1961,2756.0
IA,1962,2750.0
IA,1963,2747.0
IA,1964,2746.0
IA,1965,2742.0
IA,1966,2762.0
IA,1967,2793.0
IA,1968,2803.0
IA,1969,2805.0
IA,1970,2825.368
IA,1971,2851.705
IA,1972,2860.287
IA,1973,2863.715
IA,1974,2867.53
IA,1975,2880.847
IA,1976,2903.082
IA,1977,2913.573
IA,1978,2918.069
IA,1979,2915.739
IA,1980,2914.018
IA,1981,2907.983
IA,1982,2888.189
IA,1983,2870.543
IA,1984,2858.618
IA,1985,2829.684
IA,1986,2791.97
IA,1987,2767.011
IA,1988,2768.388
IA,1989,2770.592
IA,1990,2779.769
IA,1991,2791.227
IA,1992,2806.923
IA,1993,2820.525
IA,1994,2829.422
IA,1995,2840.86
IA,1996,2848.473
IA,1997,2854.396
IA,1998,2861.025
IA,1999,2869.413
IA,2000,2929.067
IA,2001,2931.997
IA,2002,2934.234
IA,2003,2941.999
IA,2004,2953.635
IA,2005,2964.454
IA,2006,2982.644
IA,2007,2999.212
IA,2008,3016.734
IA,2009,3032.87
IA,2010,3050.819
IA,2011,3066.772
IA,2012,3076.844
IA,2013,3093.935
IA,2014,3110.643
IA,2015,3122.541
IA,2016,3133.21
IA,2017,3143.734
IA,2018,3149.9
IA,2019,3159.596
IA,2020,3191.141
IA,2021,3198.613
IA,2022,3202.82
IA,2023,3218.414
IA,2024,3241.488
KS,1900,1473.0
KS,1901,1490.0
KS,1902,1505.0
KS,1903,1498.0
KS,1904,1527.0
KS,1905,1555.0
KS,1906,1576.0
KS,1907,1612.0
KS,1908,1629.0
KS,1909,1658.0
KS,1910,1692.0
KS,1911,1684.0
KS,1912,1671.0
KS,1913,1663.0
KS,1914,1662.0
KS,1915,1687.0
KS,1916,1727.0
KS,1917,1748.0
KS,1918,1729.0
KS,1919,1756.0
KS,1920,1769.0
KS,1921,1779.0
KS,1922,1799.0
KS,1923,1808.0
KS,1924,1807.0
KS,1925,1825.0
KS,1926,1836.0
KS,1927,1836.0
KS,1928,1850.0
KS,1929,1867.0
KS,1930,1883.0
KS,1931,1881.0
KS,1932,1883.0
KS,1933,1877.0
KS,1934,1868.0
KS,1935,1872.0
KS,1936,1869.0
KS,1937,1856.0
KS,1938,1842.0
KS,1939,1824.0
KS,1940,1788.0
KS,1941,1765.0
KS,1942,1760.0
KS,1943,1796.0
KS,1944,1779.0
KS,1945,1731.0
KS,1946,1805.0
KS,1947,1853.0
KS,1948,1892.0
KS,1949,1925.0
KS,1950,1916.0
KS,1951,1950.0
KS,1952,1977.0
KS,1953,1994.0
KS,1954,2042.0
KS,1955,2093.0
KS,1956,2119.0
KS,1957,2128.0
KS,1958,2142.0
KS,1959,2160.0
KS,1960,2183.0
KS,1961,2215.0
KS,1962,2231.0
KS,1963,2217.0
KS,1964,2209.0
KS,1965,2206.0
KS,1966,2200.0
KS,1967,2197.0
KS,1968,2216.0
KS,1969,2236.0
KS,1970,2249.071
KS,1971,2246.6
KS,1972,2256.375
KS,1973,2265.603
KS,1974,2269.499
KS,1975,2280.578
KS,1976,2301.001
KS,1977,2320.647
KS,1978,2335.657
KS,1979,2350.906
KS,1980,2369.039
KS,1981,2384.849
KS,1982,2401.202
KS,1983,2415.531
KS,1984,2424.086
KS,1985,2427.405
KS,1986,2432.619
KS,1987,2445.367
KS,1988,2461.996
KS,1989,2472.849
KS,1990,2480.683
KS,1991,2495.209
KS,1992,2526.042
KS,1993,2547.605
KS,1994,2569.118
KS,1995,2586.942
KS,1996,2598.266
KS,1997,2616.339
KS,1998,2638.667
KS,1999,2654.052
KS,2000,2693.681
KS,2001,2702.162
KS,2002,2713.535
KS,2003,2723.004
KS,2004,2734.373
KS,2005,2745.299
KS,2006,2762.931
KS,2007,2783.785
KS,2008,2808.076
KS,2009,2832.704
KS,2010,2858.266
KS,2011,2869.677
KS,2012,2886.024
KS,2013,2894.306
KS,2014,2901.861
KS,2015,2910.717
KS,2016,2912.977
KS,2017,2910.892
KS,2018,2912.748
KS,2019,2912.635
KS,2020,2938.172
KS,2021,2938.338
KS,2022,2937.324
KS,2023,2951.5
KS,2024,2970.606
KY,1900,2148.0
KY,1901,2162.0
KY,1902,2177.0
KY,1903,2191.0
KY,1904,2205.0
KY,1905,2220.0
KY,1906,2234.0
KY,1907,2249.0
KY,1908,2263.0
KY,1909,2278.0
KY,1910,2299.0
KY,1911,2324.0
KY,1912,2347.0
KY,1913,2374.0
KY,1914,2395.0
KY,1915,2401.0
KY,1916,2411.0
KY,1917,2421.0
KY,1918,2425.0
KY,1919,2413.0
KY,1920,2421.0
KY,1921,2436.0
KY,1922,2450.0
KY,1923,2480.0
KY,1924,2531.0
KY,1925,2520.0
KY,1926,2545.0
KY,1927,2551.0
KY,1928,2567.0
KY,1929,2606.0
KY,1930,2623.0
KY,1931,2652.0
KY,1932,2676.0
KY,1933,2698.0
KY,1934,2722.0
KY,1935,2748.0
KY,1936,2768.0
KY,1937,2784.0
KY,1938,2800.0
KY,1939,2825.0
KY,1940,2859.0
KY,1941,2824.0
KY,1942,2797.0
KY,1943,2693.0
KY,1944,2631.0
KY,1945,2597.0
KY,1946,2761.0
KY,1947,2803.0
KY,1948,2817.0
KY,1949,2849.0
KY,1950,2936.0
KY,1951,2941.0
KY,1952,2920.0
KY,1953,2903.0
KY,1954,2902.0
KY,1955,2910.0
KY,1956,2898.0
KY,1957,2928.0
KY,1958,2961.0
KY,1959,2999.0
KY,1960,3041.0
KY,1961,3054.0
KY,1962,3079.0
KY,1963,3096.0
KY,1964,3129.0
KY,1965,3140.0
KY,1966,3147.0
KY,1967,3172.0
KY,1968,3195.0
KY,1969,3198.0
KY,1970,3220.711
KY,1971,3298.053
KY,1972,3335.728
KY,1973,3371.024
KY,1974,3416.315
KY,1975,3467.769
KY,1976,3529.257
KY,1977,3573.693
KY,1978,3609.976
KY,1979,3641.804
KY,1980,3664.221
KY,1981,3670.394
KY,1982,3683.445
KY,1983,3694.484
KY,1984,3695.453
KY,1985,3694.826
KY,1986,3687.809
KY,1987,3683.329
KY,1988,3679.999
KY,1989,3677.306
KY,1990,3692.584
KY,1991,3714.686
KY,1992,3756.358
KY,1993,3792.288
KY,1994,3823.215
KY,1995,3855.248
KY,1996,3881.051
KY,1997,3907.816
KY,1998,3934.31
KY,1999,3960.825
KY,2000,4049.021
KY,2001,4068.132
KY,2002,4089.875
KY,2003,4117.17
KY,2004,4146.101
KY,2005,4182.742
KY,2006,4219.239
KY,2007,4256.672
KY,2008,4289.878
KY,2009,4317.074
KY,2010,4348.464
KY,2011,4370.817
KY,2012,4387.865
KY,2013,4406.906
KY,2014,4416.992
KY,2015,4429.126
KY,2016,4440.306
KY,2017,4455.59
KY,2018,4464.273
KY,2019,4472.345
KY,2020,4508.318
KY,2021,4507.583
KY,2022,4519.233
KY,2023,4550.595
KY,2024,4588.372
LA,1900,1384.0
LA,1901,1412.0
LA,1902,1440.0
LA,1903,1467.0
LA,1904,1495.0
LA,1905,1523.0
LA,1906,1551.0
LA,1907,1579.0
LA,1908,1607.0
LA,1909,1634.0
LA,1910,1667.0
LA,1911,1695.0
LA,1912,1709.0
LA,1913,1727.0
LA,1914,1740.0
LA,1915,1755.0
LA,1916,1799.0
LA,1917,1795.0
LA,1918,1746.0
LA,1919,1756.0
LA,1920,1813.0
LA,1921,1847.0
LA,1922,1871.0
LA,1923,1903.0
LA,1924,1939.0
LA,1925,1972.0
LA,1926,2005.0
LA,1927,2039.0
LA,1928,2064.0
LA,1929,2086.0
LA,1930,2105.0
LA,1931,2124.0
LA,1932,2155.0
LA,1933,2178.0
LA,1934,2202.0
LA,1935,2228.0
LA,1936,2246.0
LA,1937,2257.0
LA,1938,2285.0
LA,1939,2334.0
LA,1940,2370.0
LA,1941,2484.0
LA,1942,2546.0
LA,1943,2565.0
LA,1944,2508.0
LA,1945,2429.0
LA,1946,2556.0
LA,1947,2579.0
LA,1948,2596.0
LA,1949,2634.0
LA,1950,2697.0
LA,1951,2769.0
LA,1952,2842.0
LA,1953,2866.0
LA,1954,2883.0
LA,1955,2946.0
LA,1956,3032.0
LA,1957,3115.0
LA,1958,3155.0
LA,1959,3208.0
LA,1960,3260.0
LA,1961,3287.0
LA,1962,3345.0
LA,1963,3377.0
LA,1964,3446.0
LA,1965,3496.0
LA,1966,3550.0
LA,1967,3581.0
LA,1968,3603.0
LA,1969,3619.0
LA,1970,3644.637
LA,1971,3710.487
LA,1972,3761.646
LA,1973,3788.375
LA,1974,3820.109
LA,1975,3886.104
LA,1976,3950.605
LA,1977,4014.459
LA,1978,4068.579
LA,1979,4137.665
LA,1980,4223.101
LA,1981,4283.303
LA,1982,4352.608
LA,1983,4395.316
LA,1984,4400.477
LA,1985,4408.118
LA,1986,4406.919
LA,1987,4344.148
LA,1988,4288.863
LA,1989,4252.894
LA,1990,4219.179
LA,1991,4240.95
LA,1992,4270.849
LA,1993,4284.749
LA,1994,4306.5
LA,1995,4327.978
LA,1996,4338.763
LA,1997,4351.39
LA,1998,4362.758
LA,1999,4372.035
LA,2000,4471.885
LA,2001,4477.875
LA,2002,4497.267
LA,2003,4521.042
LA,2004,4552.238
LA,2005,4576.628
LA,2006,4302.665
LA,2007,4375.581
LA,2008,4435.586
LA,2009,4491.648
LA,2010,4544.635
LA,2011,4576.244
LA,2012,4602.067
LA,2013,4626.04
LA,2014,4645.938
LA,2015,4666.998
LA,2016,4681.346
LA,2017,4673.673
LA,2018,4664.45
LA,2019,4658.285
LA,2020,4652.301
LA,2021,4627.971
LA,2022,4593.687
LA,2023,4588.071
LA,2024,4597.74
ME,1900,695.0
ME,1901,699.0
ME,1902,703.0
ME,1903,709.0
ME,1904,719.0
ME,1905,723.0
ME,1906,729.0
ME,1907,731.0
ME,1908,735.0
ME,1909,740.0
ME,1910,745.0
ME,1911,751.0
ME,1912,753.0
ME,1913,763.0
ME,1914,772.0
ME,1915,774.0
ME,1916,775.0
ME,1917,777.0
ME,1918,760.0
ME,1919,762.0
ME,1920,771.0
ME,1921,775.0
ME,1922,778.0
ME,1923,781.0
ME,1924,788.0
ME,1925,792.0
ME,1926,793.0
ME,1927,796.0
ME,1928,797.0
ME,1929,797.0
ME,1930,800.0
ME,1931,807.0
ME,1932,815.0
ME,1933,821.0
ME,1934,829.0
ME,1935,836.0
ME,1936,840.0
ME,1937,842.0
ME,1938,843.0
ME,1939,846.0
ME,1940,849.0
ME,1941,852.0
ME,1942,839.0
ME,1943,806.0
ME,1944,801.0
ME,1945,800.0
ME,1946,832.0
ME,1947,854.0
ME,1948,878.0
ME,1949,903.0
ME,1950,917.0
ME,1951,916.0
ME,1952,915.0
ME,1953,913.0
ME,1954,927.0
ME,1955,934.0
ME,1956,938.0
ME,1957,943.0
ME,1958,944.0
ME,1959,957.0
ME,1960,975.0
ME,1961,995.0
ME,1962,994.0
ME,1963,993.0
ME,1964,993.0
ME,1965,997.0
ME,1966,999.0
ME,1967,1004.0
ME,1968,994.0
ME,1969,992.0
ME,1970,993.722
ME,1971,1015.39
ME,1972,1034.292
ME,1973,1045.655
ME,1974,1059.04
ME,1975,1071.995
ME,1976,1088.412
ME,1977,1103.578
ME,1978,1113.566
ME,1979,1122.563
ME,1980,1126.86
ME,1981,1133.033
ME,1982,1136.684
ME,1983,1144.772
ME,1984,1155.635
ME,1985,1162.936
ME,1986,1170.126
ME,1987,1184.574
ME,1988,1203.84
ME,1989,1219.961
ME,1990,1231.296
ME,1991,1235.439
ME,1992,1235.748
ME,1993,1238.256
ME,1994,1237.687
ME,1995,1237.438
ME,1996,1241.436
ME,1997,1245.215
ME,1998,1247.554
ME,1999,1253.04
ME,2000,1277.072
ME,2001,1285.692
ME,2002,1295.96
ME,2003,1306.513
ME,2004,1313.688
ME,2005,1318.787
ME,2006,1323.619
ME,2007,1327.04
ME,2008,1330.509
ME,2009,1329.59
ME,2010,1327.651
ME,2011,1328.473
ME,2012,1328.094
ME,2013,1328.543
ME,2014,1331.217
ME,2015,1329.098
ME,2016,1332.348
ME,2017,1335.743
ME,2018,1340.123
ME,2019,1345.77
ME,2020,1364.571
ME,2021,1378.931
ME,2022,1390.922
ME,2023,1399.646
ME,2024,1405.012
MD,1900,1189.0
MD,1901,1200.0
MD,1902,1210.0
MD,1903,1209.0
MD,1904,1217.0
MD,1905,1237.0
MD,1906,1251.0
MD,1907,1257.0
MD,1908,1269.0
MD,1909,1289.0
MD,1910,1302.0
MD,1911,1324.0
MD,1912,1345.0
MD,1913,1368.0
MD,1914,1389.0
MD,1915,1401.0
MD,1916,1415.0
MD,1917,1428.0
MD,1918,1467.0
MD,1919,1445.0
MD,1920,1464.0
MD,1921,1492.0
MD,1922,1509.0
MD,1923,1521.0
MD,1924,1537.0
MD,1925,1556.0
MD,1926,1576.0
MD,1927,1599.0
MD,1928,1610.0
MD,1929,1621.0
MD,1930,1636.0
MD,1931,1657.0
MD,1932,1678.0
MD,1933,1694.0
MD,1934,1710.0
MD,1935,1729.0
MD,1936,1745.0
MD,1937,1754.0
MD,1938,1766.0
MD,1939,1793.0
MD,1940,1839.0
MD,1941,1913.0
MD,1942,1998.0
MD,1943,2089.0
MD,1944,2118.0
MD,1945,2096.0
MD,1946,2214.0
MD,1947,2248.0
MD,1948,2271.0
MD,1949,2329.0
MD,1950,2355.0
MD,1951,2441.0
MD,1952,2500.0
MD,1953,2567.0
MD,1954,2685.0
MD,1955,2742.0
MD,1956,2811.0
MD,1957,2873.0
MD,1958,2982.0
MD,1959,3066.0
MD,1960,3113.0
MD,1961,3176.0
MD,1962,3263.0
MD,1963,3386.0
MD,1964,3492.0
MD,1965,3600.0
MD,1966,3695.0
MD,1967,3757.0
MD,1968,3815.0
MD,1969,3868.0
MD,1970,3923.897
MD,1971,4018.324
MD,1972,4073.499
MD,1973,4097.974
MD,1974,4118.815
MD,1975,4139.096
MD,1976,4150.539
MD,1977,4169.595
MD,1978,4183.603
MD,1979,4191.16
MD,1980,4227.643
MD,1981,4261.905
MD,1982,4282.923
MD,1983,4313.327
MD,1984,4365.243
MD,1985,4413.071
MD,1986,4486.957
MD,1987,4565.557
MD,1988,4657.904
MD,1989,4727.301
MD,1990,4797.431
MD,1991,4856.176
MD,1992,4902.545
MD,1993,4942.504
MD,1994,4985.411
MD,1995,5023.65
MD,1996,5057.142
MD,1997,5092.914
MD,1998,5130.072
MD,1999,5171.634
MD,2000,5311.034
MD,2001,5374.691
MD,2002,5440.389
MD,2003,5496.269
MD,2004,5546.935
MD,2005,5592.379
MD,2006,5627.367
MD,2007,5653.408
MD,2008,5684.965
MD,2009,5730.388
MD,2010,5788.784
MD,2011,5840.241
MD,2012,5888.375
MD,2013,5925.197
MD,2014,5960.064
MD,2015,5988.528
MD,2016,6007.014
MD,2017,6028.186
MD,2018,6042.153
MD,2019,6054.954
MD,2020,6177.935
MD,2021,6179.403
MD,2022,6192.44
MD,2023,6217.062
MD,2024,6263.22
MA,1900,2788.0
MA,1901,2794.0
MA,1902,2856.0
MA,1903,2924.0
MA,1904,2969.0
MA,1905,3018.0
MA,1906,3107.0
MA,1907,3183.0
MA,1908,3251.0
MA,1909,3316.0
MA,1910,3365.0
MA,1911,3383.0
MA,1912,3440.0
MA,1913,3534.0
MA,1914,3636.0
MA,1915,3705.0
MA,1916,3726.0
MA,1917,3738.0
MA,1918,3695.0
MA,1919,3785.0
MA,1920,3882.0
MA,1921,3951.0
MA,1922,4010.0
MA,1923,4057.0
MA,1924,4102.0
MA,1925,4154.0
MA,1926,4194.0
MA,1927,4223.0
MA,1928,4217.0
MA,1929,4229.0
MA,1930,4250.0
MA,1931,4248.0
MA,1932,4259.0
MA,1933,4282.0
MA,1934,4305.0
MA,1935,4343.0
MA,1936,4355.0
MA,1937,4358.0
MA,1938,4365.0
MA,1939,4347.0
MA,1940,4318.0
MA,1941,4389.0
MA,1942,4370.0
MA,1943,4257.0
MA,1944,4192.0
MA,1945,4201.0
MA,1946,4494.0
MA,1947,4580.0
MA,1948,4674.0
MA,1949,4741.0
MA,1950,4686.0
MA,1951,4654.0
MA,1952,4650.0
MA,1953,4806.0
MA,1954,4910.0
MA,1955,4882.0
MA,1956,4891.0
MA,1957,4929.0
MA,1958,5010.0
MA,1959,5117.0
MA,1960,5160.0
MA,1961,5219.0
MA,1962,5263.0
MA,1963,5344.0
MA,1964,5448.0
MA,1965,5502.0
MA,1966,5535.0
MA,1967,5594.0
MA,1968,5618.0
MA,1969,5650.0
MA,1970,5689.17
MA,1971,5737.58
MA,1972,5760.302
MA,1973,5781.172
MA,1974,5773.548
MA,1975,5757.756
MA,1976,5743.672
MA,1977,5738.199
MA,1978,5736.469
MA,1979,5738.404
MA,1980,5746.075
MA,1981,5768.685
MA,1982,5771.222
MA,1983,5799.407
MA,1984,5840.773
MA,1985,5880.733
MA,1986,5902.678
MA,1987,5935.204
MA,1988,5979.982
MA,1989,6015.478
MA,1990,6018.664
MA,1991,5998.652
MA,1992,5993.474
MA,1993,6010.884
MA,1994,6031.352
MA,1995,6062.335
MA,1996,6085.393
MA,1997,6115.476
MA,1998,6144.407
MA,1999,6175.169
MA,2000,6361.104
MA,2001,6397.634
MA,2002,6417.206
MA,2003,6422.565
MA,2004,6412.281
MA,2005,6403.29
MA,2006,6410.084
MA,2007,6431.559
MA,2008,6468.967
MA,2009,6517.613
MA,2010,6566.44
MA,2011,6614.218
MA,2012,6664.269
MA,2013,6715.158
MA,2014,6764.864
MA,2015,6797.484
MA,2016,6827.28
MA,2017,6863.56
MA,2018,6885.72
MA,2019,6894.883
MA,2020,6994.598
MA,2021,7000.474
MA,2022,7022.468
MA,2023,7066.568
MA,2024,7136.171
MI,1900,2423.0
MI,1901,2450.0
MI,1902,2477.0
MI,1903,2505.0
MI,1904,2534.0
MI,1905,2579.0
MI,1906,2626.0
MI,1907,2693.0
MI,1908,2722.0
MI,1909,2771.0
MI,1910,2832.0
MI,1911,2916.0
MI,1912,2997.0
MI,1913,3101.0
MI,1914,3183.0
MI,1915,3263.0
MI,1916,3353.0
MI,1917,3451.0
MI,1918,3499.0
MI,1919,3591.0
MI,1920,3723.0
MI,1921,3872.0
MI,1922,3942.0
MI,1923,4063.0
MI,1924,4214.0
MI,1925,4331.0
MI,1926,4451.0
MI,1927,4589.0
MI,1928,4665.0
MI,1929,4795.0
MI,1930,4834.0
MI,1931,4798.0
MI,1932,4780.0
MI,1933,4780.0
MI,1934,4798.0
MI,1935,4838.0
MI,1936,4889.0
MI,1937,4968.0
MI,1938,5056.0
MI,1939,5156.0
MI,1940,5315.0
MI,1941,5472.0
MI,1942,5549.0
MI,1943,5405.0
MI,1944,5467.0
MI,1945,5475.0
MI,1946,5874.0
MI,1947,6076.0
MI,1948,6213.0
MI,1949,6332.0
MI,1950,6407.0
MI,1951,6497.0
MI,1952,6650.0
MI,1953,6822.0
MI,1954,7066.0
MI,1955,7285.0
MI,1956,7467.0
MI,1957,7569.0
MI,1958,7667.0
MI,1959,7767.0
MI,1960,7834.0
MI,1961,7893.0
MI,1962,7933.0
MI,1963,8058.0
MI,1964,8187.0
MI,1965,8357.0
MI,1966,8512.0
MI,1967,8630.0
MI,1968,8696.0
MI,1969,8781.0
MI,1970,8881.826
MI,1971,8974.186
MI,1972,9028.944
MI,1973,9077.956
MI,1974,9117.507
MI,1975,9117.668
MI,1976,9129.205
MI,1977,9171.11
MI,1978,9217.761
MI,1979,9266.268
MI,1980,9255.553
MI,1981,9209.287
MI,1982,9115.198
MI,1983,9047.754
MI,1984,9049.452
MI,1985,9076.293
MI,1986,9127.775
MI,1987,9187.481
MI,1988,9217.998
MI,1989,9253.295
MI,1990,9310.462
MI,1991,9395.022
MI,1992,9470.323
MI,1993,9529.24
MI,1994,9584.481
MI,1995,9659.871
MI,1996,9739.184
MI,1997,9785.45
MI,1998,9820.231
MI,1999,9863.775
MI,2000,9952.45
MI,2001,9991.12
MI,2002,10015.71
MI,2003,10041.152
MI,2004,10055.315
MI,2005,10051.137
MI,2006,10036.081
MI,2007,10001.284
MI,2008,9946.889
MI,2009,9901.591
MI,2010,9877.597
MI,2011,9883.053
MI,2012,9898.289
MI,2013,9914.802
MI,2014,9932.033
MI,2015,9934.483
MI,2016,9954.117
MI,2017,9976.752
MI,2018,9987.286
MI,2019,9984.795
MI,2020,10072.703
MI,2021,10041.351
MI,2022,10050.877
MI,2023,10083.356
MI,2024,10140.459
MN,1900,1754.0
MN,1901,1805.0
MN,1902,1862.0
MN,1903,1901.0
MN,1904,1945.0
MN,1905,1981.0
MN,1906,1987.0
MN,1907,1995.0
MN,1908,2020.0
MN,1909,2051.0
MN,1910,2086.0
MN,1911,2119.0
MN,1912,2147.0
MN,1913,2190.0
MN,1914,2234.0
MN,1915,2273.0
MN,1916,2308.0
MN,1917,2329.0
MN,1918,2291.0
MN,1919,2346.0
MN,1920,2403.0
MN,1921,2434.0
MN,1922,2451.0
MN,1923,2487.0
MN,1924,2521.0
MN,1925,2540.0
MN,1926,2560.0
MN,1927,2588.0
MN,1928,2592.0
MN,1929,2572.0
MN,1930,2576.0
MN,1931,2614.0
MN,1932,2646.0
MN,1933,2673.0
MN,1934,2695.0
MN,1935,2717.0
MN,1936,2734.0
MN,1937,2746.0
MN,1938,2753.0
MN,1939,2771.0
MN,1940,2790.0
MN,1941,2718.0
MN,1942,2662.0
MN,1943,2577.0
MN,1944,2526.0
MN,1945,2537.0
MN,1946,2734.0
MN,1947,2796.0
MN,1948,2868.0
MN,1949,2935.0
MN,1950,2997.0
MN,1951,3010.0
MN,1952,3030.0
MN,1953,3050.0
MN,1954,3113.0
MN,1955,3172.0
MN,1956,3240.0
MN,1957,3274.0
MN,1958,3313.0
MN,1959,3366.0
MN,1960,3425.0
MN,1961,3470.0
MN,1962,3513.0
MN,1963,3531.0
MN,1964,3558.0
MN,1965,3592.0
MN,1966,3617.0
MN,1967,3659.0
MN,1968,3703.0
MN,1969,3758.0
MN,1970,3806.103
MN,1971,3853.486
MN,1972,3869.747
MN,1973,3889.332
MN,1974,3903.925
MN,1975,3932.515
MN,1976,3964.68
MN,1977,3989.364
MN,1978,4015.341
MN,1979,4050.316
MN,1980,4085.017
MN,1981,4111.728
MN,1982,4131.45
MN,1983,4141.456
MN,1984,4157.706
MN,1985,4184.302
MN,1986,4205.212
MN,1987,4235.136
MN,1988,4296.166
MN,1989,4338.057
MN,1990,4387.283
MN,1991,4427.429
MN,1992,4471.503
MN,1993,4521.709
MN,1994,4566.028
MN,1995,4605.445
MN,1996,4647.723
MN,1997,4687.726
MN,1998,4726.411
MN,1999,4775.508
MN,2000,4933.692
MN,2001,4982.796
MN,2002,5018.935
MN,2003,5053.572
MN,2004,5087.713
MN,2005,5119.598
MN,2006,5163.555
MN,2007,5207.203
MN,2008,5247.018
MN,2009,5281.203
MN,2010,5310.934
MN,2011,5346.62
MN,2012,5377.5
MN,2013,5414.722
MN,2014,5452.665
MN,2015,5484.002
MN,2016,5525.36
MN,2017,5569.283
MN,2018,5608.762
MN,2019,5640.053
MN,2020,5710.735
MN,2021,5718.66
MN,2022,5721.621
MN,2023,5753.048
MN,2024,5793.151
MS,1900,1553.0
MS,1901,1578.0
MS,1902,1603.0
MS,1903,1628.0
MS,1904,1653.0
MS,1905,1678.0
MS,1906,1703.0
MS,1907,1728.0
MS,1908,1753.0
MS,1909,1777.0
MS,1910,1802.0
MS,1911,1810.0
MS,1912,1817.0
MS,1913,1827.0
MS,1914,1832.0
MS,1915,1826.0
MS,1916,1823.0
MS,1917,1820.0
MS,1918,1813.0
MS,1919,1790.0
MS,1920,1800.0
MS,1921,1823.0
MS,1922,1836.0
MS,1923,1858.0
MS,1924,1886.0
MS,1925,1910.0
MS,1926,1935.0
MS,1927,1962.0
MS,1928,1981.0
MS,1929,1998.0
MS,1930,2006.0
MS,1931,1994.0
MS,1932,2004.0
MS,1933,2031.0
MS,1934,2050.0
MS,1935,2061.0
MS,1936,2072.0
MS,1937,2086.0
MS,1938,2127.0
MS,1939,2168.0
MS,1940,2176.0
MS,1941,2184.0
MS,1942,2210.0
MS,1943,2280.0
MS,1944,2167.0
MS,1945,2090.0
MS,1946,2064.0
MS,1947,2107.0
MS,1948,2076.0
MS,1949,2085.0
MS,1950,2176.0
MS,1951,2163.0
MS,1952,2152.0
MS,1953,2105.0
MS,1954,2064.0
MS,1955,2060.0
MS,1956,2086.0
MS,1957,2088.0
MS,1958,2086.0
MS,1959,2138.0
MS,1960,2182.0
MS,1961,2206.0
MS,1962,2243.0
MS,1963,2244.0
MS,1964,2241.0
MS,1965,2246.0
MS,1966,2245.0
MS,1967,2228.0
MS,1968,2219.0
MS,1969,2220.0
MS,1970,2216.994
MS,1971,2265.432
MS,1972,2307.117
MS,1973,2349.546
MS,1974,2378.268
MS,1975,2399.449
MS,1976,2429.756
MS,1977,2459.201
MS,1978,2487.816
MS,1979,2507.069
MS,1980,2525.342
MS,1981,2539.036
MS,1982,2556.777
MS,1983,2567.717
MS,1984,2578.051
MS,1985,2588.102
MS,1986,2593.597
MS,1987,2588.545
MS,1988,2580.352
MS,1989,2574.269
MS,1990,2577.426
MS,1991,2591.23
MS,1992,2610.193
MS,1993,2635.574
MS,1994,2663.45
MS,1995,2690.788
MS,1996,2709.925
MS,1997,2731.826
MS,1998,2751.335
MS,1999,2768.619
MS,2000,2848.353
MS,2001,2852.994
MS,2002,2858.681
MS,2003,2868.312
MS,2004,2889.01
MS,2005,2905.943
MS,2006,2904.978
MS,2007,2928.35
MS,2008,2947.806
MS,2009,2958.774
MS,2010,2970.615
MS,2011,2979.147
MS,2012,2984.599
MS,2013,2989.839
MS,2014,2991.892
MS,2015,2990.231
MS,2016,2990.595
MS,2017,2990.674
MS,2018,2982.879
MS,2019,2978.227
MS,2020,2958.536
MS,2021,2947.209
MS,2022,2941.939
MS,2023,2943.172
MS,2024,2943.045
MO,1900,3108.0
MO,1901,3128.0
MO,1902,3147.0
MO,1903,3166.0
MO,1904,3185.0
MO,1905,3204.0
MO,1906,3223.0
MO,1907,3242.0
MO,1908,3260.0
MO,1909,3279.0
MO,1910,3301.0
MO,1911,3317.0
MO,1912,3344.0
MO,1913,3409.0
MO,1914,3467.0
MO,1915,3492.0
MO,1916,3527.0
MO,1917,3470.0
MO,1918,3325.0
MO,1919,3371.0
MO,1920,3404.0
MO,1921,3429.0
MO,1922,3437.0
MO,1923,3454.0
MO,1924,3508.0
MO,1925,3526.0
MO,1926,3556.0
MO,1927,3576.0
MO,1928,3601.0
MO,1929,3622.0
MO,1930,3646.0
MO,1931,3711.0
MO,1932,3746.0
MO,1933,3773.0
MO,1934,3784.0
MO,1935,3798.0
MO,1936,3801.0
MO,1937,3794.0
MO,1938,3781.0
MO,1939,3783.0
MO,1940,3786.0
MO,1941,3811.0
MO,1942,3829.0
MO,1943,3705.0
MO,1944,3560.0
MO,1945,3516.0
MO,1946,3746.0
MO,1947,3845.0
MO,1948,3844.0
MO,1949,3882.0
MO,1950,3964.0
MO,1951,4015.0
MO,1952,3972.0
MO,1953,4020.0
MO,1954,4066.0
MO,1955,4134.0
MO,1956,4163.0
MO,1957,4189.0
MO,1958,4186.0
MO,1959,4258.0
MO,1960,4326.0
MO,1961,4349.0
MO,1962,4357.0
MO,1963,4392.0
MO,1964,4442.0
MO,1965,4467.0
MO,1966,4523.0
MO,1967,4539.0
MO,1968,4568.0
MO,1969,4640.0
MO,1970,4677.623
MO,1971,4725.764
MO,1972,4758.78
MO,1973,4782.645
MO,1974,4795.93
MO,1975,4808.308
MO,1976,4839.029
MO,1977,4863.173
MO,1978,4889.399
MO,1979,4912.43
MO,1980,4921.966
MO,1981,4932.064
MO,1982,4929.451
MO,1983,4943.733
MO,1984,4975.278
MO,1985,5000.268
MO,1986,5023.068
MO,1987,5056.696
MO,1988,5081.736
MO,1989,5095.83
MO,1990,5126.37
MO,1991,5157.77
MO,1992,5193.686
MO,1993,5237.757
MO,1994,5281.206
MO,1995,5324.61
MO,1996,5367.888
MO,1997,5407.113
MO,1998,5437.562
MO,1999,5468.338
MO,2000,5607.285
MO,2001,5641.142
MO,2002,5674.825
MO,2003,5709.403
MO,2004,5747.741
MO,2005,5790.3
MO,2006,5842.704
MO,2007,5887.612
MO,2008,5923.916
MO,2009,5961.088
MO,2010,5996.089
MO,2011,6011.182
MO,2012,6026.027
MO,2013,6042.989
MO,2014,6059.13
MO,2015,6075.411
MO,2016,6091.384
MO,2017,6111.382
MO,2018,6125.986
MO,2019,6140.475
MO,2020,6154.744
MO,2021,6171.374
MO,2022,6179.414
MO,2023,6208.038
MO,2024,6245.466
MT,1900,245.0
MT,1901,261.0
MT,1902,270.0
MT,1903,282.0
MT,1904,293.0
MT,1905,305.0
MT,1906,322.0
MT,1907,332.0
MT,1908,346.0
MT,1909,363.0
MT,1910,380.0
MT,1911,397.0
MT,1912,414.0
MT,1913,433.0
MT,1914,452.0
MT,1915,469.0
MT,1916,487.0
MT,1917,505.0
MT,1918,501.0
MT,1919,534.0
MT,1920,543.0
MT,1921,546.0
MT,1922,543.0
MT,1923,538.0
MT,1924,538.0
MT,1925,535.0
MT,1926,531.0
MT,1927,527.0
MT,1928,541.0
MT,1929,524.0
MT,1930,539.0
MT,1931,540.0
MT,1932,540.0
MT,1933,541.0
MT,1934,545.0
MT,1935,550.0
MT,1936,554.0
MT,1937,554.0
MT,1938,552.0
MT,1939,555.0
MT,1940,558.0
MT,1941,543.0
MT,1942,518.0
MT,1943,485.0
MT,1944,469.0
MT,1945,477.0
MT,1946,514.0
MT,1947,531.0
MT,1948,542.0
MT,1949,569.0
MT,1950,593.0
MT,1951,596.0
MT,1952,602.0
MT,1953,616.0
MT,1954,624.0
MT,1955,636.0
MT,1956,656.0
MT,1957,667.0
MT,1958,666.0
MT,1959,669.0
MT,1960,679.0
MT,1961,696.0
MT,1962,698.0
MT,1963,703.0
MT,1964,706.0
MT,1965,706.0
MT,1966,707.0
MT,1967,701.0
MT,1968,700.0
MT,1969,694.0
MT,1970,694.409
MT,1971,710.814
MT,1972,718.732
MT,1973,726.798
MT,1974,736.419
MT,1975,748.208
MT,1976,757.317
MT,1977,769.953
MT,1978,782.317
MT,1979,787.305
MT,1980,788.752
MT,1981,795.328
MT,1982,803.986
MT,1983,814.031
MT,1984,820.905
MT,1985,822.32
MT,1986,813.739
MT,1987,805.063
MT,1988,800.202
MT,1989,799.636
MT,1990,799.824
MT,1991,807.837
MT,1992,822.436
MT,1993,839.876
MT,1994,854.923
MT,1995,868.522
MT,1996,876.656
MT,1997,878.706
MT,1998,879.533
MT,1999,882.779
MT,2000,903.773
MT,2001,906.961
MT,2002,911.667
MT,2003,919.63
MT,2004,930.009
MT,2005,940.102
MT,2006,952.692
MT,2007,964.706
MT,2008,976.415
MT,2009,983.982
MT,2010,990.73
MT,2011,997.518
MT,2012,1004.168
MT,2013,1014.158
MT,2014,1022.657
MT,2015,1031.495
MT,2016,1042.137
MT,2017,1053.862
MT,2018,1061.818
MT,2019,1070.123
MT,2020,1087.23
MT,2021,1106.522
MT,2022,1122.095
MT,2023,1131.302
MT,2024,1137.233
NE,1900,1067.0
NE,1901,1078.0
NE,1902,1089.0
NE,1903,1104.0
NE,1904,1119.0
NE,1905,1129.0
NE,1906,1138.0
NE,1907,1149.0
NE,1908,1161.0
NE,1909,1177.0
NE,1910,1198.0
NE,1911,1216.0
NE,1912,1232.0
NE,1913,1246.0
NE,1914,1264.0
NE,1915,1272.0
NE,1916,1275.0
NE,1917,1285.0
NE,1918,1266.0
NE,1919,1290.0
NE,1920,1300.0
NE,1921,1309.0
NE,1922,1312.0
NE,1923,1321.0
NE,1924,1333.0
NE,1925,1343.0
NE,1926,1353.0
NE,1927,1365.0
NE,1928,1371.0
NE,1929,1375.0
NE,1930,1380.0
NE,1931,1384.0
NE,1932,1386.0
NE,1933,1385.0
NE,1934,1382.0
NE,1935,1375.0
NE,1936,1358.0
NE,1937,1339.0
NE,1938,1326.0
NE,1939,1318.0
NE,1940,1316.0
NE,1941,1272.0
NE,1942,1239.0
NE,1943,1241.0
NE,1944,1216.0
NE,1945,1211.0
NE,1946,1256.0
NE,1947,1265.0
NE,1948,1265.0
NE,1949,1302.0
NE,1950,1327.0
NE,1951,1316.0
NE,1952,1311.0
NE,1953,1318.0
NE,1954,1340.0
NE,1955,1374.0
NE,1956,1397.0
NE,1957,1394.0
NE,1958,1383.0
NE,1959,1397.0
NE,1960,1417.0
NE,1961,1446.0
NE,1962,1464.0
NE,1963,1476.0
NE,1964,1482.0
NE,1965,1471.0
NE,1966,1456.0
NE,1967,1457.0
NE,1968,1467.0
NE,1969,1474.0
NE,1970,1485.333
NE,1971,1504.604
NE,1972,1519.013
NE,1973,1529.567
NE,1974,1539.191
NE,1975,1543.117
NE,1976,1550.911
NE,1977,1556.842
NE,1978,1563.884
NE,1979,1567.344
NE,1980,1572.296
NE,1981,1578.515
NE,1982,1581.78
NE,1983,1584.293
NE,1984,1588.639
NE,1985,1584.664
NE,1986,1574.333
NE,1987,1566.547
NE,1988,1571.477
NE,1989,1574.864
NE,1990,1580.664
NE,1991,1590.805
NE,1992,1602.406
NE,1993,1612.149
NE,1994,1621.551
NE,1995,1635.142
NE,1996,1647.657
NE,1997,1656.042
NE,1998,1660.772
NE,1999,1666.028
NE,2000,1713.82
NE,2001,1719.836
NE,2002,1728.292
NE,2003,1738.643
NE,2004,1749.37
NE,2005,1761.497
NE,2006,1772.693
NE,2007,1783.44
NE,2008,1796.378
NE,2009,1812.683
NE,2010,1829.591
NE,2011,1840.914
NE,2012,1853.691
NE,2013,1865.813
NE,2014,1879.955
NE,2015,1892.059
NE,2016,1906.483
NE,2017,1916.998
NE,2018,1925.512
NE,2019,1932.571
NE,2020,1963.387
NE,2021,1964.537
NE,2022,1972.246
NE,2023,1987.864
NE,2024,2005.465
NV,1900,43.0
NV,1901,45.0
NV,1902,49.0
NV,1903,52.0
NV,1904,56.0
NV,1905,59.0
NV,1906,64.0
NV,1907,68.0
NV,1908,73.0
NV,1909,78.0
NV,1910,82.0
NV,1911,81.0
NV,1912,81.0
NV,1913,82.0
NV,1914,83.0
NV,1915,82.0
NV,1916,82.0
NV,1917,81.0
NV,1918,77.0
NV,1919,77.0
NV,1920,78.0
NV,1921,80.0
NV,1922,81.0
NV,1923,82.0
NV,1924,84.0
NV,1925,85.0
NV,1926,87.0
NV,1927,88.0
NV,1928,89.0
NV,1929,90.0
NV,1930,92.0
NV,1931,94.0
NV,1932,96.0
NV,1933,96.0
NV,1934,98.0
NV,1935,100.0
NV,1936,101.0
NV,1937,103.0
NV,1938,105.0
NV,1939,107.0
NV,1940,113.0
NV,1941,120.0
NV,1942,137.0
NV,1943,151.0
NV,1944,153.0
NV,1945,149.0
NV,1946,143.0
NV,1947,149.0
NV,1948,156.0
NV,1949,157.0
NV,1950,162.0
NV,1951,168.0
NV,1952,181.0
NV,1953,195.0
NV,1954,213.0
NV,1955,237.0
NV,1956,250.0
NV,1957,260.0
NV,1958,269.0
NV,1959,279.0
NV,1960,291.0
NV,1961,315.0
NV,1962,352.0
NV,1963,397.0
NV,1964,426.0
NV,1965,444.0
NV,1966,446.0
NV,1967,449.0
NV,1968,464.0
NV,1969,480.0
NV,1970,488.738
NV,1971,520.018
NV,1972,546.789
NV,1973,568.991
NV,1974,596.822
NV,1975,619.972
NV,1976,646.975
NV,1977,678.333
NV,1978,719.436
NV,1979,765.367
NV,1980,810.215
NV,1981,847.655
NV,1982,881.537
NV,1983,901.977
NV,1984,924.922
NV,1985,951.03
NV,1986,980.613
NV,1987,1023.376
NV,1988,1075.022
NV,1989,1137.382
NV,1990,1218.629
NV,1991,1285.046
NV,1992,1330.694
NV,1993,1380.197
NV,1994,1456.388
NV,1995,1525.777
NV,1996,1596.476
NV,1997,1675.581
NV,1998,1743.772
NV,1999,1809.253
NV,2000,2018.741
NV,2001,2098.399
NV,2002,2173.791
NV,2003,2248.85
NV,2004,2346.222
NV,2005,2432.143
NV,2006,2522.658
NV,2007,2601.072
NV,2008,2653.63
NV,2009,2684.665
NV,2010,2702.483
NV,2011,2713.114
NV,2012,2744.67
NV,2013,2776.956
NV,2014,2818.935
NV,2015,2868.531
NV,2016,2919.555
NV,2017,2972.097
NV,2018,3030.725
NV,2019,3090.771
NV,2020,3116.967
NV,2021,3148.141
NV,2022,3176.116
NV,2023,3214.363
NV,2024,3267.467
NH,1900,412.0
NH,1901,412.0
NH,1902,409.0
NH,1903,394.0
NH,1904,407.0
NH,1905,423.0
NH,1906,415.0
NH,1907,423.0
NH,1908,428.0
NH,1909,431.0
NH,1910,431.0
NH,1911,432.0
NH,1912,434.0
NH,1913,439.0
NH,1914,442.0
NH,1915,443.0
NH,1916,445.0
NH,1917,447.0
NH,1918,440.0
NH,1919,443.0
NH,1920,444.0
NH,1921,449.0
NH,1922,451.0
NH,1923,453.0
NH,1924,457.0
NH,1925,459.0
NH,1926,463.0
NH,1927,466.0
NH,1928,468.0
NH,1929,467.0
NH,1930,466.0
NH,1931,470.0
NH,1932,474.0
NH,1933,477.0
NH,1934,480.0
NH,1935,481.0
NH,1936,481.0
NH,1937,481.0
NH,1938,485.0
NH,1939,490.0
NH,1940,492.0
NH,1941,490.0
NH,1942,481.0
NH,1943,462.0
NH,1944,456.0
NH,1945,459.0
NH,1946,494.0
NH,1947,507.0
NH,1948,520.0
NH,1949,533.0
NH,1950,532.0
NH,1951,529.0
NH,1952,535.0
NH,1953,547.0
NH,1954,554.0
NH,1955,557.0
NH,1956,566.0
NH,1957,572.0
NH,1958,581.0
NH,1959,596.0
NH,1960,609.0
NH,1961,618.0
NH,1962,632.0
NH,1963,649.0
NH,1964,663.0
NH,1965,676.0
NH,1966,681.0
NH,1967,697.0
NH,1968,709.0
NH,1969,724.0
NH,1970,737.681
NH,1971,761.851
NH,1972,781.107
NH,1973,800.951
NH,1974,815.914
NH,1975,828.555
NH,1976,845.248
NH,1977,869.763
NH,1978,891.52
NH,1979,909.074
NH,1980,924.25
NH,1981,936.621
NH,1982,947.719
NH,1983,958.134
NH,1984,976.864
NH,1985,996.753
NH,1986,1025.053
NH,1987,1054.289
NH,1988,1082.577
NH,1989,1104.522
NH,1990,1111.831
NH,1991,1107.055
NH,1992,1112.766
NH,1993,1122.191
NH,1994,1133.054
NH,1995,1145.604
NH,1996,1160.768
NH,1997,1173.239
NH,1998,1185.823
NH,1999,1201.134
NH,2000,1239.882
NH,2001,1255.517
NH,2002,1269.089
NH,2003,1279.84
NH,2004,1290.121
NH,2005,1298.492
NH,2006,1308.389
NH,2007,1312.54
NH,2008,1315.906
NH,2009,1316.102
NH,2010,1316.807
NH,2011,1320.444
NH,2012,1324.677
NH,2013,1327.272
NH,2014,1334.257
NH,2015,1337.48
NH,2016,1343.694
NH,2017,1350.395
NH,2018,1355.064
NH,2019,1360.783
NH,2020,1378.756
NH,2021,1387.677
NH,2022,1396.678
NH,2023,1402.199
NH,2024,1409.032
NJ,1900,1884.0
NJ,1901,1889.0
NJ,1902,1917.0
NJ,1903,1969.0
NJ,1904,2050.0
NJ,1905,2151.0
NJ,1906,2239.0
NJ,1907,2314.0
NJ,1908,2403.0
NJ,1909,2487.0
NJ,1910,2550.0
NJ,1911,2610.0
NJ,1912,2670.0
NJ,1913,2729.0
NJ,1914,2789.0
NJ,1915,2850.0
NJ,1916,2918.0
NJ,1917,2976.0
NJ,1918,3043.0
NJ,1919,3136.0
NJ,1920,3198.0
NJ,1921,3297.0
NJ,1922,3380.0
NJ,1923,3472.0
NJ,1924,3573.0
NJ,1925,3664.0
NJ,1926,3758.0
NJ,1927,3891.0
NJ,1928,3968.0
NJ,1929,3989.0
NJ,1930,4068.0
NJ,1931,4120.0
NJ,1932,4120.0
NJ,1933,4107.0
NJ,1934,4089.0
NJ,1935,4085.0
NJ,1936,4084.0
NJ,1937,4088.0
NJ,1938,4100.0
NJ,1939,4129.0
NJ,1940,4175.0
NJ,1941,4254.0
NJ,1942,4297.0
NJ,1943,4226.0
NJ,1944,4158.0
NJ,1945,4108.0
NJ,1946,4492.0
NJ,1947,4618.0
NJ,1948,4774.0
NJ,1949,4889.0
NJ,1950,4872.0
NJ,1951,5006.0
NJ,1952,5125.0
NJ,1953,5229.0
NJ,1954,5360.0
NJ,1955,5502.0
NJ,1956,5615.0
NJ,1957,5737.0
NJ,1958,5890.0
NJ,1959,6015.0
NJ,1960,6103.0
NJ,1961,6265.0
NJ,1962,6376.0
NJ,1963,6531.0
NJ,1964,6660.0
NJ,1965,6767.0
NJ,1966,6851.0
NJ,1967,6928.0
NJ,1968,7005.0
NJ,1969,7095.0
NJ,1970,7171.112
NJ,1971,7281.107
NJ,1972,7335.042
NJ,1973,7333.083
NJ,1974,7332.411
NJ,1975,7337.765
NJ,1976,7339.745
NJ,1977,7337.169
NJ,1978,7350.804
NJ,1979,7366.512
NJ,1980,7376.33
NJ,1981,7407.472
NJ,1982,7430.968
NJ,1983,7467.785
NJ,1984,7515.473
NJ,1985,7565.528
NJ,1986,7622.159
NJ,1987,7670.742
NJ,1988,7712.333
NJ,1989,7726.089
NJ,1990,7757.158
NJ,1991,7784.269
NJ,1992,7827.77
NJ,1993,7874.891
NJ,1994,7918.796
NJ,1995,7965.523
NJ,1996,8009.624
NJ,1997,8054.178
NJ,1998,8095.542
NJ,1999,8143.412
NJ,2000,8430.621
NJ,2001,8492.671
NJ,2002,8552.643
NJ,2003,8601.402
NJ,2004,8634.561
NJ,2005,8651.974
NJ,2006,8661.679
NJ,2007,8677.885
NJ,2008,8711.09
NJ,2009,8755.602
NJ,2010,8799.451
NJ,2011,8828.552
NJ,2012,8845.671
NJ,2013,8857.821
NJ,2014,8867.277
NJ,2015,8870.312
NJ,2016,8873.584
NJ,2017,8888.147
NJ,2018,8891.73
NJ,2019,8891.258
NJ,2020,9272.794
NJ,2021,9270.541
NJ,2022,9295.227
NJ,2023,9379.642
NJ,2024,9500.851
NM,1900,196.0
NM,1901,206.0
NM,1902,218.0
NM,1903,229.0
NM,1904,242.0
NM,1905,255.0
NM,1906,269.0
NM,1907,283.0
NM,1908,298.0
NM,1909,314.0
NM,1910,329.0
NM,1911,334.0
NM,1912,338.0
NM,1913,344.0
NM,1914,348.0
NM,1915,351.0
NM,1916,354.0
NM,1917,361.0
NM,1918,382.0
NM,1919,362.0
NM,1920,363.0
NM,1921,370.0
NM,1922,375.0
NM,1923,382.0
NM,1924,390.0
NM,1925,396.0
NM,1926,403.0
NM,1927,410.0
NM,1928,416.0
NM,1929,420.0
NM,1930,427.0
NM,1931,436.0
NM,1932,441.0
NM,1933,449.0
NM,1934,461.0
NM,1935,475.0
NM,1936,489.0
NM,1937,503.0
NM,1938,513.0
NM,1939,523.0
NM,1940,531.0
NM,1941,506.0
NM,1942,502.0
NM,1943,534.0
NM,1944,527.0
NM,1945,537.0
NM,1946,561.0
NM,1947,582.0
NM,1948,604.0
NM,1949,644.0
NM,1950,689.0
NM,1951,717.0
NM,1952,735.0
NM,1953,756.0
NM,1954,763.0
NM,1955,785.0
NM,1956,806.0
NM,1957,847.0
NM,1958,886.0
NM,1959,919.0
NM,1960,954.0
NM,1961,965.0
NM,1962,979.0
NM,1963,989.0
NM,1964,1006.0
NM,1965,1012.0
NM,1966,1007.0
NM,1967,1000.0
NM,1968,994.0
NM,1969,1011.0
NM,1970,1017.055
NM,1971,1053.737
NM,1972,1078.697
NM,1973,1105.529
NM,1974,1131.309
NM,1975,1159.944
NM,1976,1189.295
NM,1977,1215.72
NM,1978,1238.034
NM,1979,1284.722
NM,1980,1309.4
NM,1981,1332.748
NM,1982,1363.823
NM,1983,1394.361
NM,1984,1416.717
NM,1985,1438.361
NM,1986,1462.729
NM,1987,1478.52
NM,1988,1490.337
NM,1989,1503.901
NM,1990,1519.933
NM,1991,1547.115
NM,1992,1580.75
NM,1993,1614.937
NM,1994,1653.329
NM,1995,1682.417
NM,1996,1706.151
NM,1997,1722.939
NM,1998,1733.535
NM,1999,1739.844
NM,2000,1821.204
NM,2001,1831.69
NM,2002,1855.309
NM,2003,1877.574
NM,2004,1903.808
NM,2005,1932.274
NM,2006,1962.137
NM,2007,1990.07
NM,2008,2010.662
NM,2009,2036.802
NM,2010,2064.614
NM,2011,2080.707
NM,2012,2087.715
NM,2013,2092.833
NM,2014,2090.236
NM,2015,2090.071
NM,2016,2092.555
NM,2017,2092.844
NM,2018,2093.754
NM,2019,2099.634
NM,2020,2118.606
NM,2021,2117.333
NM,2022,2113.868
NM,2023,2121.164
NM,2024,2130.256
NY,1900,7283.0
NY,1901,7449.0
NY,1902,7612.0
NY,1903,7771.0
NY,1904,7927.0
NY,1905,8084.0
NY,1906,8289.0
NY,1907,8499.0
NY,1908,8714.0
NY,1909,8935.0
NY,1910,9137.0
NY,1911,9249.0
NY,1912,9361.0
NY,1913,9473.0
NY,1914,9585.0
NY,1915,9700.0
NY,1916,9848.0
NY,1917,9993.0
NY,1918,9936.0
NY,1919,10252.0
NY,1920,10282.0
NY,1921,10416.0
NY,1922,10589.0
NY,1923,10752.0
NY,1924,10953.0
NY,1925,11186.0
NY,1926,11257.0
NY,1927,11174.0
NY,1928,11599.0
NY,1929,12171.0
NY,1930,12647.0
NY,1931,12848.0
NY,1932,13001.0
NY,1933,13126.0
NY,1934,13253.0
NY,1935,13375.0
NY,1936,13481.0
NY,1937,13511.0
NY,1938,13512.0
NY,1939,13523.0
NY,1940,13456.0
NY,1941,13267.0
NY,1942,13002.0
NY,1943,12807.0
NY,1944,12628.0
NY,1945,12495.0
NY,1946,13398.0
NY,1947,13982.0
NY,1948,14497.0
NY,1949,14892.0
NY,1950,14865.0
NY,1951,14890.0
NY,1952,15192.0
NY,1953,15527.0
NY,1954,15814.0
NY,1955,15966.0
NY,1956,16112.0
NY,1957,16374.0
NY,1958,16601.0
NY,1959,16685.0
NY,1960,16838.0
NY,1961,17061.0
NY,1962,17301.0
NY,1963,17461.0
NY,1964,17589.0
NY,1965,17734.0
NY,1966,17843.0
NY,1967,17935.0
NY,1968,18051.0
NY,1969,18105.0
NY,1970,18241.391
NY,1971,18357.982
NY,1972,18339.4
NY,1973,18177.063
NY,1974,18049.775
NY,1975,18003.485
NY,1976,17940.541
NY,1977,17812.602
NY,1978,17680.589
NY,1979,17583.838
NY,1980,17566.754
NY,1981,17567.734
NY,1982,17589.738
NY,1983,17686.905
NY,1984,17745.684
NY,1985,17791.672
NY,1986,17833.419
NY,1987,17868.848
NY,1988,17941.309
NY,1989,17983.086
NY,1990,18002.855
NY,1991,18029.532
NY,1992,18082.032
NY,1993,18140.894
NY,1994,18156.652
NY,1995,18150.928
NY,1996,18143.805
NY,1997,18143.184
NY,1998,18159.175
NY,1999,18196.601
NY,2000,19001.78
NY,2001,19082.838
NY,2002,19137.8
NY,2003,19175.939
NY,2004,19171.567
NY,2005,19132.61
NY,2006,19104.631
NY,2007,19132.335
NY,2008,19212.436
NY,2009,19307.066
NY,2010,19399.956
NY,2011,19499.921
NY,2012,19574.362
NY,2013,19626.488
NY,2014,19653.431
NY,2015,19657.321
NY,2016,19636.391
NY,2017,19593.849
NY,2018,19544.098
NY,2019,19463.131
NY,2020,20105.171
NY,2021,19848.276
NY,2022,19703.747
NY,2023,19737.367
NY,2024,19867.248
NC,1900,1897.0
NC,1901,1926.0
NC,1902,1956.0
NC,1903,1986.0
NC,1904,2017.0
NC,1905,2051.0
NC,1906,2077.0
NC,1907,2105.0
NC,1908,2142.0
NC,1909,2174.0
NC,1910,2221.0
NC,1911,2276.0
NC,1912,2313.0
NC,1913,2362.0
NC,1914,2421.0
NC,1915,2473.0
NC,1916,2513.0
NC,1917,2546.0
NC,1918,2522.0
NC,1919,2535.0
NC,1920,2588.0
NC,1921,2651.0
NC,1922,2700.0
NC,1923,2761.0
NC,1924,2830.0
NC,1925,2895.0
NC,1926,2959.0
NC,1927,3027.0
NC,1928,3082.0
NC,1929,3133.0
NC,1930,3167.0
NC,1931,3184.0
NC,1932,3227.0
NC,1933,3268.0
NC,1934,3304.0
NC,1935,3323.0
NC,1936,3346.0
NC,1937,3385.0
NC,1938,3440.0
NC,1939,3514.0
NC,1940,3574.0
NC,1941,3589.0
NC,1942,3569.0
NC,1943,3654.0
NC,1944,3560.0
NC,1945,3533.0
NC,1946,3706.0
NC,1947,3769.0
NC,1948,3837.0
NC,1949,3911.0
NC,1950,4068.0
NC,1951,4120.0
NC,1952,4109.0
NC,1953,4120.0
NC,1954,4131.0
NC,1955,4242.0
NC,1956,4309.0
NC,1957,4368.0
NC,1958,4376.0
NC,1959,4458.0
NC,1960,4573.0
NC,1961,4663.0
NC,1962,4707.0
NC,1963,4742.0
NC,1964,4802.0
NC,1965,4863.0
NC,1966,4896.0
NC,1967,4952.0
NC,1968,5004.0
NC,1969,5031.0
NC,1970,5084.411
NC,1971,5203.531
NC,1972,5301.15
NC,1973,5389.852
NC,1974,5470.911
NC,1975,5547.188
NC,1976,5607.964
NC,1977,5685.607
NC,1978,5759.492
NC,1979,5823.491
NC,1980,5898.98
NC,1981,5956.653
NC,1982,6019.101
NC,1983,6077.056
NC,1984,6164.006
NC,1985,6253.954
NC,1986,6321.578
NC,1987,6403.7
NC,1988,6480.594
NC,1989,6565.459
NC,1990,6656.987
NC,1991,6748.135
NC,1992,6831.85
NC,1993,6947.412
NC,1994,7060.959
NC,1995,7185.403
NC,1996,7307.658
NC,1997,7428.672
NC,1998,7545.828
NC,1999,7650.789
NC,2000,8081.614
NC,2001,8210.122
NC,2002,8326.201
NC,2003,8422.501
NC,2004,8553.152
NC,2005,8705.407
NC,2006,8917.27
NC,2007,9118.037
NC,2008,9309.449
NC,2009,9449.566
NC,2010,9574.586
NC,2011,9658.913
NC,2012,9751.81
NC,2013,9846.717
NC,2014,9937.295
NC,2015,10037.218
NC,2016,10161.802
NC,2017,10275.758
NC,2018,10391.358
NC,2019,10501.384
NC,2020,10449.652
NC,2021,10564.32
NC,2022,10710.793
NC,2023,10881.189
NC,2024,11046.024
ND,1900,321.0
ND,1901,346.0
ND,1902,371.0
ND,1903,396.0
ND,1904,421.0
ND,1905,446.0
ND,1906,474.0
ND,1907,501.0
ND,1908,528.0
ND,1909,555.0
ND,1910,580.0
ND,1911,584.0
ND,1912,603.0
ND,1913,609.0
ND,1914,620.0
ND,1915,641.0
ND,1916,652.0
ND,1917,661.0
ND,1918,636.0
ND,1919,648.0
ND,1920,646.0
ND,1921,646.0
ND,1922,647.0
ND,1923,648.0
ND,1924,642.0
ND,1925,643.0
ND,1926,651.0
ND,1927,657.0
ND,1928,665.0
ND,1929,674.0
ND,1930,682.0
ND,1931,680.0
ND,1932,676.0
ND,1933,674.0
ND,1934,672.0
ND,1935,670.0
ND,1936,664.0
ND,1937,655.0
ND,1938,647.0
ND,1939,644.0
ND,1940,640.0
ND,1941,615.0
ND,1942,583.0
ND,1943,546.0
ND,1944,534.0
ND,1945,546.0
ND,1946,570.0
ND,1947,578.0
ND,1948,580.0
ND,1949,597.0
ND,1950,619.0
ND,1951,604.0
ND,1952,608.0
ND,1953,609.0
ND,1954,611.0
ND,1955,615.0
ND,1956,613.0
ND,1957,612.0
ND,1958,606.0
ND,1959,618.0
ND,1960,634.0
ND,1961,641.0
ND,1962,637.0
ND,1963,644.0
ND,1964,649.0
ND,1965,649.0
ND,1966,647.0
ND,1967,626.0
ND,1968,621.0
ND,1969,621.0
ND,1970,617.792
ND,1971,626.76
ND,1972,631.119
ND,1973,632.675
ND,1974,634.559
ND,1975,638.886
ND,1976,645.797
ND,1977,649.769
ND,1978,651.301
ND,1979,652.896
ND,1980,654.38
ND,1981,659.505
ND,1982,668.972
ND,1983,676.688
ND,1984,680.497
ND,1985,676.98
ND,1986,669.512
ND,1987,661.136
ND,1988,655.331
ND,1989,646.351
ND,1990,637.364
ND,1991,634.199
ND,1992,635.427
ND,1993,637.229
ND,1994,639.762
ND,1995,641.548
ND,1996,642.858
ND,1997,640.945
ND,1998,637.808
ND,1999,633.666
ND,2000,642.023
ND,2001,639.062
ND,2002,638.168
ND,2003,638.817
ND,2004,644.705
ND,2005,646.089
ND,2006,649.422
ND,2007,652.822
ND,2008,657.569
ND,2009,664.968
ND,2010,674.752
ND,2011,685.526
ND,2012,702.227
ND,2013,723.149
ND,2014,738.736
ND,2015,755.537
ND,2016,756.114
ND,2017,756.755
ND,2018,760.062
ND,2019,763.724
ND,2020,779.563
ND,2021,777.966
ND,2022,781.057
ND,2023,789.047
ND,2024,796.568
OH,1900,4161.0
OH,1901,4216.0
OH,1902,4322.0
OH,1903,4386.0
OH,1904,4458.0
OH,1905,4530.0
OH,1906,4587.0
OH,1907,4630.0
OH,1908,4677.0
OH,1909,4701.0
OH,1910,4786.0
OH,1911,4821.0
OH,1912,4893.0
OH,1913,4997.0
OH,1914,5109.0
OH,1915,5251.0
OH,1916,5366.0
OH,1917,5510.0
OH,1918,5547.0
OH,1919,5683.0
OH,1920,5799.0
OH,1921,5921.0
OH,1922,6054.0
OH,1923,6183.0
OH,1924,6319.0
OH,1925,6434.0
OH,1926,6504.0
OH,1927,6577.0
OH,1928,6608.0
OH,1929,6626.0
OH,1930,6662.0
OH,1931,6694.0
OH,1932,6717.0
OH,1933,6740.0
OH,1934,6751.0
OH,1935,6787.0
OH,1936,6801.0
OH,1937,6809.0
OH,1938,6837.0
OH,1939,6886.0
OH,1940,6929.0
OH,1941,6958.0
OH,1942,6969.0
OH,1943,6868.0
OH,1944,6918.0
OH,1945,6916.0
OH,1946,7512.0
OH,1947,7705.0
OH,1948,7876.0
OH,1949,7973.0
OH,1950,7980.0
OH,1951,8061.0
OH,1952,8275.0
OH,1953,8591.0
OH,1954,8873.0
OH,1955,9017.0
OH,1956,9207.0
OH,1957,9410.0
OH,1958,9599.0
OH,1959,9671.0
OH,1960,9734.0
OH,1961,9854.0
OH,1962,9929.0
OH,1963,9986.0
OH,1964,10080.0
OH,1965,10201.0
OH,1966,10330.0
OH,1967,10414.0
OH,1968,10516.0
OH,1969,10563.0
OH,1970,10657.423
OH,1971,10734.818
OH,1972,10746.993
OH,1973,10767.314
OH,1974,10765.759
OH,1975,10770.425
OH,1976,10752.662
OH,1977,10771.394
OH,1978,10795.581
OH,1979,10798.298
OH,1980,10800.65
OH,1981,10788.33
OH,1982,10757.087
OH,1983,10737.632
OH,1984,10737.746
OH,1985,10734.926
OH,1986,10730.268
OH,1987,10760.09
OH,1988,10798.552
OH,1989,10829.217
OH,1990,10861.837
OH,1991,10933.683
OH,1992,11007.609
OH,1993,11070.385
OH,1994,11111.451
OH,1995,11155.493
OH,1996,11187.032
OH,1997,11212.498
OH,1998,11237.752
OH,1999,11256.654
OH,2000,11363.543
OH,2001,11387.404
OH,2002,11407.889
OH,2003,11434.788
OH,2004,11452.251
OH,2005,11463.32
OH,2006,11481.213
OH,2007,11500.468
OH,2008,11515.391
OH,2009,11528.896
OH,2010,11539.449
OH,2011,11545.735
OH,2012,11550.971
OH,2013,11579.692
OH,2014,11606.573
OH,2015,11622.315
OH,2016,11640.06
OH,2017,11665.706
OH,2018,11680.892
OH,2019,11696.507
OH,2020,11798.905
OH,2021,11767.344
OH,2022,11777.874
OH,2023,11824.034
OH,2024,11883.304
OK,1900,800.0
OK,1901,916.0
OK,1902,1027.0
OK,1903,1118.0
OK,1904,1200.0
OK,1905,1277.0
OK,1906,1349.0
OK,1907,1414.0
OK,1908,1498.0
OK,1909,1585.0
OK,1910,1671.0
OK,1911,1714.0
OK,1912,1737.0
OK,1913,1777.0
OK,1914,1824.0
OK,1915,1860.0
OK,1916,1907.0
OK,1917,1960.0
OK,1918,1969.0
OK,1919,2003.0
OK,1920,2055.0
OK,1921,2108.0
OK,1922,2140.0
OK,1923,2159.0
OK,1924,2179.0
OK,1925,2216.0
OK,1926,2256.0
OK,1927,2306.0
OK,1928,2344.0
OK,1929,2372.0
OK,1930,2401.0
OK,1931,2403.0
OK,1932,2394.0
OK,1933,2392.0
OK,1934,2391.0
OK,1935,2386.0
OK,1936,2365.0
OK,1937,2334.0
OK,1938,2324.0
OK,1939,2333.0
OK,1940,2325.0
OK,1941,2262.0
OK,1942,2215.0
OK,1943,2205.0
OK,1944,2043.0
OK,1945,2028.0
OK,1946,2128.0
OK,1947,2133.0
OK,1948,2089.0
OK,1949,2105.0
OK,1950,2229.0
OK,1951,2210.0
OK,1952,2219.0
OK,1953,2182.0
OK,1954,2209.0
OK,1955,2250.0
OK,1956,2273.0
OK,1957,2282.0
OK,1958,2267.0
OK,1959,2289.0
OK,1960,2336.0
OK,1961,2380.0
OK,1962,2427.0
OK,1963,2439.0
OK,1964,2446.0
OK,1965,2440.0
OK,1966,2454.0
OK,1967,2489.0
OK,1968,2503.0
OK,1969,2535.0
OK,1970,2559.463
OK,1971,2618.601
OK,1972,2658.646
OK,1973,2695.931
OK,1974,2734.768
OK,1975,2774.683
OK,1976,2826.815
OK,1977,2870.014
OK,1978,2917.336
OK,1979,2975.31
OK,1980,3040.758
OK,1981,3096.164
OK,1982,3206.123
OK,1983,3290.402
OK,1984,3285.533
OK,1985,3271.332
OK,1986,3252.735
OK,1987,3210.122
OK,1988,3167.057
OK,1989,3150.307
OK,1990,3147.105
OK,1991,3166.471
OK,1992,3204.174
OK,1993,3228.829
OK,1994,3246.119
OK,1995,3265.547
OK,1996,3289.634
OK,1997,3314.259
OK,1998,3339.478
OK,1999,3358.044
OK,2000,3454.365
OK,2001,3467.1
OK,2002,3489.08
OK,2003,3504.892
OK,2004,3525.233
OK,2005,3548.597
OK,2006,3594.09
OK,2007,3634.349
OK,2008,3668.976
OK,2009,3717.572
OK,2010,3760.014
OK,2011,3788.824
OK,2012,3819.32
OK,2013,3853.891
OK,2014,3879.187
OK,2015,3910.518
OK,2016,3928.143
OK,2017,3933.602
OK,2018,3943.488
OK,2019,3960.676
OK,2020,3965.415
OK,2021,3992.238
OK,2022,4026.229
OK,2023,4063.882
OK,2024,4095.393
OR,1900,415.0
OR,1901,434.0
OR,1902,454.0
OR,1903,479.0
OR,1904,504.0
OR,1905,530.0
OR,1906,555.0
OR,1907,580.0
OR,1908,610.0
OR,1909,643.0
OR,1910,677.0
OR,1911,692.0
OR,1912,706.0
OR,1913,722.0
OR,1914,736.0
OR,1915,745.0
OR,1916,756.0
OR,1917,763.0
OR,1918,763.0
OR,1919,774.0
OR,1920,788.0
OR,1921,798.0
OR,1922,814.0
OR,1923,833.0
OR,1924,856.0
OR,1925,883.0
OR,1926,905.0
OR,1927,925.0
OR,1928,936.0
OR,1929,947.0
OR,1930,956.0
OR,1931,966.0
OR,1932,972.0
OR,1933,978.0
OR,1934,985.0
OR,1935,1001.0
OR,1936,1025.0
OR,1937,1048.0
OR,1938,1067.0
OR,1939,1081.0
OR,1940,1086.0
OR,1941,1071.0
OR,1942,1107.0
OR,1943,1221.0
OR,1944,1233.0
OR,1945,1250.0
OR,1946,1338.0
OR,1947,1361.0
OR,1948,1405.0
OR,1949,1431.0
OR,1950,1532.0
OR,1951,1556.0
OR,1952,1582.0
OR,1953,1601.0
OR,1954,1626.0
OR,1955,1659.0
OR,1956,1698.0
OR,1957,1712.0
OR,1958,1718.0
OR,1959,1746.0
OR,1960,1772.0
OR,1961,1787.0
OR,1962,1818.0
OR,1963,1853.0
OR,1964,1888.0
OR,1965,1937.0
OR,1966,1969.0
OR,1967,1979.0
OR,1968,2004.0
OR,1969,2062.0
OR,1970,2091.533
OR,1971,2151.022
OR,1972,2197.297
OR,1973,2241.932
OR,1974,2285.013
OR,1975,2329.661
OR,1976,2378.262
OR,1977,2446.673
OR,1978,2518.298
OR,1979,2588.012
OR,1980,2641.218
OR,1981,2667.982
OR,1982,2664.922
OR,1983,2653.066
OR,1984,2666.588
OR,1985,2672.652
OR,1986,2683.528
OR,1987,2700.991
OR,1988,2741.297
OR,1989,2790.575
OR,1990,2858.547
OR,1991,2918.745
OR,1992,2973.934
OR,1993,3034.49
OR,1994,3087.142
OR,1995,3141.421
OR,1996,3195.087
OR,1997,3243.254
OR,1998,3282.055
OR,1999,3316.154
OR,2000,3429.708
OR,2001,3467.937
OR,2002,3513.424
OR,2003,3547.376
OR,2004,3569.463
OR,2005,3613.202
OR,2006,3670.883
OR,2007,3722.417
OR,2008,3768.748
OR,2009,3808.6
OR,2010,3837.614
OR,2011,3872.672
OR,2012,3900.102
OR,2013,3924.11
OR,2014,3965.447
OR,2015,4018.542
OR,2016,4093.271
OR,2017,4147.294
OR,2018,4183.538
OR,2019,4216.116
OR,2020,4243.779
OR,2021,4254.28
OR,2022,4247.372
OR,2023,4253.653
OR,2024,4272.371
PA,1900,6313.0
PA,1901,6439.0
PA,1902,6567.0
PA,1903,6699.0
PA,1904,6833.0
PA,1905,6970.0
PA,1906,7110.0
PA,1907,7253.0
PA,1908,7398.0
PA,1909,7546.0
PA,1910,7706.0
PA,1911,7850.0
PA,1912,7986.0
PA,1913,8139.0
PA,1914,8276.0
PA,1915,8362.0
PA,1916,8463.0
PA,1917,8578.0
PA,1918,8524.0
PA,1919,8643.0
PA,1920,8740.0
PA,1921,8900.0
PA,1922,8982.0
PA,1923,9148.0
PA,1924,9383.0
PA,1925,9478.0
PA,1926,9594.0
PA,1927,9745.0
PA,1928,9802.0
PA,1929,9723.0
PA,1930,9649.0
PA,1931,9707.0
PA,1932,9764.0
PA,1933,9784.0
PA,1934,9795.0
PA,1935,9774.0
PA,1936,9767.0
PA,1937,9790.0
PA,1938,9952.0
PA,1939,9901.0
PA,1940,9896.0
PA,1941,9911.0
PA,1942,9704.0
PA,1943,9444.0
PA,1944,9214.0
PA,1945,9143.0
PA,1946,9866.0
PA,1947,10196.0
PA,1948,10287.0
PA,1949,10390.0
PA,1950,10507.0
PA,1951,10461.0
PA,1952,10503.0
PA,1953,10662.0
PA,1954,10817.0
PA,1955,10939.0
PA,1956,10972.0
PA,1957,10954.0
PA,1958,11058.0
PA,1959,11234.0
PA,1960,11329.0
PA,1961,11392.0
PA,1962,11355.0
PA,1963,11424.0
PA,1964,11519.0
PA,1965,11620.0
PA,1966,11664.0
PA,1967,11681.0
PA,1968,11741.0
PA,1969,11741.0
PA,1970,11800.766
PA,1971,11886.4
PA,1972,11908.233
PA,1973,11890.527
PA,1974,11870.884
PA,1975,11906.095
PA,1976,11897.378
PA,1977,11893.591
PA,1978,11879.396
PA,1979,11887.975
PA,1980,11868.305
PA,1981,11858.567
PA,1982,11845.146
PA,1983,11837.723
PA,1984,11815.172
PA,1985,11770.862
PA,1986,11782.752
PA,1987,11810.866
PA,1988,11845.752
PA,1989,11865.996
PA,1990,11895.604
PA,1991,11943.16
PA,1992,11980.819
PA,1993,12022.128
PA,1994,12042.545
PA,1995,12044.78
PA,1996,12038.008
PA,1997,12015.888
PA,1998,12002.329
PA,1999,11994.016
PA,2000,12284.173
PA,2001,12298.97
PA,2002,12331.031
PA,2003,12374.658
PA,2004,12410.722
PA,2005,12449.99
PA,2006,12510.809
PA,2007,12563.937
PA,2008,12612.285
PA,2009,12666.858
PA,2010,12711.406
PA,2011,12747.052
PA,2012,12769.123
PA,2013,12779.538
PA,2014,12792.392
PA,2015,12789.838
PA,2016,12788.468
PA,2017,12794.679
PA,2018,12809.107
PA,2019,12798.883
PA,2020,12996.143
PA,2021,13015.571
PA,2022,12984.99
PA,2023,13017.721
PA,2024,13078.751
RI,1900,430.0
RI,1901,441.0
RI,1902,450.0
RI,1903,460.0
RI,1904,471.0
RI,1905,481.0
RI,1906,492.0
RI,1907,505.0
RI,1908,519.0
RI,1909,532.0
RI,1910,545.0
RI,1911,556.0
RI,1912,567.0
RI,1913,578.0
RI,1914,589.0
RI,1915,597.0
RI,1916,598.0
RI,1917,606.0
RI,1918,604.0
RI,1919,603.0
RI,1920,613.0
RI,1921,629.0
RI,1922,644.0
RI,1923,656.0
RI,1924,669.0
RI,1925,680.0
RI,1926,681.0
RI,1927,677.0
RI,1928,678.0
RI,1929,684.0
RI,1930,686.0
RI,1931,681.0
RI,1932,677.0
RI,1933,675.0
RI,1934,675.0
RI,1935,678.0
RI,1936,686.0
RI,1937,694.0
RI,1938,694.0
RI,1939,701.0
RI,1940,719.0
RI,1941,731.0
RI,1942,748.0
RI,1943,760.0
RI,1944,795.0
RI,1945,776.0
RI,1946,770.0
RI,1947,776.0
RI,1948,787.0
RI,1949,801.0
RI,1950,786.0
RI,1951,784.0
RI,1952,802.0
RI,1953,815.0
RI,1954,816.0
RI,1955,823.0
RI,1956,840.0
RI,1957,851.0
RI,1958,858.0
RI,1959,857.0
RI,1960,855.0
RI,1961,858.0
RI,1962,871.0
RI,1963,876.0
RI,1964,885.0
RI,1965,893.0
RI,1966,899.0
RI,1967,909.0
RI,1968,922.0
RI,1969,932.0
RI,1970,949.723
RI,1971,963.107
RI,1972,974.79
RI,1973,975.738
RI,1974,950.615
RI,1975,942.788
RI,1976,946.089
RI,1977,950.23
RI,1978,951.816
RI,1979,950.382
RI,1980,948.773
RI,1981,953.013
RI,1982,954.17
RI,1983,956.382
RI,1984,961.894
RI,1985,968.955
RI,1986,977.341
RI,1987,989.604
RI,1988,996.408
RI,1989,1000.666
RI,1990,1004.649
RI,1991,1003.99
RI,1992,1000.571
RI,1993,997.852
RI,1994,993.412
RI,1995,989.203
RI,1996,987.858
RI,1997,986.966
RI,1998,987.704
RI,1999,990.819
RI,2000,1050.268
RI,2001,1057.142
RI,2002,1065.995
RI,2003,1071.342
RI,2004,1074.579
RI,2005,1067.916
RI,2006,1063.096
RI,2007,1057.315
RI,2008,1055.003
RI,2009,1053.646
RI,2010,1053.994
RI,2011,1053.829
RI,2012,1054.893
RI,2013,1055.56
RI,2014,1056.511
RI,2015,1056.886
RI,2016,1057.816
RI,2017,1056.554
RI,2018,1059.338
RI,2019,1058.158
RI,2020,1096.53
RI,2021,1097.246
RI,2022,1099.498
RI,2023,1103.429
RI,2024,1112.308
SC,1900,1342.0
SC,1901,1361.0
SC,1902,1379.0
SC,1903,1397.0
SC,1904,1415.0
SC,1905,1433.0
SC,1906,1451.0
SC,1907,1468.0
SC,1908,1485.0
SC,1909,1502.0
SC,1910,1523.0
SC,1911,1548.0
SC,1912,1572.0
SC,1913,1599.0
SC,1914,1622.0
SC,1915,1635.0
SC,1916,1650.0
SC,1917,1675.0
SC,1918,1746.0
SC,1919,1687.0
SC,1920,1685.0
SC,1921,1693.0
SC,1922,1692.0
SC,1923,1699.0
SC,1924,1710.0
SC,1925,1718.0
SC,1926,1726.0
SC,1927,1736.0
SC,1928,1739.0
SC,1929,1739.0
SC,1930,1745.0
SC,1931,1753.0
SC,1932,1748.0
SC,1933,1752.0
SC,1934,1760.0
SC,1935,1769.0
SC,1936,1781.0
SC,1937,1802.0
SC,1938,1834.0
SC,1939,1872.0
SC,1940,1902.0
SC,1941,1962.0
SC,1942,2007.0
SC,1943,1967.0
SC,1944,1943.0
SC,1945,1934.0
SC,1946,1936.0
SC,1947,1992.0
SC,1948,1996.0
SC,1949,2029.0
SC,1950,2113.0
SC,1951,2167.0
SC,1952,2178.0
SC,1953,2181.0
SC,1954,2176.0
SC,1955,2200.0
SC,1956,2229.0
SC,1957,2274.0
SC,1958,2304.0
SC,1959,2348.0
SC,1960,2392.0
SC,1961,2409.0
SC,1962,2423.0
SC,1963,2460.0
SC,1964,2475.0
SC,1965,2494.0
SC,1966,2520.0
SC,1967,2533.0
SC,1968,2559.0
SC,1969,2570.0
SC,1970,2590.713
SC,1971,2662.269
SC,1972,2719.197
SC,1973,2776.605
SC,1974,2844.749
SC,1975,2902.028
SC,1976,2943.657
SC,1977,2991.681
SC,1978,3044.364
SC,1979,3090.267
SC,1980,3134.502
SC,1981,3179.255
SC,1982,3207.614
SC,1983,3234.066
SC,1984,3271.868
SC,1985,3303.209
SC,1986,3342.758
SC,1987,3380.506
SC,1988,3412.096
SC,1989,3456.775
SC,1990,3499.064
SC,1991,3559.47
SC,1992,3600.576
SC,1993,3634.507
SC,1994,3666.456
SC,1995,3699.943
SC,1996,3738.974
SC,1997,3790.066
SC,1998,3839.578
SC,1999,3885.736
SC,2000,4024.223
SC,2001,4064.995
SC,2002,4107.795
SC,2003,4150.297
SC,2004,4210.921
SC,2005,4270.15
SC,2006,4357.847
SC,2007,4444.11
SC,2008,4528.996
SC,2009,4589.872
SC,2010,4635.846
SC,2011,4672.655
SC,2012,4719.027
SC,2013,4766.469
SC,2014,4826.858
SC,2015,4896.006
SC,2016,4963.031
SC,2017,5027.102
SC,2018,5091.702
SC,2019,5157.702
SC,2020,5132.249
SC,2021,5194.274
SC,2022,5287.935
SC,2023,5387.83
SC,2024,5478.831
SD,1900,403.0
SD,1901,418.0
SD,1902,431.0
SD,1903,437.0
SD,1904,452.0
SD,1905,461.0
SD,1906,477.0
SD,1907,498.0
SD,1908,527.0
SD,1909,553.0
SD,1910,590.0
SD,1911,602.0
SD,1912,592.0
SD,1913,584.0
SD,1914,581.0
SD,1915,585.0
SD,1916,595.0
SD,1917,599.0
SD,1918,570.0
SD,1919,606.0
SD,1920,640.0
SD,1921,652.0
SD,1922,660.0
SD,1923,669.0
SD,1924,673.0
SD,1925,682.0
SD,1926,683.0
SD,1927,682.0
SD,1928,685.0
SD,1929,690.0
SD,1930,693.0
SD,1931,694.0
SD,1932,692.0
SD,1933,690.0
SD,1934,682.0
SD,1935,674.0
SD,1936,666.0
SD,1937,656.0
SD,1938,649.0
SD,1939,645.0
SD,1940,641.0
SD,1941,613.0
SD,1942,589.0
SD,1943,587.0
SD,1944,565.0
SD,1945,579.0
SD,1946,588.0
SD,1947,601.0
SD,1948,612.0
SD,1949,631.0
SD,1950,655.0
SD,1951,655.0
SD,1952,651.0
SD,1953,648.0
SD,1954,655.0
SD,1955,663.0
SD,1956,670.0
SD,1957,666.0
SD,1958,656.0
SD,1959,667.0
SD,1960,683.0
SD,1961,693.0
SD,1962,705.0
SD,1963,708.0
SD,1964,701.0
SD,1965,692.0
SD,1966,683.0
SD,1967,671.0
SD,1968,669.0
SD,1969,668.0
SD,1970,666.257
SD,1971,671.297
SD,1972,677.234
SD,1973,678.715
SD,1974,679.585
SD,1975,681.042
SD,1976,686.39
SD,1977,688.48
SD,1978,688.58
SD,1979,688.335
SD,1980,690.851
SD,1981,689.584
SD,1982,690.597
SD,1983,693.008
SD,1984,697.249
SD,1985,698.402
SD,1986,696.034
SD,1987,696.036
SD,1988,698.165
SD,1989,696.701
SD,1990,696.667
SD,1991,701.445
SD,1992,708.698
SD,1993,716.258
SD,1994,723.038
SD,1995,728.251
SD,1996,730.699
SD,1997,730.855
SD,1998,730.789
SD,1999,733.133
SD,2000,755.844
SD,2001,757.972
SD,2002,760.02
SD,2003,763.729
SD,2004,770.396
SD,2005,775.493
SD,2006,783.033
SD,2007,791.623
SD,2008,799.124
SD,2009,807.067
SD,2010,816.193
SD,2011,823.74
SD,2012,833.859
SD,2013,842.751
SD,2014,849.67
SD,2015,854.663
SD,2016,863.693
SD,2017,873.732
SD,2018,879.386
SD,2019,887.127
SD,2020,887.948
SD,2021,896.492
SD,2022,909.723
SD,2023,918.305
SD,2024,924.669
TN,1900,2023.0
TN,1901,2041.0
TN,1902,2060.0
TN,1903,2082.0
TN,1904,2086.0
TN,1905,2111.0
TN,1906,2136.0
TN,1907,2136.0
TN,1908,2164.0
TN,1909,2177.0
TN,1910,2191.0
TN,1911,2197.0
TN,1912,2218.0
TN,1913,2257.0
TN,1914,2289.0
TN,1915,2294.0
TN,1916,2304.0
TN,1917,2331.0
TN,1918,2288.0
TN,1919,2305.0
TN,1920,2329.0
TN,1921,2369.0
TN,1922,2424.0
TN,1923,2463.0
TN,1924,2502.0
TN,1925,2531.0
TN,1926,2553.0
TN,1927,2608.0
TN,1928,2624.0
TN,1929,2604.0
TN,1930,2619.0
TN,1931,2657.0
TN,1932,2711.0
TN,1933,2747.0
TN,1934,2784.0
TN,1935,2798.0
TN,1936,2791.0
TN,1937,2795.0
TN,1938,2821.0
TN,1939,2874.0
TN,1940,2935.0
TN,1941,2973.0
TN,1942,2939.0
TN,1943,2972.0
TN,1944,2868.0
TN,1945,2878.0
TN,1946,3074.0
TN,1947,3166.0
TN,1948,3216.0
TN,1949,3236.0
TN,1950,3315.0
TN,1951,3372.0
TN,1952,3352.0
TN,1953,3319.0
TN,1954,3359.0
TN,1955,3415.0
TN,1956,3415.0
TN,1957,3434.0
TN,1958,3471.0
TN,1959,3522.0
TN,1960,3575.0
TN,1961,3622.0
TN,1962,3673.0
TN,1963,3718.0
TN,1964,3771.0
TN,1965,3798.0
TN,1966,3822.0
TN,1967,3859.0
TN,1968,3878.0
TN,1969,3897.0
TN,1970,3926.018
TN,1971,4013.608
TN,1972,4094.611
TN,1973,4147.401
TN,1974,4213.509
TN,1975,4275.566
TN,1976,4346.928
TN,1977,4422.921
TN,1978,4486.314
TN,1979,4560.473
TN,1980,4600.252
TN,1981,4627.658
TN,1982,4646.041
TN,1983,4659.749
TN,1984,4686.737
TN,1985,4715.296
TN,1986,4738.708
TN,1987,4782.927
TN,1988,4822.437
TN,1989,4854.444
TN,1990,4890.626
TN,1991,4946.886
TN,1992,5013.999
TN,1993,5085.666
TN,1994,5163.016
TN,1995,5241.168
TN,1996,5313.576
TN,1997,5378.433
TN,1998,5432.679
TN,1999,5483.535
TN,2000,5703.719
TN,2001,5750.789
TN,2002,5795.918
TN,2003,5847.812
TN,2004,5910.809
TN,2005,5991.057
TN,2006,6088.766
TN,2007,6175.727
TN,2008,6247.411
TN,2009,6306.019
TN,2010,6355.518
TN,2011,6400.298
TN,2012,6455.752
TN,2013,6496.943
TN,2014,6544.617
TN,2015,6595.354
TN,2016,6651.277
TN,2017,6714.748
TN,2018,6778.18
TN,2019,6830.325
TN,2020,6927.904
TN,2021,6965.74
TN,2022,7062.217
TN,2023,7148.304
TN,2024,7227.75
TX,1900,3055.0
TX,1901,3132.0
TX,1902,3210.0
TX,1903,3291.0
TX,1904,3374.0
TX,1905,3459.0
TX,1906,3546.0
TX,1907,3636.0
TX,1908,3727.0
TX,1909,3821.0
TX,1910,3922.0
TX,1911,4016.0
TX,1912,4107.0
TX,1913,4207.0
TX,1914,4300.0
TX,1915,4368.0
TX,1916,4444.0
TX,1917,4563.0
TX,1918,4666.0
TX,1919,4631.0
TX,1920,4723.0
TX,1921,4853.0
TX,1922,4955.0
TX,1923,5077.0
TX,1924,5210.0
TX,1925,5332.0
TX,1926,5453.0
TX,1927,5577.0
TX,1928,5675.0
TX,1929,5762.0
TX,1930,5844.0
TX,1931,5907.0
TX,1932,5961.0
TX,1933,6014.0
TX,1934,6053.0
TX,1935,6123.0
TX,1936,6192.0
TX,1937,6250.0
TX,1938,6301.0
TX,1939,6360.0
TX,1940,6425.0
TX,1941,6585.0
TX,1942,6711.0
TX,1943,7012.0
TX,1944,6876.0
TX,1945,6826.0
TX,1946,7197.0
TX,1947,7388.0
TX,1948,7626.0
TX,1949,7623.0
TX,1950,7776.0
TX,1951,8111.0
TX,1952,8314.0
TX,1953,8336.0
TX,1954,8382.0
TX,1955,8660.0
TX,1956,8830.0
TX,1957,9070.0
TX,1958,9252.0
TX,1959,9405.0
TX,1960,9624.0
TX,1961,9820.0
TX,1962,10053.0
TX,1963,10159.0
TX,1964,10270.0
TX,1965,10378.0
TX,1966,10492.0
TX,1967,10599.0
TX,1968,10819.0
TX,1969,11045.0
TX,1970,11198.655
TX,1971,11509.848
TX,1972,11759.148
TX,1973,12019.543
TX,1974,12268.629
TX,1975,12568.843
TX,1976,12904.089
TX,1977,13193.05
TX,1978,13500.429
TX,1979,13888.371
TX,1980,14338.208
TX,1981,14746.318
TX,1982,15331.415
TX,1983,15751.676
TX,1984,16007.086
TX,1985,16272.734
TX,1986,16561.113
TX,1987,16621.791
TX,1988,16667.022
TX,1989,16806.735
TX,1990,17044.714
TX,1991,17339.904
TX,1992,17650.479
TX,1993,17996.764
TX,1994,18338.319
TX,1995,18679.706
TX,1996,19006.24
TX,1997,19355.427
TX,1998,19712.389
TX,1999,20044.141
TX,2000,20944.499
TX,2001,21319.622
TX,2002,21690.325
TX,2003,22030.931
TX,2004,22394.023
TX,2005,22778.123
TX,2006,23359.58
TX,2007,23831.983
TX,2008,24309.039
TX,2009,24801.761
TX,2010,25241.897
TX,2011,25645.504
TX,2012,26084.12
TX,2013,26479.646
TX,2014,26963.092
TX,2015,27468.531
TX,2016,27914.064
TX,2017,28291.024
TX,2018,28624.564
TX,2019,28986.794
TX,2020,29239.57
TX,2021,29570.351
TX,2022,30113.488
TX,2023,30727.89
TX,2024,31290.831
UT,1900,277.0
UT,1901,284.0
UT,1902,292.0
UT,1903,299.0
UT,1904,308.0
UT,1905,316.0
UT,1906,327.0
UT,1907,339.0
UT,1908,351.0
UT,1909,363.0
UT,1910,377.0
UT,1911,387.0
UT,1912,399.0
UT,1913,410.0
UT,1914,422.0
UT,1915,430.0
UT,1916,436.0
UT,1917,444.0
UT,1918,437.0
UT,1919,446.0
UT,1920,453.0
UT,1921,457.0
UT,1922,467.0
UT,1923,474.0
UT,1924,481.0
UT,1925,487.0
UT,1926,494.0
UT,1927,500.0
UT,1928,504.0
UT,1929,508.0
UT,1930,509.0
UT,1931,513.0
UT,1932,517.0
UT,1933,520.0
UT,1934,522.0
UT,1935,526.0
UT,1936,527.0
UT,1937,529.0
UT,1938,535.0
UT,1939,543.0
UT,1940,552.0
UT,1941,551.0
UT,1942,575.0
UT,1943,631.0
UT,1944,605.0
UT,1945,591.0
UT,1946,638.0
UT,1947,636.0
UT,1948,653.0
UT,1949,671.0
UT,1950,696.0
UT,1951,706.0
UT,1952,724.0
UT,1953,739.0
UT,1954,750.0
UT,1955,783.0
UT,1956,809.0
UT,1957,826.0
UT,1958,845.0
UT,1959,870.0
UT,1960,900.0
UT,1961,936.0
UT,1962,958.0
UT,1963,974.0
UT,1964,978.0
UT,1965,994.0
UT,1966,1009.0
UT,1967,1019.0
UT,1968,1029.0
UT,1969,1047.0
UT,1970,1059.273
UT,1971,1101.192
UT,1972,1135.449
UT,1973,1170.04
UT,1974,1200.471
UT,1975,1236.03
UT,1976,1274.928
UT,1977,1319.512
UT,1978,1367.51
UT,1979,1420.238
UT,1980,1472.595
UT,1981,1515.471
UT,1982,1558.314
UT,1983,1594.943
UT,1984,1622.342
UT,1985,1642.91
UT,1986,1662.834
UT,1987,1678.119
UT,1988,1689.372
UT,1989,1705.864
UT,1990,1729.722
UT,1991,1771.941
UT,1992,1821.498
UT,1993,1875.993
UT,1994,1930.436
UT,1995,1976.774
UT,1996,2022.253
UT,1997,2065.397
UT,1998,2100.562
UT,1999,2129.836
UT,2000,2244.502
UT,2001,2283.715
UT,2002,2324.815
UT,2003,2360.137
UT,2004,2401.58
UT,2005,2457.719
UT,2006,2525.507
UT,2007,2597.746
UT,2008,2663.029
UT,2009,2723.421
UT,2010,2775.413
UT,2011,2814.797
UT,2012,2854.146
UT,2013,2898.773
UT,2014,2938.327
UT,2015,2983.626
UT,2016,3044.241
UT,2017,3103.54
UT,2018,3155.153
UT,2019,3203.383
UT,2020,3284.077
UT,2021,3339.738
UT,2022,3391.011
UT,2023,3443.222
UT,2024,3503.613
VT,1900,344.0
VT,1901,347.0
VT,1902,349.0
VT,1903,350.0
VT,1904,353.0
VT,1905,354.0
VT,1906,355.0
VT,1907,355.0
VT,1908,354.0
VT,1909,356.0
VT,1910,357.0
VT,1911,358.0
VT,1912,359.0
VT,1913,361.0
VT,1914,362.0
VT,1915,360.0
VT,1916,360.0
VT,1917,372.0
VT,1918,352.0
VT,1919,352.0
VT,1920,353.0
VT,1921,355.0
VT,1922,354.0
VT,1923,354.0
VT,1924,355.0
VT,1925,355.0
VT,1926,356.0
VT,1927,357.0
VT,1928,358.0
VT,1929,359.0
VT,1930,360.0
VT,1931,359.0
VT,1932,358.0
VT,1933,357.0
VT,1934,357.0
VT,1935,357.0
VT,1936,357.0
VT,1937,356.0
VT,1938,356.0
VT,1939,358.0
VT,1940,363.0
VT,1941,348.0
VT,1942,343.0
VT,1943,327.0
VT,1944,314.0
VT,1945,315.0
VT,1946,342.0
VT,1947,354.0
VT,1948,359.0
VT,1949,369.0
VT,1950,379.0
VT,1951,378.0
VT,1952,375.0
VT,1953,379.0
VT,1954,377.0
VT,1955,375.0
VT,1956,377.0
VT,1957,376.0
VT,1958,380.0
VT,1959,387.0
VT,1960,389.0
VT,1961,390.0
VT,1962,393.0
VT,1963,397.0
VT,1964,399.0
VT,1965,404.0
VT,1966,413.0
VT,1967,423.0
VT,1968,430.0
VT,1969,437.0
VT,1970,444.732
VT,1971,454.318
VT,1972,463.143
VT,1973,468.43
VT,1974,473.002
VT,1975,479.713
VT,1976,484.928
VT,1977,491.931
VT,1978,498.109
VT,1979,505.372
VT,1980,512.524
VT,1981,515.594
VT,1982,519.109
VT,1983,523.302
VT,1984,526.66
VT,1985,530.035
VT,1986,534.066
VT,1987,540.267
VT,1988,549.763
VT,1989,557.707
VT,1990,564.526
VT,1991,567.141
VT,1992,570.115
VT,1993,574.004
VT,1994,578.9
VT,1995,582.827
VT,1996,586.352
VT,1997,588.665
VT,1998,590.579
VT,1999,593.74
VT,2000,609.618
VT,2001,612.223
VT,2002,615.442
VT,2003,617.858
VT,2004,619.92
VT,2005,621.215
VT,2006,622.892
VT,2007,623.481
VT,2008,624.151
VT,2009,624.817
VT,2010,625.886
VT,2011,627.197
VT,2012,626.361
VT,2013,626.603
VT,2014,625.693
VT,2015,625.81
VT,2016,624.366
VT,2017,625.132
VT,2018,624.802
VT,2019,624.046
VT,2020,642.977
VT,2021,647.21
VT,2022,648.142
VT,2023,648.708
VT,2024,648.493
VA,1900,1858.0
VA,1901,1887.0
VA,1902,1894.0
VA,1903,1890.0
VA,1904,1889.0
VA,1905,1917.0
VA,1906,1942.0
VA,1907,1952.0
VA,1908,1994.0
VA,1909,2038.0
VA,1910,2071.0
VA,1911,2092.0
VA,1912,2122.0
VA,1913,2176.0
VA,1914,2241.0
VA,1915,2294.0
VA,1916,2316.0
VA,1917,2313.0
VA,1918,2359.0
VA,1919,2318.0
VA,1920,2347.0
VA,1921,2395.0
VA,1922,2412.0
VA,1923,2423.0
VA,1924,2426.0
VA,1925,2423.0
VA,1926,2419.0
VA,1927,2433.0
VA,1928,2435.0
VA,1929,2425.0
VA,1930,2427.0
VA,1931,2445.0
VA,1932,2452.0
VA,1933,2460.0
VA,1934,2485.0
VA,1935,2520.0
VA,1936,2552.0
VA,1937,2590.0
VA,1938,2638.0
VA,1939,2670.0
VA,1940,2720.0
VA,1941,2855.0
VA,1942,3038.0
VA,1943,3130.0
VA,1944,3248.0
VA,1945,3193.0
VA,1946,3212.0
VA,1947,3201.0
VA,1948,3207.0
VA,1949,3292.0
VA,1950,3315.0
VA,1951,3434.0
VA,1952,3504.0
VA,1953,3557.0
VA,1954,3555.0
VA,1955,3588.0
VA,1956,3722.0
VA,1957,3844.0
VA,1958,3914.0
VA,1959,3951.0
VA,1960,3986.0
VA,1961,4095.0
VA,1962,4180.0
VA,1963,4276.0
VA,1964,4357.0
VA,1965,4411.0
VA,1966,4456.0
VA,1967,4508.0
VA,1968,4558.0
VA,1969,4614.0
VA,1970,4651.448
VA,1971,4750.838
VA,1972,4824.472
VA,1973,4901.292
VA,1974,4971.069
VA,1975,5047.395
VA,1976,5121.863
VA,1977,5193.112
VA,1978,5270.24
VA,1979,5307.945
VA,1980,5368.334
VA,1981,5444.097
VA,1982,5492.783
VA,1983,5564.657
VA,1984,5643.87
VA,1985,5715.153
VA,1986,5811.7
VA,1987,5932.268
VA,1988,6036.909
VA,1989,6120.246
VA,1990,6213.526
VA,1991,6283.853
VA,1992,6383.315
VA,1993,6464.795
VA,1994,6536.771
VA,1995,6601.392
VA,1996,6665.491
VA,1997,6732.878
VA,1998,6789.225
VA,1999,6872.912
VA,2000,7105.817
VA,2001,7198.362
VA,2002,7286.873
VA,2003,7366.977
VA,2004,7475.575
VA,2005,7577.105
VA,2006,7673.725
VA,2007,7751.0
VA,2008,7833.496
VA,2009,7925.937
VA,2010,8024.004
VA,2011,8102.437
VA,2012,8187.456
VA,2013,8255.861
VA,2014,8315.43
VA,2015,8367.303
VA,2016,8417.651
VA,2017,8471.011
VA,2018,8510.92
VA,2019,8556.642
VA,2020,8637.615
VA,2021,8658.91
VA,2022,8683.414
VA,2023,8734.685
VA,2024,8811.195
WA,1900,523.0
WA,1901,583.0
WA,1902,651.0
WA,1903,719.0
WA,1904,782.0
WA,1905,842.0
WA,1906,904.0
WA,1907,967.0
WA,1908,1028.0
WA,1909,1091.0
WA,1910,1148.0
WA,1911,1167.0
WA,1912,1184.0
WA,1913,1209.0
WA,1914,1231.0
WA,1915,1239.0
WA,1916,1255.0
WA,1917,1287.0
WA,1918,1341.0
WA,1919,1333.0
WA,1920,1373.0
WA,1921,1405.0
WA,1922,1415.0
WA,1923,1433.0
WA,1924,1467.0
WA,1925,1494.0
WA,1926,1516.0
WA,1927,1538.0
WA,1928,1551.0
WA,1929,1555.0
WA,1930,1568.0
WA,1931,1581.0
WA,1932,1584.0
WA,1933,1592.0
WA,1934,1610.0
WA,1935,1629.0
WA,1936,1653.0
WA,1937,1681.0
WA,1938,1698.0
WA,1939,1715.0
WA,1940,1740.0
WA,1941,1789.0
WA,1942,1901.0
WA,1943,2027.0
WA,1944,2092.0
WA,1945,2206.0
WA,1946,2288.0
WA,1947,2211.0
WA,1948,2255.0
WA,1949,2294.0
WA,1950,2387.0
WA,1951,2424.0
WA,1952,2448.0
WA,1953,2466.0
WA,1954,2516.0
WA,1955,2604.0
WA,1956,2668.0
WA,1957,2724.0
WA,1958,2773.0
WA,1959,2821.0
WA,1960,2855.0
WA,1961,2882.0
WA,1962,2942.0
WA,1963,2955.0
WA,1964,2961.0
WA,1965,2967.0
WA,1966,3057.0
WA,1967,3174.0
WA,1968,3270.0
WA,1969,3343.0
WA,1970,3413.244
WA,1971,3447.553
WA,1972,3447.885
WA,1973,3478.782
WA,1974,3549.946
WA,1975,3621.339
WA,1976,3693.61
WA,1977,3776.05
WA,1978,3889.073
WA,1979,4017.632
WA,1980,4154.678
WA,1981,4235.731
WA,1982,4276.552
WA,1983,4300.266
WA,1984,4343.656
WA,1985,4400.098
WA,1986,4452.72
WA,1987,4531.901
WA,1988,4639.893
WA,1989,4746.316
WA,1990,4900.78
WA,1991,5013.443
WA,1992,5139.011
WA,1993,5247.704
WA,1994,5334.896
WA,1995,5431.024
WA,1996,5509.963
WA,1997,5604.105
WA,1998,5687.832
WA,1999,5756.361
WA,2000,5910.512
WA,2001,5985.722
WA,2002,6052.349
WA,2003,6104.115
WA,2004,6178.645
WA,2005,6257.305
WA,2006,6370.753
WA,2007,6461.587
WA,2008,6562.231
WA,2009,6667.426
WA,2010,6743.009
WA,2011,6827.479
WA,2012,6898.599
WA,2013,6966.252
WA,2014,7057.531
WA,2015,7167.287
WA,2016,7299.961
WA,2017,7427.951
WA,2018,7526.793
WA,2019,7614.024
WA,2020,7727.209
WA,2021,7743.76
WA,2022,7794.123
WA,2023,7857.32
WA,2024,7958.18
WV,1900,959.0
WV,1901,972.0
WV,1902,1000.0
WV,1903,1037.0
WV,1904,1064.0
WV,1905,1094.0
WV,1906,1122.0
WV,1907,1149.0
WV,1908,1174.0
WV,1909,1203.0
WV,1910,1231.0
WV,1911,1266.0
WV,1912,1291.0
WV,1913,1317.0
WV,1914,1362.0
WV,1915,1387.0
WV,1916,1414.0
WV,1917,1439.0
WV,1918,1438.0
WV,1919,1464.0
WV,1920,1470.0
WV,1921,1485.0
WV,1922,1498.0
WV,1923,1526.0
WV,1924,1577.0
WV,1925,1593.0
WV,1926,1623.0
WV,1927,1671.0
WV,1928,1696.0
WV,1929,1717.0
WV,1930,1733.0
WV,1931,1740.0
WV,1932,1747.0
WV,1933,1752.0
WV,1934,1771.0
WV,1935,1794.0
WV,1936,1808.0
WV,1937,1813.0
WV,1938,1828.0
WV,1939,1868.0
WV,1940,1907.0
WV,1941,1885.0
WV,1942,1831.0
WV,1943,1741.0
WV,1944,1706.0
WV,1945,1708.0
WV,1946,1826.0
WV,1947,1883.0
WV,1948,1899.0
WV,1949,1930.0
WV,1950,2006.0
WV,1951,1984.0
WV,1952,1957.0
WV,1953,1929.0
WV,1954,1905.0
WV,1955,1880.0
WV,1956,1857.0
WV,1957,1843.0
WV,1958,1845.0
WV,1959,1855.0
WV,1960,1853.0
WV,1961,1828.0
WV,1962,1809.0
WV,1963,1796.0
WV,1964,1797.0
WV,1965,1786.0
WV,1966,1775.0
WV,1967,1769.0
WV,1968,1763.0
WV,1969,1746.0
WV,1970,1744.237
WV,1971,1770.657
WV,1972,1797.648
WV,1973,1806.36
WV,1974,1815.447
WV,1975,1842.25
WV,1976,1879.503
WV,1977,1908.088
WV,1978,1923.395
WV,1979,1942.146
WV,1980,1951.349
WV,1981,1954.124
WV,1982,1949.604
WV,1983,1945.061
WV,1984,1927.697
WV,1985,1906.831
WV,1986,1882.35
WV,1987,1857.585
WV,1988,1830.215
WV,1989,1806.568
WV,1990,1792.481
WV,1991,1798.212
WV,1992,1805.462
WV,1993,1816.179
WV,1994,1818.49
WV,1995,1820.56
WV,1996,1818.983
WV,1997,1815.588
WV,1998,1811.688
WV,1999,1806.928
WV,2000,1807.021
WV,2001,1801.481
WV,2002,1805.414
WV,2003,1812.295
WV,2004,1816.438
WV,2005,1820.492
WV,2006,1827.912
WV,2007,1834.052
WV,2008,1840.31
WV,2009,1847.775
WV,2010,1854.265
WV,2011,1856.606
WV,2012,1857.446
WV,2013,1854.768
WV,2014,1850.569
WV,2015,1843.332
WV,2016,1832.435
WV,2017,1818.683
WV,2018,1805.953
WV,2019,1795.263
WV,2020,1791.646
WV,2021,1785.618
WV,2022,1774.122
WV,2023,1770.495
WV,2024,1769.979
WI,1900,2072.0
WI,1901,2109.0
WI,1902,2141.0
WI,1903,2171.0
WI,1904,2202.0
WI,1905,2231.0
WI,1906,2250.0
WI,1907,2268.0
WI,1908,2292.0
WI,1909,2317.0
WI,1910,2345.0
WI,1911,2369.0
WI,1912,2407.0
WI,1913,2438.0
WI,1914,2490.0
WI,1915,2535.0
WI,1916,2562.0
WI,1917,2587.0
WI,1918,2597.0
WI,1919,2600.0
WI,1920,2679.0
WI,1921,2722.0
WI,1922,2761.0
WI,1923,2803.0
WI,1924,2833.0
WI,1925,2863.0
WI,1926,2892.0
WI,1927,2916.0
WI,1928,2923.0
WI,1929,2934.0
WI,1930,2950.0
WI,1931,2990.0
WI,1932,3021.0
WI,1933,3040.0
WI,1934,3054.0
WI,1935,3070.0
WI,1936,3082.0
WI,1937,3088.0
WI,1938,3098.0
WI,1939,3121.0
WI,1940,3143.0
WI,1941,3140.0
WI,1942,3053.0
WI,1943,3014.0
WI,1944,2980.0
WI,1945,2961.0
WI,1946,3167.0
WI,1947,3250.0
WI,1948,3314.0
WI,1949,3391.0
WI,1950,3438.0
WI,1951,3439.0
WI,1952,3469.0
WI,1953,3506.0
WI,1954,3608.0
WI,1955,3679.0
WI,1956,3742.0
WI,1957,3791.0
WI,1958,3843.0
WI,1959,3891.0
WI,1960,3962.0
WI,1961,4009.0
WI,1962,4049.0
WI,1963,4112.0
WI,1964,4165.0
WI,1965,4232.0
WI,1966,4274.0
WI,1967,4303.0
WI,1968,4345.0
WI,1969,4378.0
WI,1970,4417.821
WI,1971,4462.155
WI,1972,4502.412
WI,1973,4524.244
WI,1974,4545.782
WI,1975,4578.986
WI,1976,4595.904
WI,1977,4626.514
WI,1978,4646.108
WI,1979,4682.811
WI,1980,4712.045
WI,1981,4726.343
WI,1982,4728.87
WI,1983,4721.438
WI,1984,4735.563
WI,1985,4747.767
WI,1986,4755.618
WI,1987,4777.919
WI,1988,4822.388
WI,1989,4856.574
WI,1990,4902.265
WI,1991,4952.675
WI,1992,5004.636
WI,1993,5055.318
WI,1994,5095.504
WI,1995,5137.004
WI,1996,5173.828
WI,1997,5200.235
WI,1998,5222.124
WI,1999,5250.446
WI,2000,5373.999
WI,2001,5406.835
WI,2002,5445.162
WI,2003,5479.203
WI,2004,5514.026
WI,2005,5546.166
WI,2006,5577.655
WI,2007,5610.775
WI,2008,5640.996
WI,2009,5669.264
WI,2010,5690.538
WI,2011,5705.84
WI,2012,5720.825
WI,2013,5738.012
WI,2014,5753.199
WI,2015,5762.927
WI,2016,5775.17
WI,2017,5793.147
WI,2018,5809.319
WI,2019,5824.581
WI,2020,5897.375
WI,2021,5881.608
WI,2022,5903.975
WI,2023,5930.405
WI,2024,5960.975
WY,1900,93.0
WY,1901,100.0
WY,1902,105.0
WY,1903,108.0
WY,1904,111.0
WY,1905,114.0
WY,1906,118.0
WY,1907,125.0
WY,1908,133.0
WY,1909,141.0
WY,1910,147.0
WY,1911,150.0
WY,1912,153.0
WY,1913,157.0
WY,1914,163.0
WY,1915,167.0
WY,1916,174.0
WY,1917,186.0
WY,1918,181.0
WY,1919,191.0
WY,1920,197.0
WY,1921,203.0
WY,1922,208.0
WY,1923,211.0
WY,1924,215.0
WY,1925,216.0
WY,1926,217.0
WY,1927,219.0
WY,1928,220.0
WY,1929,223.0
WY,1930,226.0
WY,1931,229.0
WY,1932,230.0
WY,1933,230.0
WY,1934,233.0
WY,1935,237.0
WY,1936,240.0
WY,1937,243.0
WY,1938,246.0
WY,1939,248.0
WY,1940,250.0
WY,1941,247.0
WY,1942,251.0
WY,1943,247.0
WY,1944,242.0
WY,1945,239.0
WY,1946,254.0
WY,1947,258.0
WY,1948,269.0
WY,1949,277.0
WY,1950,290.0
WY,1951,291.0
WY,1952,293.0
WY,1953,290.0
WY,1954,293.0
WY,1955,307.0
WY,1956,312.0
WY,1957,314.0
WY,1958,315.0
WY,1959,320.0
WY,1960,331.0
WY,1961,337.0
WY,1962,333.0
WY,1963,336.0
WY,1964,339.0
WY,1965,332.0
WY,1966,323.0
WY,1967,322.0
WY,1968,324.0
WY,1969,329.0
WY,1970,332.416
WY,1971,340.285
WY,1972,347.345
WY,1973,354.061
WY,1974,365.501
WY,1975,381.695
WY,1976,396.952
WY,1977,413.354
WY,1978,432.88
WY,1979,454.378
WY,1980,474.185
WY,1981,491.712
WY,1982,506.4
WY,1983,510.345
WY,1984,504.896
WY,1985,499.695
WY,1986,495.633
WY,1987,476.965
WY,1988,465.101
WY,1989,458.374
WY,1990,453.401
WY,1991,457.739
WY,1992,463.491
WY,1993,469.033
WY,1994,474.982
WY,1995,478.447
WY,1996,480.085
WY,1997,480.031
WY,1998,480.045
WY,1999,479.602
WY,2000,494.3
WY,2001,494.657
WY,2002,500.017
WY,2003,503.453
WY,2004,509.106
WY,2005,514.157
WY,2006,522.667
WY,2007,534.876
WY,2008,546.043
WY,2009,559.851
WY,2010,564.531
WY,2011,567.491
WY,2012,576.656
WY,2013,582.62
WY,2014,583.159
WY,2015,586.389
WY,2016,585.243
WY,2017,579.994
WY,2018,579.054
WY,2019,580.116
WY,2020,577.681
WY,2021,579.636
WY,2022,581.978
WY,2023,585.067
WY,2024,587.618
DC,1900,278.0
DC,1901,285.0
DC,1902,290.0
DC,1903,295.0
DC,1904,302.0
DC,1905,308.0
DC,1906,313.0
DC,1907,317.0
DC,1908,321.0
DC,1909,327.0
DC,1910,334.0
DC,1911,344.0
DC,1912,340.0
DC,1913,358.0
DC,1914,368.0
DC,1915,361.0
DC,1916,360.0
DC,1917,385.0
DC,1918,418.0
DC,1919,445.0
DC,1920,440.0
DC,1921,446.0
DC,1922,450.0
DC,1923,453.0
DC,1924,456.0
DC,1925,461.0
DC,1926,469.0
DC,1927,476.0
DC,1928,479.0
DC,1929,483.0
DC,1930,488.0
DC,1931,504.0
DC,1932,513.0
DC,1933,529.0
DC,1934,568.0
DC,1935,608.0
DC,1936,629.0
DC,1937,616.0
DC,1938,638.0
DC,1939,658.0
DC,1940,690.0
DC,1941,764.0
DC,1942,851.0
DC,1943,900.0
DC,1944,881.0
DC,1945,876.0
DC,1946,899.0
DC,1947,888.0
DC,1948,840.0
DC,1949,807.0
DC,1950,806.0
DC,1951,808.0
DC,1952,805.0
DC,1953,810.0
DC,1954,791.0
DC,1955,785.0
DC,1956,759.0
DC,1957,763.0
DC,1958,757.0
DC,1959,761.0
DC,1960,765.0
DC,1961,778.0
DC,1962,788.0
DC,1963,798.0
DC,1964,798.0
DC,1965,797.0
DC,1966,791.0
DC,1967,791.0
DC,1968,778.0
DC,1969,762.0
DC,1970,756.668
DC,1971,749.781
DC,1972,742.241
DC,1973,731.488
DC,1974,717.947
DC,1975,706.871
DC,1976,692.295
DC,1977,677.228
DC,1978,665.052
DC,1979,650.016
DC,1980,638.284
DC,1981,636.893
DC,1982,634.174
DC,1983,632.433
DC,1984,633.382
DC,1985,634.549
DC,1986,638.269
DC,1987,636.93
DC,1988,630.432
DC,1989,624.168
DC,1990,603.814
DC,1991,593.239
DC,1992,584.183
DC,1993,576.358
DC,1994,564.982
DC,1995,551.273
DC,1996,538.273
DC,1997,528.752
DC,1998,521.426
DC,1999,519.0
DC,2000,572.046
DC,2001,574.504
DC,2002,573.158
DC,2003,568.502
DC,2004,567.754
DC,2005,567.136
DC,2006,570.681
DC,2007,574.404
DC,2008,580.236
DC,2009,592.228
DC,2010,605.282
DC,2011,620.29
DC,2012,635.737
DC,2013,651.559
DC,2014,663.603
DC,2015,677.014
DC,2016,687.576
DC,2017,697.079
DC,2018,704.147
DC,2019,708.253
DC,2020,670.917
DC,2021,669.256
DC,2022,676.725
DC,2023,687.324
DC,2024,702.25
