state_abb,year,srf_agreements,srf_total_amount,population,gdp,srf_per_capita,srf_per_gdp,srf_cumulative
AK,2001,1.0,300000.0,633714.0,28660900000.0,0.4733996724074267,1.0467221894636944e-05,300000.0
AK,2002,0.0,0.0,642337.0,29884500000.0,0.0,0.0,300000.0
AK,2003,0.0,0.0,648414.0,32115800000.0,0.0,0.0,300000.0
AK,2004,0.0,0.0,659286.0,35389500000.0,0.0,0.0,300000.0
AK,2005,0.0,0.0,666946.0,40459900000.0,0.0,0.0,300000.0
AK,2006,0.0,0.0,675302.0,44951700000.0,0.0,0.0,300000.0
AK,2007,0.0,0.0,680300.0,49456400000.0,0.0,0.0,300000.0
AK,2008,0.0,0.0,687455.0,55246700000.0,0.0,0.0,300000.0
AK,2009,0.0,0.0,698895.0,50165900000.0,0.0,0.0,300000.0
AK,2010,0.0,0.0,713982.0,53654000000.0,0.0,0.0,300000.0
AK,2011,0.0,0.0,722349.0,56912300000.0,0.0,0.0,300000.0
AK,2012,0.0,0.0,730810.0,58320700000.0,0.0,0.0,300000.0
AK,2013,1.0,196928.0,737626.0,57533000000.0,0.26697540487997984,3.422870352667165e-06,496928.0
AK,2014,0.0,0.0,737075.0,56587400000.0,0.0,0.0,496928.0
AK,2015,2.0,1533700.0,738430.0,51574200000.0,2.076974120769741,2.9737737085597063e-05,2030628.0
AK,2016,3.0,17000000.0,742575.0,51121800000.0,22.893310440022894,0.00033253915159481864,19030628.0
AK,2017,2.0,7303000.0,740983.0,53550900000.0,9.855826651893498,0.00013637492553813288,26333628.0
AK,2018,3.0,3974000.0,736624.0,54762000000.0,5.394882599535177,7.256856944596618e-05,30307628.0
AK,2019,4.0,3478677.0,733603.0,54549600000.0,4.7419067261175325,6.37708984117207e-05,33786305.0
AK,2020,2.0,6014867.0,733017.0,51861700000.0,8.205630974452161,0.0001159789787068299,39801172.0
AK,2021,8.0,20996626.0,734420.0,59363000000.0,28.589398436861742,0.0003536988696662904,60797798.0
AK,2022,10.0,17930079.0,734442.0,65682500000.0,24.41319940853056,0.000272981068016595,78727877.0
AK,2023,4.0,8269957.0,736510.0,68232700000.0,11.228573950116088,0.00012120225346498087,86997834.0
AK,2024,11.0,19299824.0,740133.0,71567200000.0,26.07615658266825,0.00026967415240501235,106297658.0
AK,2025,8.0,18795843.0,740133.0,71567200000.0,25.395223561170763,0.00026263208564817405,125093501.0
AL,2001,0.0,0.0,4467634.0,123534500000.0,0.0,0.0,0.0
AL,2002,0.0,0.0,4480089.0,128380900000.0,0.0,0.0,0.0
AL,2003,0.0,0.0,4503491.0,135212600000.0,0.0,0.0,0.0
AL,2004,0.0,0.0,4530729.0,148379100000.0,0.0,0.0,0.0
AL,2005,0.0,0.0,4569805.0,158677300000.0,0.0,0.0,0.0
AL,2006,0.0,0.0,4628981.0,166048200000.0,0.0,0.0,0.0
AL,2007,0.0,0.0,4672840.0,172247000000.0,0.0,0.0,0.0
AL,2008,0.0,0.0,4718206.0,174665600000.0,0.0,0.0,0.0
AL,2009,0.0,0.0,4757938.0,170876500000.0,0.0,0.0,0.0
AL,2010,0.0,0.0,4785514.0,177510700000.0,0.0,0.0,0.0
AL,2011,0.0,0.0,4799642.0,182896700000.0,0.0,0.0,0.0
AL,2012,0.0,0.0,4816632.0,188280700000.0,0.0,0.0,0.0
AL,2013,0.0,0.0,4831586.0,193981500000.0,0.0,0.0,0.0
AL,2014,0.0,0.0,4843737.0,197064400000.0,0.0,0.0,0.0
AL,2015,0.0,0.0,4854803.0,203113300000.0,0.0,0.0,0.0
AL,2016,0.0,0.0,4866824.0,208824300000.0,0.0,0.0,0.0
AL,2017,0.0,0.0,4877989.0,216615500000.0,0.0,0.0,0.0
AL,2018,0.0,0.0,4891628.0,226263800000.0,0.0,0.0,0.0
AL,2019,0.0,0.0,4907965.0,234798200000.0,0.0,0.0,0.0
AL,2020,9.0,17587402.11,5033094.0,235859000000.0,3.494352004949639,7.456744118307971e-05,17587402.11
AL,2021,10.0,78439258.33,5049196.0,260325000000.0,15.53499969698146,0.0003013128140977624,96026660.44
AL,2022,8.0,74038555.6,5076181.0,286873300000.0,14.585483772150756,0.000258087997732797,170065216.04
AL,2023,4.0,61357425.0,5117673.0,309543800000.0,11.989321123096376,0.0001982188788791764,231422641.04
AL,2024,7.0,19475169.0,5157699.0,325345100000.0,3.775941364550355,5.986003477538159e-05,250897810.04
AL,2025,5.0,39300607.25,5157699.0,325345100000.0,7.619794650676591,0.00012079667789679328,290198417.28999996
AR,2001,0.0,0.0,2691571.0,71099600000.0,0.0,0.0,0.0
AR,2002,0.0,0.0,2705927.0,74453100000.0,0.0,0.0,0.0
AR,2003,0.0,0.0,2724816.0,79009700000.0,0.0,0.0,0.0
AR,2004,0.0,0.0,2749686.0,85928600000.0,0.0,0.0,0.0
AR,2005,0.0,0.0,2781097.0,91133400000.0,0.0,0.0,0.0
AR,2006,0.0,0.0,2821761.0,96073700000.0,0.0,0.0,0.0
AR,2007,0.0,0.0,2848650.0,98325000000.0,0.0,0.0,0.0
AR,2008,0.0,0.0,2874554.0,100206700000.0,0.0,0.0,0.0
AR,2009,0.0,0.0,2896843.0,97783900000.0,0.0,0.0,0.0
AR,2010,0.0,0.0,2921998.0,101699300000.0,0.0,0.0,0.0
AR,2011,0.0,0.0,2941038.0,105697600000.0,0.0,0.0,0.0
AR,2012,0.0,0.0,2952876.0,108836000000.0,0.0,0.0,0.0
AR,2013,0.0,0.0,2960459.0,114021100000.0,0.0,0.0,0.0
AR,2014,0.0,0.0,2968759.0,117388700000.0,0.0,0.0,0.0
AR,2015,0.0,0.0,2979732.0,118573600000.0,0.0,0.0,0.0
AR,2016,1.0,30000000.0,2991815.0,120987400000.0,10.027357975008481,0.00024795970489488987,30000000.0
AR,2017,0.0,0.0,3003855.0,123882600000.0,0.0,0.0,30000000.0
AR,2018,0.0,0.0,3012161.0,129213800000.0,0.0,0.0,30000000.0
AR,2019,0.0,0.0,3020985.0,132625799999.99998,0.0,0.0,30000000.0
AR,2020,6.0,74066851.0,3014546.0,136145900000.0,24.56981946866958,0.0005440255710968895,104066851.0
AR,2021,17.0,28704268.0,3026870.0,154261800000.0,9.483151902790672,0.00018607502311006354,132771119.0
AR,2022,12.0,136888227.0,3047704.0,167863500000.0,44.915197473245435,0.0008154734471758304,269659346.0
AR,2023,3.0,21980660.5,3069463.0,178114800000.0,7.161076872404066,0.00012340726598800324,291640006.5
AR,2024,31.0,311835662.93,3088354.0,188339600000.0,100.97147636896548,0.0016557094892948696,603475669.4300001
AR,2025,14.0,17684541.32,3088354.0,188339600000.0,5.726202799290496,9.389709503471389e-05,621160210.75
AZ,2001,0.0,0.0,5273477.0,172899600000.0,0.0,0.0,0.0
AZ,2002,0.0,0.0,5396255.0,180844500000.0,0.0,0.0,0.0
AZ,2003,0.0,0.0,5510364.0,194318000000.0,0.0,0.0,0.0
AZ,2004,0.0,0.0,5652404.0,207246300000.0,0.0,0.0,0.0
AZ,2005,0.0,0.0,5839077.0,227997800000.0,0.0,0.0,0.0
AZ,2006,0.0,0.0,6029141.0,246061100000.0,0.0,0.0,0.0
AZ,2007,0.0,0.0,6167681.0,261152800000.0,0.0,0.0,0.0
AZ,2008,0.0,0.0,6280362.0,261005800000.0,0.0,0.0,0.0
AZ,2009,0.0,0.0,6343154.0,244862200000.0,0.0,0.0,0.0
AZ,2010,0.0,0.0,6407342.0,250527000000.0,0.0,0.0,0.0
AZ,2011,0.0,0.0,6473416.0,261691400000.0,0.0,0.0,0.0
AZ,2012,0.0,0.0,6556344.0,272703300000.0,0.0,0.0,0.0
AZ,2013,0.0,0.0,6634690.0,278679500000.0,0.0,0.0,0.0
AZ,2014,0.0,0.0,6732873.0,286676000000.0,0.0,0.0,0.0
AZ,2015,0.0,0.0,6832810.0,298942200000.0,0.0,0.0,0.0
AZ,2016,0.0,0.0,6944767.0,313787100000.0,0.0,0.0,0.0
AZ,2017,0.0,0.0,7048088.0,333099000000.0,0.0,0.0,0.0
AZ,2018,1.0,1481990.0,7164228.0,353671000000.0,0.20685969234926638,4.190306810566883e-06,1481990.0
AZ,2019,1.0,6288130.0,7291843.0,375376700000.0,0.8623512601683827,1.675151920723902e-05,7770120.0
AZ,2020,6.0,10767008.0,7187135.0,390503200000.0,1.4980945814987474,2.7572137693109813e-05,18537128.0
AZ,2021,10.0,51844445.0,7274078.0,438136000000.0,7.127287472034256,0.00011832957118337685,70381573.0
AZ,2022,7.0,55193232.0,7377566.0,488722200000.0,7.481225108660499,0.00011293375254899409,125574805.0
AZ,2023,4.0,47283235.0,7473027.0,530105000000.0,6.32718642659795,8.919598004168985e-05,172858040.0
AZ,2024,7.0,146932303.0,7582384.0,570088600000.0,19.37811419205358,0.0002577359080676232,319790343.0
AZ,2025,2.0,2800000.0,7582384.0,570088600000.0,0.3692769978413122,4.911517262404476e-06,322590343.0
CA,2001,0.0,0.0,34479458.0,1373270800000.0,0.0,0.0,0.0
CA,2002,0.0,0.0,34871843.0,1419321800000.0,0.0,0.0,0.0
CA,2003,0.0,0.0,35253159.0,1498578000000.0,0.0,0.0,0.0
CA,2004,0.0,0.0,35574576.0,1585081400000.0,0.0,0.0,0.0
CA,2005,0.0,0.0,35827943.0,1698858400000.0,0.0,0.0,0.0
CA,2006,0.0,0.0,36021202.0,1812161600000.0,0.0,0.0,0.0
CA,2007,0.0,0.0,36250311.0,1900220400000.0,0.0,0.0,0.0
CA,2008,1.0,38000000.0,36604337.0,1946241500000.0,1.0381283507470713,1.952481231131902e-05,38000000.0
CA,2009,0.0,0.0,36961229.0,1879809500000.0,0.0,0.0,38000000.0
CA,2010,0.0,0.0,37319550.0,1938603300000.0,0.0,0.0,38000000.0
CA,2011,1.0,42337416.0,37636311.0,2014050300000.0,1.1249087616477609,2.10210320963682e-05,80337416.0
CA,2012,1.0,12000000.0,37944551.0,2108873100000.0,0.31625094206543647,5.690242812618739e-06,92337416.0
CA,2013,0.0,0.0,38253768.0,2223300900000.0,0.0,0.0,92337416.0
CA,2014,3.0,26001627.0,38586706.0,2342218800000.0,0.6738493563042153,1.1101280119517442e-05,118339043.0
CA,2015,5.0,284005581.0,38904296.0,2487156400000.0,7.300108476452061,0.00011418887087277664,402344624.0
CA,2016,11.0,1031322641.0,39149186.0,2586485200000.0,26.343399349350456,0.00039873517969482293,1433667265.0
CA,2017,18.0,1359152538.0,39337785.0,2740550300000.0,34.55081515138689,0.0004959414676680081,2792819803.0
CA,2018,14.0,236077590.0,39437463.0,2899530900000.0,5.986125172402698,8.141923578051885e-05,3028897393.0
CA,2019,4.0,32678975.0,39437610.0,3068629700000.0,0.8286246301436624,1.0649370629502804e-05,3061576368.0
CA,2020,16.0,249142054.0,39521958.0,3072927600000.0,6.30388944798737,8.107644774969642e-05,3310718422.0
CA,2021,43.0,905974406.0,39142565.0,3418256100000.0,23.1455042867017,0.0002650399441984467,4216692828.0
CA,2022,34.0,1437939124.0,39142414.0,3618289700000.0,36.73608694650258,0.0003974085115406873,5654631952.0
CA,2023,54.0,598344695.52,39198693.0,3827007300000.0,15.264404237151478,0.00015634793681214038,6252976647.52
CA,2024,19.0,188985425.32,39431263.0,4048108100000.0,4.792781436394771,4.668487615733384e-05,6441962072.84
CA,2025,14.0,462965501.0,39431263.0,4048108100000.0,11.741077149874707,0.00011436589378628501,6904927573.84
CO,2001,0.0,0.0,4425687.0,185848900000.0,0.0,0.0,0.0
CO,2002,0.0,0.0,4490406.0,189604600000.0,0.0,0.0,0.0
CO,2003,0.0,0.0,4528732.0,195137600000.0,0.0,0.0,0.0
CO,2004,0.0,0.0,4575013.0,203743300000.0,0.0,0.0,0.0
CO,2005,0.0,0.0,4631888.0,220803800000.0,0.0,0.0,0.0
CO,2006,0.0,0.0,4720423.0,232853600000.0,0.0,0.0,0.0
CO,2007,0.0,0.0,4803868.0,248571600000.0,0.0,0.0,0.0
CO,2008,0.0,0.0,4889730.0,257606100000.0,0.0,0.0,0.0
CO,2009,0.0,0.0,4972195.0,249817100000.0,0.0,0.0,0.0
CO,2010,0.0,0.0,5047539.0,256771800000.0,0.0,0.0,0.0
CO,2011,0.0,0.0,5121900.0,266114099999.99997,0.0,0.0,0.0
CO,2012,0.0,0.0,5193660.0,274738800000.0,0.0,0.0,0.0
CO,2013,0.0,0.0,5270774.0,291265300000.0,0.0,0.0,0.0
CO,2014,0.0,0.0,5352637.0,309223900000.0,0.0,0.0,0.0
CO,2015,0.0,0.0,5454328.0,320895900000.0,0.0,0.0,0.0
CO,2016,1.0,2500000.0,5543844.0,330565900000.0,0.4509506400252244,7.562788539289745e-06,2500000.0
CO,2017,2.0,676000.0,5617421.0,350209100000.0,0.12033992111326532,1.9302753697719446e-06,3176000.0
CO,2018,6.0,8054462.0,5697155.0,373923100000.0,1.41376915320015,2.1540423686046676e-05,11230462.0
CO,2019,6.0,4944737.0,5758486.0,397843600000.0,0.8586869882118321,1.242884641100171e-05,16175199.0
CO,2020,8.0,46602430.0,5787129.0,396981100000.0,8.052771935790615,0.00011739206224175407,62777629.0
CO,2021,12.0,16252450.0,5814036.0,445781300000.0,2.795381727942517,3.64583485220219e-05,79030079.0
CO,2022,15.0,150521994.0,5850935.0,499197400000.0,25.726143599270884,0.00030152800074679874,229552073.0
CO,2023,17.0,30817733.2,5901339.0,533268600000.0,5.222159445508892,5.7790264043298254e-05,260369806.2
CO,2024,15.0,50321645.0,5957493.0,557633000000.0,8.446782060843379,9.02415118904369e-05,310691451.2
CO,2025,6.0,7040290.0,5957493.0,557633000000.0,1.1817538014732036,1.2625310912374268e-05,317731741.2
CT,2001,0.0,0.0,3432835.0,171124400000.0,0.0,0.0,0.0
CT,2002,0.0,0.0,3458749.0,172929700000.0,0.0,0.0,0.0
CT,2003,0.0,0.0,3484336.0,177814800000.0,0.0,0.0,0.0
CT,2004,0.0,0.0,3496094.0,194722900000.0,0.0,0.0,0.0
CT,2005,0.0,0.0,3506956.0,204504600000.0,0.0,0.0,0.0
CT,2006,0.0,0.0,3517460.0,219812200000.0,0.0,0.0,0.0
CT,2007,0.0,0.0,3527270.0,232626800000.0,0.0,0.0,0.0
CT,2008,0.0,0.0,3545579.0,236110700000.0,0.0,0.0,0.0
CT,2009,0.0,0.0,3561807.0,231628000000.0,0.0,0.0,0.0
CT,2010,0.0,0.0,3579173.0,234022200000.0,0.0,0.0,0.0
CT,2011,0.0,0.0,3588632.0,233058700000.0,0.0,0.0,0.0
CT,2012,0.0,0.0,3595211.0,239907500000.0,0.0,0.0,0.0
CT,2013,0.0,0.0,3595792.0,240549200000.0,0.0,0.0,0.0
CT,2014,1.0,3330564.02,3595697.0,247114700000.0,0.9262638147763841,1.3477806136178867e-05,3330564.02
CT,2015,0.0,0.0,3588561.0,260648500000.0,0.0,0.0,3330564.02
CT,2016,2.0,248666511.59,3579830.0,264760400000.00003,69.46321797124445,0.0009392133853476576,251997075.61
CT,2017,3.0,29116115.78,3575324.0,273875099999.99997,8.143629998288267,0.00010631165732116577,281113191.39
CT,2018,6.0,117024545.07,3574561.0,280535400000.0,32.73815863542404,0.0004171471588612346,398137736.46000004
CT,2019,8.0,195439676.75,3566022.0,286451900000.0,54.806077121790054,0.0006822774670023135,593577413.21
CT,2020,5.0,69168084.52,3579918.0,278747900000.0,19.3211365511724,0.00024813849546489856,662745497.73
CT,2021,4.0,44848076.38,3606607.0,297366000000.0,12.434977356834278,0.00015081776793580975,707593574.11
CT,2022,5.0,96480271.24,3617925.0,321625200000.0,26.667294440874258,0.0002999773377210492,804073845.35
CT,2023,3.0,15590212.030000001,3643023.0,341851800000.0,4.279471205644324,4.560517753599659e-05,819664057.38
CT,2024,7.0,184800511.57,3675069.0,356834900000.0,50.2849093636065,0.0005178879968579306,1004464568.95
CT,2025,4.0,79163767.0,3675069.0,356834900000.0,21.540756649739095,0.00022184984428372899,1083628335.95
DE,2001,0.0,0.0,795699.0,46373800000.0,0.0,0.0,0.0
DE,2002,0.0,0.0,806169.0,45865400000.0,0.0,0.0,0.0
DE,2003,0.0,0.0,818003.0,47839600000.0,0.0,0.0,0.0
DE,2004,0.0,0.0,830803.0,51674100000.0,0.0,0.0,0.0
DE,2005,0.0,0.0,845150.0,52048600000.0,0.0,0.0,0.0
DE,2006,0.0,0.0,859268.0,55567700000.0,0.0,0.0,0.0
DE,2007,0.0,0.0,871749.0,56705600000.0,0.0,0.0,0.0
DE,2008,0.0,0.0,883874.0,55250800000.0,0.0,0.0,0.0
DE,2009,0.0,0.0,891730.0,57729900000.0,0.0,0.0,0.0
DE,2010,0.0,0.0,899647.0,58132200000.0,0.0,0.0,0.0
DE,2011,0.0,0.0,907590.0,61379400000.0,0.0,0.0,0.0
DE,2012,0.0,0.0,915518.0,62342100000.0,0.0,0.0,0.0
DE,2013,0.0,0.0,924062.0,62058200000.0,0.0,0.0,0.0
DE,2014,0.0,0.0,933131.0,68606000000.0,0.0,0.0,0.0
DE,2015,0.0,0.0,942065.0,72352500000.0,0.0,0.0,0.0
DE,2016,0.0,0.0,949989.0,70021500000.0,0.0,0.0,0.0
DE,2017,0.0,0.0,957942.0,69555600000.0,0.0,0.0,0.0
DE,2018,1.0,1705275.0,966985.0,73376000000.0,1.7634968484516307,2.3240228412559965e-05,1705275.0
DE,2019,3.0,34877526.0,976668.0,78710500000.0,35.71072872255464,0.00044311147813824074,36582801.0
DE,2020,1.0,732200.0,991928.0,77757200000.0,0.7381584147236493,9.416491334564517e-06,37315001.0
DE,2021,8.0,14110743.0,1005062.0,83554700000.0,14.039674169354726,0.00016888030236479815,51425744.0
DE,2022,11.0,59762173.0,1020625.0,97030400000.0,58.55448671157379,0.0006159118482454983,111187917.0
DE,2023,7.0,60356856.0,1036423.0,103332500000.0,58.23573579513384,0.0005841033169622336,171544773.0
DE,2024,12.0,99717353.0,1051917.0,110971800000.0,94.79583750428979,0.0008985828201398914,271262126.0
DE,2025,6.0,22433643.0,1051917.0,110971800000.0,21.326438302641748,0.00020215625050688552,293695769.0
FL,2001,0.0,0.0,16356966.0,519140700000.0,0.0,0.0,0.0
FL,2002,0.0,0.0,16689369.999999998,553359900000.0,0.0,0.0,0.0
FL,2003,0.0,0.0,17004085.0,590284800000.0,0.0,0.0,0.0
FL,2004,0.0,0.0,17415318.0,647041800000.0,0.0,0.0,0.0
FL,2005,0.0,0.0,17842038.0,704890300000.0,0.0,0.0,0.0
FL,2006,0.0,0.0,18166990.0,749925000000.0,0.0,0.0,0.0
FL,2007,0.0,0.0,18367842.0,781947300000.0,0.0,0.0,0.0
FL,2008,0.0,0.0,18527305.0,767357800000.0,0.0,0.0,0.0
FL,2009,0.0,0.0,18652644.0,739322400000.0,0.0,0.0,0.0
FL,2010,0.0,0.0,18846143.0,752998400000.0,0.0,0.0,0.0
FL,2011,0.0,0.0,19055607.0,761043100000.0,0.0,0.0,0.0
FL,2012,1.0,11871743.0,19302016.0,784545900000.0,0.6150519717733112,1.513199291462743e-05,11871743.0
FL,2013,0.0,0.0,19551678.0,819679800000.0,0.0,0.0,11871743.0
FL,2014,3.0,35323006.0,19853880.0,860112600000.0,1.7791487608467462,4.106788576286407e-05,47194749.0
FL,2015,4.0,80478204.0,20219111.0,918464300000.0,3.980303782891345,8.762257172107833e-05,127672953.0
FL,2016,6.0,28484716.0,20627237.0,964500800000.0,1.3809273631752037,2.953311806480617e-05,156157669.0
FL,2017,16.0,96139000.0,20977089.0,1014866900000.0,4.583047724114628,9.473064891563613e-05,252296669.0
FL,2018,24.0,112530746.0,21254926.0,1072085600000.0001,5.29433722799129,0.00010496432934086605,364827415.0
FL,2019,36.0,102052833.0,21492056.0,1133718000000.0,4.748397873149037,9.001606484152143e-05,466880248.0
FL,2020,53.0,205720744.0,21592035.0,1144653200000.0,9.527621829067987,0.00017972320699404852,672600992.0
FL,2021,43.0,248734040.0,21831949.0,1300807800000.0,11.393121154689396,0.00019121505882729178,921335032.0
FL,2022,29.0,113339593.0,22379312.0,1473688100000.0,5.064480668574619,7.690880655139985e-05,1034674625.0
FL,2023,26.0,137213786.0,22904868.0,1624642300000.0,5.990594925061345,8.445784404357808e-05,1171888411.0
FL,2024,30.0,304822907.0,23372215.0,1726709900000.0,13.042106064829543,0.0001765339429628567,1476711318.0
FL,2025,23.0,204173415.0,23372215.0,1726709900000.0,8.735732364262438,0.00011824419087421692,1680884733.0
GA,2001,0.0,0.0,8377038.0,316872700000.0,0.0,0.0,0.0
GA,2002,0.0,0.0,8508256.0,326017900000.0,0.0,0.0,0.0
GA,2003,0.0,0.0,8622793.0,339540500000.0,0.0,0.0,0.0
GA,2004,0.0,0.0,8769252.0,364530100000.0,0.0,0.0,0.0
GA,2005,0.0,0.0,8925922.0,388707200000.0,0.0,0.0,0.0
GA,2006,0.0,0.0,9155813.0,405664200000.0,0.0,0.0,0.0
GA,2007,0.0,0.0,9349988.0,419384800000.0,0.0,0.0,0.0
GA,2008,0.0,0.0,9504843.0,416303500000.0,0.0,0.0,0.0
GA,2009,0.0,0.0,9620846.0,409876200000.0,0.0,0.0,0.0
GA,2010,0.0,0.0,9712209.0,419013100000.0,0.0,0.0,0.0
GA,2011,0.0,0.0,9803630.0,433137100000.0,0.0,0.0,0.0
GA,2012,0.0,0.0,9903580.0,449375600000.0,0.0,0.0,0.0
GA,2013,0.0,0.0,9975592.0,467559500000.0,0.0,0.0,0.0
GA,2014,1.0,3100000.0,10071204.0,493370300000.0,0.30780828190949167,6.283312959859967e-06,3100000.0
GA,2015,1.0,28470000.0,10183353.0,525516800000.00006,2.7957392815509783,5.417524235190958e-05,31570000.0
GA,2016,1.0,1710000.0,10308442.0,554903200000.0,0.16588345746137,3.0816185597776334e-06,33280000.0
GA,2017,3.0,16452000.0,10417031.0,583543300000.0,1.5793367611174431,2.8193280601456654e-05,49732000.0
GA,2018,10.0,39121000.0,10519389.0,612803400000.0,3.7189422313406224,6.383939775791062e-05,88853000.0
GA,2019,7.0,7643000.0,10628020.0,646695800000.0,0.719136772418569,1.181853972145791e-05,96496000.0
GA,2020,8.0,81291998.66,10732888.0,638488300000.0,7.574102949737293,0.00012731948049791986,177787998.66
GA,2021,41.0,293398855.19,10792060.0,706004600000.0,27.186547812929135,0.00041557640727836616,471186853.85
GA,2022,21.0,186083100.0,10931805.0,785922700000.0,17.022175203454506,0.00023677023198337446,657269953.8499999
GA,2023,31.0,405910400.0,11064432.0,835755300000.0,36.686058534229325,0.00048568091641177746,1063180353.8499999
GA,2024,33.0,229223460.0,11180878.0,881508200000.0,20.50138280732515,0.00026003553909084454,1292403813.85
GA,2025,5.0,29665700.0,11180878.0,881508200000.0,2.6532531702787563,3.3653345482208784e-05,1322069513.85
HI,2001,0.0,0.0,1225948.0,42500200000.0,0.0,0.0,0.0
HI,2002,0.0,0.0,1239613.0,44949500000.0,0.0,0.0,0.0
HI,2003,0.0,0.0,1251154.0,48420700000.0,0.0,0.0,0.0
HI,2004,0.0,0.0,1273569.0,52625700000.0,0.0,0.0,0.0
HI,2005,0.0,0.0,1292729.0,57211800000.0,0.0,0.0,0.0
HI,2006,0.0,0.0,1309731.0,60848000000.0,0.0,0.0,0.0
HI,2007,0.0,0.0,1315675.0,64106000000.0,0.0,0.0,0.0
HI,2008,0.0,0.0,1332213.0,65545500000.0,0.0,0.0,0.0
HI,2009,0.0,0.0,1346717.0,64464300000.0,0.0,0.0,0.0
HI,2010,0.0,0.0,1364004.0,66739300000.0,0.0,0.0,0.0
HI,2011,0.0,0.0,1379562.0,68801100000.0,0.0,0.0,0.0
HI,2012,0.0,0.0,1395199.0,71645600000.0,0.0,0.0,0.0
HI,2013,0.0,0.0,1408822.0,74598500000.0,0.0,0.0,0.0
HI,2014,0.0,0.0,1415335.0,77043000000.0,0.0,0.0,0.0
HI,2015,0.0,0.0,1422999.0,81410200000.0,0.0,0.0,0.0
HI,2016,0.0,0.0,1428885.0,84287200000.0,0.0,0.0,0.0
HI,2017,2.0,25678370.0,1425763.0,87436400000.0,18.010265380711942,0.0002936805495194221,25678370.0
HI,2018,1.0,10556794.0,1423102.0,90933500000.0,7.418156955720672,0.00011609356287836715,36235164.0
HI,2019,2.0,38381046.269999996,1415615.0,93240200000.0,27.11263039032505,0.0004116362499222438,74616210.27
HI,2020,2.0,4671003.0,1451252.0,84788000000.0,3.2186022827186456,5.509037835542765e-05,79287213.27
HI,2021,2.0,7279330.88,1447029.0,93684200000.0,5.030535587054579,7.770073160682378e-05,86566544.14999999
HI,2022,3.0,6899157.0,1440359.0,103954500000.0,4.789887104534356,6.636708367603134e-05,93465701.14999999
HI,2023,6.0,33480151.7,1441387.0,111740200000.0,23.227732524297778,0.00029962494876508187,126945852.85
HI,2024,3.0,41634000.0,1446146.0,117627400000.0,28.789624284131754,0.0003539481447349852,168579852.85
HI,2025,2.0,12435066.0,1446146.0,117627400000.0,8.598762503924224,0.00010571572609783095,181014918.85
IA,2001,0.0,0.0,2931997.0,94922600000.0,0.0,0.0,0.0
IA,2002,0.0,0.0,2934234.0,98669400000.0,0.0,0.0,0.0
IA,2003,0.0,0.0,2941999.0,105329700000.0,0.0,0.0,0.0
IA,2004,0.0,0.0,2953635.0,117149800000.0,0.0,0.0,0.0
IA,2005,0.0,0.0,2964454.0,122866100000.0,0.0,0.0,0.0
IA,2006,0.0,0.0,2982644.0,127670800000.0,0.0,0.0,0.0
IA,2007,0.0,0.0,2999212.0,137590200000.0,0.0,0.0,0.0
IA,2008,0.0,0.0,3016734.0,137749200000.0,0.0,0.0,0.0
IA,2009,0.0,0.0,3032870.0,137094299999.99998,0.0,0.0,0.0
IA,2010,1.0,250000.0,3050819.0,142497700000.0,0.08194520881114219,1.7544142817743725e-06,250000.0
IA,2011,2.0,14620000.0,3066772.0,149026100000.0,4.767227560444663,9.81036207751528e-05,14870000.0
IA,2012,2.0,47000000.0,3076844.0,158553100000.0,15.275392577589244,0.0002964306595077611,61870000.0
IA,2013,4.0,8396000.0,3093935.0,162415000000.0,2.713696312301325,5.169473262937536e-05,70266000.0
IA,2014,7.0,22135000.0,3110643.0,173734200000.0,7.115892116195912,0.000127407269265349,92401000.0
IA,2015,12.0,46705679.0,3122541.0,181471700000.0,14.95758710614208,0.0002573716948703296,139106679.0
IA,2016,12.0,47215120.0,3133210.0,183834800000.0,15.069248470418517,0.0002568345057627827,186321799.0
IA,2017,38.0,129566734.0,3143734.0,187125000000.0,41.214280215819784,0.0006924073961255845,315888533.0
IA,2018,59.0,216417854.03,3149900.0,193155100000.0,68.70626179561256,0.0011204356189921986,532306387.03
IA,2019,58.0,113266378.57,3159596.0,196262500000.0,35.848373833236906,0.0005771167623463473,645572765.6
IA,2020,108.0,210339731.2,3191141.0,199449600000.0,65.91364380326661,0.0010546009177255808,855912496.8
IA,2021,121.0,269832485.76,3198613.0,225055300000.0,84.3592162477924,0.001198960814342075,1125744982.56
IA,2022,94.0,278103230.76,3202820.0,244156800000.0,86.83074002285485,0.0011390353689104706,1403848213.32
IA,2023,86.0,366491112.02,3218414.0,253166500000.0,113.87320339148413,0.0014476287819280987,1770339325.34
IA,2024,63.0,353662715.46,3241488.0,265794500000.0,109.1050515874191,0.0013305870341937098,2124002040.8
IA,2025,40.0,118839893.82,3241488.0,265794500000.0,36.66214214582932,0.000447111937304948,2242841934.62
ID,2001,0.0,0.0,1319962.0,37740900000.0,0.0,0.0,0.0
ID,2002,0.0,0.0,1340372.0,38990700000.0,0.0,0.0,0.0
ID,2003,0.0,0.0,1363380.0,40778600000.0,0.0,0.0,0.0
ID,2004,0.0,0.0,1391802.0,44732900000.0,0.0,0.0,0.0
ID,2005,0.0,0.0,1428241.0,48805100000.0,0.0,0.0,0.0
ID,2006,0.0,0.0,1468669.0,51099000000.0,0.0,0.0,0.0
ID,2007,0.0,0.0,1505105.0,53712400000.0,0.0,0.0,0.0
ID,2008,0.0,0.0,1534320.0,56203600000.0,0.0,0.0,0.0
ID,2009,0.0,0.0,1554439.0,54507900000.0,0.0,0.0,0.0
ID,2010,0.0,0.0,1570819.0,56086200000.0,0.0,0.0,0.0
ID,2011,0.0,0.0,1584272.0,57418200000.0,0.0,0.0,0.0
ID,2012,2.0,3822359.0,1595910.0,57933700000.0,2.3950968413005747,6.597816124293805e-05,3822359.0
ID,2013,1.0,924817.92,1612053.0,61712600000.0,0.5736895250962593,1.4985884892226224e-05,4747176.92
ID,2014,0.0,0.0,1632248.0,64501700000.0,0.0,0.0,4747176.92
ID,2015,0.0,0.0,1652495.0,66064899999.99999,0.0,0.0,4747176.92
ID,2016,1.0,5088905.0,1684036.0,69185200000.0,3.0218504830063013,7.355482097327174e-05,9836081.92
ID,2017,3.0,13658570.0,1719745.0,72935100000.0,7.942206548063812,0.0001872701895246596,23494651.92
ID,2018,4.0,45876909.0,1752074.0,79072400000.0,26.18434438271443,0.0005801886498955388,69371560.92
ID,2019,1.0,9478000.0,1789060.0,84429400000.0,5.29775412786603,0.0001122594735956906,78849560.92
ID,2020,3.0,9261342.0,1849415.0,88056800000.0,5.007714331288542,0.00010517463727957409,88110902.92
ID,2021,5.0,33940673.0,1904848.0,99884100000.0,17.818047949232696,0.0003398005588477045,122051575.92
ID,2022,2.0,7057000.0,1944299.0,112609700000.0,3.629585778730535,6.266778083948364e-05,129108575.92
ID,2023,4.0,7065732.0,1971122.0,120588100000.0,3.5846243915901703,5.859394086149462e-05,136174307.92000002
ID,2024,5.0,23846213.0,2001619.0,129018200000.0,11.913462552064104,0.00018482828779195493,160020520.92000002
ID,2025,2.0,10572200.0,2001619.0,129018200000.0,5.281824363178007,8.194347774189998e-05,170592720.92000002
IL,2001,0.0,0.0,12488445.0,499618400000.0,0.0,0.0,0.0
IL,2002,0.0,0.0,12525556.0,511485900000.0,0.0,0.0,0.0
IL,2003,0.0,0.0,12556006.0,528577000000.0,0.0,0.0,0.0
IL,2004,0.0,0.0,12589773.0,560079800000.0,0.0,0.0,0.0
IL,2005,0.0,0.0,12609903.0,589153700000.0,0.0,0.0,0.0
IL,2006,0.0,0.0,12643955.0,624068100000.0,0.0,0.0,0.0
IL,2007,0.0,0.0,12695866.0,649307400000.0,0.0,0.0,0.0
IL,2008,0.0,0.0,12747038.0,649677300000.0,0.0,0.0,0.0
IL,2009,0.0,0.0,12796778.0,645843200000.0,0.0,0.0,0.0
IL,2010,1.0,1134991.0,12840545.0,663929000000.0,0.08839118588813792,1.7095065888069358e-06,1134991.0
IL,2011,0.0,0.0,12867783.0,691805500000.0,0.0,0.0,1134991.0
IL,2012,0.0,0.0,12883029.0,725478000000.0,0.0,0.0,1134991.0
IL,2013,1.0,66136932.0,12895778.0,742890900000.0,5.128572467671202,8.902643981774444e-05,67271923.0
IL,2014,2.0,92802513.0,12885092.0,772291700000.0,7.202316677288762,0.0001201651047136723,160074436.0
IL,2015,5.0,189386186.09,12859585.0,802592000000.0,14.727239338594519,0.00023596819565856625,349460622.09000003
IL,2016,5.0,40068533.24,12821709.0,813561600000.0,3.125054018929926,4.9250767538684226e-05,389529155.33
IL,2017,8.0,196338915.09,12779893.0,832826800000.0,15.36311102839437,0.00023574999638580315,585868070.4200001
IL,2018,11.0,108545014.95,12724685.0,871024200000.0,8.530271275870483,0.00012461767991061556,694413085.37
IL,2019,42.0,269666038.7,12667017.0,895601800000.0,21.288835303528842,0.00030110037597066015,964079124.0699999
IL,2020,27.0,192470119.53,12799088.0,860807800000.0,15.03779953149787,0.00022359244366744818,1156549243.6
IL,2021,41.0,352780547.36,12700641.0,947223900000.0,27.77659390262271,0.0003724362818125683,1509329790.96
IL,2022,41.0,385745509.5,12621821.0,1037735900000.0,30.56179528294689,0.00037171838181564306,1895075300.46
IL,2023,28.0,477164433.58,12642259.0,1100794100000.0,37.743605282884964,0.0004334729206669985,2372239734.04
IL,2024,35.0,482714314.83,12710158.0,1148106100000.0,37.97862424920288,0.00042044399453151584,2854954048.87
IL,2025,28.0,272441761.23,12710158.0,1148106100000.0,21.434962588978046,0.00023729667600407315,3127395810.1
IN,2001,0.0,0.0,6127760.0,205325100000.0,0.0,0.0,0.0
IN,2002,0.0,0.0,6155967.0,213419600000.0,0.0,0.0,0.0
IN,2003,0.0,0.0,6196638.0,225349300000.0,0.0,0.0,0.0
IN,2004,0.0,0.0,6233007.0,239278500000.0,0.0,0.0,0.0
IN,2005,0.0,0.0,6278616.0,247428300000.0,0.0,0.0,0.0
IN,2006,0.0,0.0,6332669.0,259030300000.0,0.0,0.0,0.0
IN,2007,0.0,0.0,6379599.0,273340800000.0,0.0,0.0,0.0
IN,2008,0.0,0.0,6424806.0,277774500000.0,0.0,0.0,0.0
IN,2009,1.0,8830000.0,6459325.0,264925000000.0,1.3670159033645157,3.3330187788996885e-05,8830000.0
IN,2010,0.0,0.0,6490555.0,284685800000.0,0.0,0.0,8830000.0
IN,2011,1.0,7433000.0,6517250.0,292373800000.0,1.1405117188998428,2.5422934613156173e-05,16263000.0
IN,2012,0.0,0.0,6538989.0,301277400000.0,0.0,0.0,16263000.0
IN,2013,0.0,0.0,6570575.0,313466900000.0,0.0,0.0,16263000.0
IN,2014,0.0,0.0,6596019.0,329360900000.0,0.0,0.0,16263000.0
IN,2015,0.0,0.0,6611442.0,333163800000.0,0.0,0.0,16263000.0
IN,2016,0.0,0.0,6637898.0,342716600000.0,0.0,0.0,16263000.0
IN,2017,1.0,1394000.0,6662068.0,357535800000.0,0.20924433674348566,3.898910262972267e-06,17657000.0
IN,2018,0.0,0.0,6698481.0,377376900000.0,0.0,0.0,17657000.0
IN,2019,0.0,0.0,6731010.0,384838700000.0,0.0,0.0,17657000.0
IN,2020,11.0,156814132.0,6790497.0,378293000000.0,23.093174476036143,0.0004145308847903609,174471132.0
IN,2021,19.0,370086999.0,6815907.0,425270900000.0,54.297542352030334,0.0008702382387320647,544558131.0
IN,2022,32.0,411154070.0,6844545.0,467679600000.0,60.07032899922493,0.0008791362077798561,955712201.0
IN,2023,31.0,331112540.0,6880131.0,496849500000.0,48.12590632358599,0.0006664242190039439,1286824741.0
IN,2024,29.0,429452000.0,6924275.0,519516500000.0,62.02122243845024,0.000826637844996261,1716276741.0
IN,2025,13.0,321815295.0,6924275.0,519516500000.0,46.476388502767435,0.0006194515381128414,2038092036.0
KS,2001,0.0,0.0,2702162.0,88869700000.0,0.0,0.0,0.0
KS,2002,0.0,0.0,2713535.0,91359000000.0,0.0,0.0,0.0
KS,2003,0.0,0.0,2723004.0,95236300000.0,0.0,0.0,0.0
KS,2004,0.0,0.0,2734373.0,98913700000.0,0.0,0.0,0.0
KS,2005,1.0,4000000.0,2745299.0,105343900000.0,1.4570361916862244,3.7970874440760216e-05,4000000.0
KS,2006,0.0,0.0,2762931.0,113831800000.0,0.0,0.0,4000000.0
KS,2007,0.0,0.0,2783785.0,123608900000.0,0.0,0.0,4000000.0
KS,2008,1.0,440000.0,2808076.0,129223200000.0,0.15669091577293492,3.4049613382117144e-06,4440000.0
KS,2009,0.0,0.0,2832704.0,126049700000.0,0.0,0.0,4440000.0
KS,2010,0.0,0.0,2858266.0,129235700000.0,0.0,0.0,4440000.0
KS,2011,0.0,0.0,2869677.0,136747100000.0,0.0,0.0,4440000.0
KS,2012,0.0,0.0,2886024.0,141812100000.0,0.0,0.0,4440000.0
KS,2013,0.0,0.0,2894306.0,144999300000.0,0.0,0.0,4440000.0
KS,2014,0.0,0.0,2901861.0,150276100000.0,0.0,0.0,4440000.0
KS,2015,2.0,11892040.0,2910717.0,155699000000.0,4.0856050244664806,7.637839677839934e-05,16332040.0
KS,2016,4.0,18632000.0,2912977.0,162144500000.0,6.396205668633841,0.00011490984893104607,34964040.0
KS,2017,7.0,5630044.0,2910892.0,166273600000.0,1.9341301566667537,3.3860119706315374e-05,40594084.0
KS,2018,7.0,12782677.0,2912748.0,173373000000.0,4.388528290123279,7.37293407854741e-05,53376761.0
KS,2019,7.0,12505702.0,2912635.0,176068800000.0,4.293604244953452,7.10273597593668e-05,65882463.0
KS,2020,4.0,2236900.0,2938172.0,175385600000.0,0.7613237073935767,1.275418278353525e-05,68119363.0
KS,2021,14.0,60930230.21,2938338.0,188993300000.0,20.736290450588054,0.0003223935991910824,129049593.21000001
KS,2022,8.0,7303370.0,2937324.0,213368800000.0,2.48640258956792,3.422885632763553e-05,136352963.21
KS,2023,11.0,160615452.0,2951500.0,224851300000.0,54.41824563781128,0.0007143185385185677,296968415.21000004
KS,2024,15.0,300466100.0,2970606.0,230522100000.0,101.14639908490052,0.0013034155944267383,597434515.21
KS,2025,8.0,61017620.0,2970606.0,230522100000.0,20.540462114464187,0.0002646931465573149,658452135.21
KY,2001,0.0,0.0,4068132.0,117767900000.0,0.0,0.0,0.0
KY,2002,0.0,0.0,4089875.0,122731200000.0,0.0,0.0,0.0
KY,2003,0.0,0.0,4117170.0,128289600000.0,0.0,0.0,0.0
KY,2004,0.0,0.0,4146100.9999999995,135694500000.0,0.0,0.0,0.0
KY,2005,0.0,0.0,4182742.0,144914900000.0,0.0,0.0,0.0
KY,2006,0.0,0.0,4219239.0,153009800000.0,0.0,0.0,0.0
KY,2007,0.0,0.0,4256672.0,156900000000.0,0.0,0.0,0.0
KY,2008,0.0,0.0,4289878.0,160700200000.0,0.0,0.0,0.0
KY,2009,0.0,0.0,4317074.0,157440100000.0,0.0,0.0,0.0
KY,2010,0.0,0.0,4348464.0,166656300000.0,0.0,0.0,0.0
KY,2011,0.0,0.0,4370817.0,171238100000.0,0.0,0.0,0.0
KY,2012,0.0,0.0,4387865.0,178370600000.0,0.0,0.0,0.0
KY,2013,0.0,0.0,4406906.0,184920600000.0,0.0,0.0,0.0
KY,2014,0.0,0.0,4416992.0,188326400000.0,0.0,0.0,0.0
KY,2015,0.0,0.0,4429126.0,194621200000.0,0.0,0.0,0.0
KY,2016,2.0,36587200.0,4440306.0,197944800000.0,8.239792482770332,0.00018483536824407613,36587200.0
KY,2017,0.0,0.0,4455590.0,203564000000.0,0.0,0.0,36587200.0
KY,2018,2.0,10910667.0,4464273.0,210509100000.0,2.4439963685016575,5.182990664061554e-05,47497867.0
KY,2019,3.0,8772200.0,4472345.0,220678800000.0,1.9614318662804413,3.975098650164855e-05,56270067.0
KY,2020,5.0,19203469.0,4508318.0,218948600000.0,4.2595639881658744,8.770765832711422e-05,75473536.0
KY,2021,20.0,67991194.0,4507583.0,238693700000.0,15.083736450332696,0.000284847040370148,143464730.0
KY,2022,8.0,16171000.0,4519233.0,262586599999.99997,3.578262063496173,6.158349283626812e-05,159635730.0
KY,2023,1.0,19125000.0,4550595.0,283267700000.0,4.202747113289581,6.751563979938412e-05,178760730.0
KY,2024,2.0,5535000.0,4588372.0,295375300000.0,1.206310211988043,1.873887220766259e-05,184295730.0
KY,2025,2.0,3666385.0,4588372.0,295375300000.0,0.799060102363104,1.2412632335879134e-05,187962115.0
LA,2001,0.0,0.0,4477875.0,138204300000.0,0.0,0.0,0.0
LA,2002,0.0,0.0,4497267.0,140082800000.0,0.0,0.0,0.0
LA,2003,0.0,0.0,4521042.0,155198700000.0,0.0,0.0,0.0
LA,2004,0.0,0.0,4552238.0,170999600000.0,0.0,0.0,0.0
LA,2005,0.0,0.0,4576628.0,199314200000.0,0.0,0.0,0.0
LA,2006,0.0,0.0,4302665.0,207249800000.0,0.0,0.0,0.0
LA,2007,0.0,0.0,4375581.0,203771300000.0,0.0,0.0,0.0
LA,2008,0.0,0.0,4435586.0,213803500000.0,0.0,0.0,0.0
LA,2009,0.0,0.0,4491648.0,206111500000.0,0.0,0.0,0.0
LA,2010,1.0,1000000.0,4544635.0,226555600000.0,0.2200396731530695,4.413927530372235e-06,1000000.0
LA,2011,1.0,1000000.0,4576244.0,230518700000.0,0.21851981668809617,4.338042857260604e-06,2000000.0
LA,2012,1.0,17750000.0,4602067.0,235960900000.0,3.856962534443762,7.522432742034803e-05,19750000.0
LA,2013,2.0,12010755.0,4626040.0,231652700000.0,2.596336175216816,5.184811141851573e-05,31760755.0
LA,2014,1.0,4000000.0,4645938.0,240965000000.0,0.8609671502288666,1.6599921150374536e-05,35760755.0
LA,2015,1.0,15170000.0,4666998.0,234324200000.0,3.250483501385687,6.473936537498048e-05,50930755.0
LA,2016,2.0,15156000.0,4681346.0,227440300000.0,3.2375304025807963,6.663726701028798e-05,66086755.0
LA,2017,1.0,1059400.0,4673673.0,239830700000.0,0.22667396713462837,4.417282691498628e-06,67146155.0
LA,2018,3.0,10500000.0,4664450.0,256444400000.0,2.2510692578975013,4.094454782401175e-05,77646155.0
LA,2019,3.0,12990000.0,4658285.0,257499000000.0,2.788579917287156,5.044679785164214e-05,90636155.0
LA,2020,3.0,2138000.0,4652301.0,233652000000.0,0.4595575393767514,9.150360364987246e-06,92774155.0
LA,2021,5.0,72362300.0,4627971.0,273063300000.0,15.635858565233015,0.00026500192446220346,165136455.0
LA,2022,8.0,40435000.0,4593687.0,304299300000.0,8.802297587972364,0.0001328790437572482,205571455.0
LA,2023,10.0,67867000.0,4588071.0,318044300000.0,14.792055310390793,0.00021338851222927122,273438455.0
LA,2024,18.0,127683412.0,4597740.0,329172800000.0,27.770907445832083,0.0003878917456120311,401121867.0
LA,2025,6.0,18117560.0,4597740.0,329172800000.0,3.940536002470779,5.50396630584301e-05,419239427.0
MA,2001,0.0,0.0,6397634.0,294876400000.0,0.0,0.0,0.0
MA,2002,0.0,0.0,6417206.0,299915800000.0,0.0,0.0,0.0
MA,2003,0.0,0.0,6422565.0,309736100000.0,0.0,0.0,0.0
MA,2004,0.0,0.0,6412281.0,324919000000.0,0.0,0.0,0.0
MA,2005,0.0,0.0,6403290.0,340637800000.0,0.0,0.0,0.0
MA,2006,0.0,0.0,6410084.0,358418300000.0,0.0,0.0,0.0
MA,2007,0.0,0.0,6431559.0,377985600000.0,0.0,0.0,0.0
MA,2008,0.0,0.0,6468967.0,387923400000.0,0.0,0.0,0.0
MA,2009,0.0,0.0,6517613.0,388963900000.0,0.0,0.0,0.0
MA,2010,0.0,0.0,6566440.0,409270000000.0,0.0,0.0,0.0
MA,2011,0.0,0.0,6614218.0,423684900000.0,0.0,0.0,0.0
MA,2012,0.0,0.0,6664269.0,441373900000.0,0.0,0.0,0.0
MA,2013,0.0,0.0,6715158.0,452580400000.0,0.0,0.0,0.0
MA,2014,0.0,0.0,6764864.0,469824900000.0,0.0,0.0,0.0
MA,2015,0.0,0.0,6797484.0,497767000000.0,0.0,0.0,0.0
MA,2016,0.0,0.0,6827280.0,514108000000.0,0.0,0.0,0.0
MA,2017,0.0,0.0,6863560.0,530129400000.0,0.0,0.0,0.0
MA,2018,3.0,3575900.0,6885720.0,559605000000.0,0.5193211457915803,6.390042976742523e-06,3575900.0
MA,2019,7.0,64188102.0,6894883.0,588069500000.0,9.30952736979003,0.00010915053747898845,67764002.0
MA,2020,39.0,191852188.0,6994598.0,592855500000.0,27.428622488383176,0.00032360699698324465,259616190.0
MA,2021,54.0,301353753.0,7000474.0,650308800000.0,43.04762120393562,0.0004634010073368221,560969943.0
MA,2022,54.0,474480264.6,7022468.0,696323100000.0,67.566027299804,0.0006814081919729505,1035450207.6
MA,2023,49.0,398012480.31,7066568.0,737867400000.0,56.32330719947788,0.0005394092221854495,1433462687.91
MA,2024,54.0,413448976.0,7136171.0,778523400000.0,57.93708923174627,0.0005310681425889062,1846911663.91
MA,2025,19.0,87465327.0,7136171.0,778523400000.0,12.25661871051016,0.00011234771748671909,1934376990.91
MD,2001,0.0,0.0,5374691.0,205276000000.0,0.0,0.0,0.0
MD,2002,0.0,0.0,5440389.0,217001400000.0,0.0,0.0,0.0
MD,2003,0.0,0.0,5496269.0,226803400000.0,0.0,0.0,0.0
MD,2004,0.0,0.0,5546935.0,243449800000.0,0.0,0.0,0.0
MD,2005,0.0,0.0,5592379.0,261795300000.0,0.0,0.0,0.0
MD,2006,0.0,0.0,5627367.0,273791000000.0,0.0,0.0,0.0
MD,2007,0.0,0.0,5653408.0,282618200000.0,0.0,0.0,0.0
MD,2008,0.0,0.0,5684965.0,292908300000.0,0.0,0.0,0.0
MD,2009,0.0,0.0,5730388.0,298282800000.0,0.0,0.0,0.0
MD,2010,0.0,0.0,5788784.0,313930500000.0,0.0,0.0,0.0
MD,2011,0.0,0.0,5840241.0,324920900000.0,0.0,0.0,0.0
MD,2012,2.0,21878000.0,5888375.0,331869000000.0,3.7154563016112254,6.592360238527853e-05,21878000.0
MD,2013,2.0,37130000.0,5925197.0,339895800000.0,6.26645831353793,0.00010923936100416657,59008000.0
MD,2014,0.0,0.0,5960064.0,351743100000.0,0.0,0.0,59008000.0
MD,2015,7.0,70823000.0,5988528.0,367314100000.0,11.826445497123833,0.00019281318087163002,129831000.0
MD,2016,7.0,46680402.0,6007014.0,386496400000.0,7.770982721198918,0.00012077836171307158,176511402.0
MD,2017,3.0,36466377.0,6028186.0,399714500000.0,6.049311849368948,9.123105866812438e-05,212977779.0
MD,2018,2.0,6842764.0,6042153.0,410771800000.0,1.132504258002073,1.6658310039783647e-05,219820543.0
MD,2019,10.0,111583877.0,6054954.0,419391600000.0,18.428525964028793,0.0002660613064257844,331404420.0
MD,2020,7.0,158135304.98,6177935.0,413804500000.0,25.596790024498475,0.0003821497953260537,489539724.98
MD,2021,20.0,270118836.79,6179403.0,447714300000.0,43.712772381086005,0.000603328588767435,759658561.77
MD,2022,5.0,24306227.0,6192440.0,481861400000.0,3.9251453385095374,5.04423616417501e-05,783964788.77
MD,2023,7.0,96246347.49,6217062.0,515035900000.0,15.481001715923052,0.00018687308494417571,880211136.26
MD,2024,5.0,44914841.0,6263220.0,546028400000.0,7.171206025015886,8.225733496645962e-05,925125977.26
MD,2025,5.0,128056844.0,6263220.0,546028400000.0,20.44584798234774,0.00023452414563052032,1053182821.26
ME,2001,0.0,0.0,1285692.0,38925700000.0,0.0,0.0,0.0
ME,2002,0.0,0.0,1295960.0,40664100000.0,0.0,0.0,0.0
ME,2003,0.0,0.0,1306513.0,42493400000.0,0.0,0.0,0.0
ME,2004,0.0,0.0,1313688.0,45233100000.0,0.0,0.0,0.0
ME,2005,0.0,0.0,1318787.0,47028100000.0,0.0,0.0,0.0
ME,2006,0.0,0.0,1323619.0,48889300000.0,0.0,0.0,0.0
ME,2007,0.0,0.0,1327040.0,50291300000.0,0.0,0.0,0.0
ME,2008,0.0,0.0,1330509.0,51001900000.0,0.0,0.0,0.0
ME,2009,0.0,0.0,1329590.0,51451200000.0,0.0,0.0,0.0
ME,2010,0.0,0.0,1327651.0,52802500000.0,0.0,0.0,0.0
ME,2011,0.0,0.0,1328473.0,53104500000.0,0.0,0.0,0.0
ME,2012,0.0,0.0,1328094.0,54018500000.0,0.0,0.0,0.0
ME,2013,0.0,0.0,1328543.0,54924800000.0,0.0,0.0,0.0
ME,2014,0.0,0.0,1331217.0,56537400000.0,0.0,0.0,0.0
ME,2015,1.0,3750000.0,1329098.0,58755800000.0,2.8214623752349337,6.382348636219744e-05,3750000.0
ME,2016,0.0,0.0,1332348.0,61092200000.0,0.0,0.0,3750000.0
ME,2017,3.0,1894200.0,1335743.0,63000600000.0,1.4180871619765179,3.0066380320187425e-05,5644200.0
ME,2018,6.0,5084000.0,1340123.0,66216000000.0,3.793681624746385,7.677902621722847e-05,10728200.0
ME,2019,8.0,22291000.0,1345770.0,69708700000.0,16.563751606886765,0.00031977357202185667,33019200.0
ME,2020,21.0,14375467.0,1364571.0,72309700000.0,10.534788589234273,0.0001988041300129858,47394667.0
ME,2021,21.0,37064096.68,1378931.0,79407600000.0,26.878862452145903,0.00046675754814400636,84458763.68
ME,2022,22.0,80532344.48,1390922.0,86310600000.0,57.89853383582976,0.0009330527708068302,164991108.16
ME,2023,35.0,68333528.42,1399646.0,93743800000.0,48.82200815063238,0.0007289391769909051,233324636.57999998
ME,2024,48.0,96012833.86,1405012.0,99174100000.0,68.33595290289335,0.0009681240753382183,329337470.44
ME,2025,26.0,44011326.44,1405012.0,99174100000.0,31.324519961395346,0.00044377843045714555,373348796.88
MI,2001,0.0,0.0,9991120.0,349127500000.0,0.0,0.0,0.0
MI,2002,0.0,0.0,10015710.0,363372100000.0,0.0,0.0,0.0
MI,2003,0.0,0.0,10041152.0,376123800000.0,0.0,0.0,0.0
MI,2004,0.0,0.0,10055315.0,388764600000.0,0.0,0.0,0.0
MI,2005,0.0,0.0,10051137.0,402828800000.0,0.0,0.0,0.0
MI,2006,0.0,0.0,10036081.0,402537300000.0,0.0,0.0,0.0
MI,2007,0.0,0.0,10001284.0,410613000000.0,0.0,0.0,0.0
MI,2008,0.0,0.0,9946889.0,391633600000.0,0.0,0.0,0.0
MI,2009,0.0,0.0,9901591.0,371707000000.0,0.0,0.0,0.0
MI,2010,0.0,0.0,9877597.0,393179600000.0,0.0,0.0,0.0
MI,2011,0.0,0.0,9883053.0,408354100000.0,0.0,0.0,0.0
MI,2012,1.0,37000000.0,9898289.0,426141100000.0,3.738019772912268,8.682570162793497e-05,37000000.0
MI,2013,1.0,73305000.0,9914802.0,441470800000.0,7.393491065177096,0.00016604722214923388,110305000.0
MI,2014,0.0,0.0,9932033.0,456123500000.0,0.0,0.0,110305000.0
MI,2015,0.0,0.0,9934483.0,479222700000.0,0.0,0.0,110305000.0
MI,2016,1.0,51310000.0,9954117.0,494752500000.0,5.154651085575948,0.0001037084198664989,161615000.0
MI,2017,2.0,42230000.0,9976752.0,505101500000.0,4.232840507612097,8.360695820543e-05,203845000.0
MI,2018,3.0,38905000.0,9987286.0,525240800000.00006,3.89545267853549,7.407078810328519e-05,242750000.0
MI,2019,4.0,18395000.0,9984795.0,540237300000.00006,1.8423012190034949,3.4049851796608635e-05,261145000.0
MI,2020,19.0,157130000.0,10072703.0,530161300000.00006,15.59958632752301,0.0002963814974801065,418275000.0
MI,2021,14.0,150442717.0,10041351.0,573329400000.0,14.982318315533437,0.0002624018879896967,568717717.0
MI,2022,33.0,377027500.0,10050877.0,624173200000.0,37.51190070279439,0.0006040430765050469,945745217.0
MI,2023,30.0,703456220.0,10083356.0,676030800000.0,69.7640963980643,0.001040568299550849,1649201437.0
MI,2024,34.0,806952042.0,10140459.0,702466900000.0,79.57746705548536,0.001148740306482768,2456153479.0
MI,2025,6.0,147855000.0,10140459.0,702466900000.0,14.580700932768428,0.00021047966815233572,2604008479.0
MN,2001,0.0,0.0,4982796.0,196869400000.0,0.0,0.0,0.0
MN,2002,0.0,0.0,5018935.0,204061100000.0,0.0,0.0,0.0
MN,2003,0.0,0.0,5053572.0,215975100000.0,0.0,0.0,0.0
MN,2004,0.0,0.0,5087713.0,231949400000.0,0.0,0.0,0.0
MN,2005,0.0,0.0,5119598.0,244635400000.0,0.0,0.0,0.0
MN,2006,0.0,0.0,5163555.0,252357600000.0,0.0,0.0,0.0
MN,2007,0.0,0.0,5207203.0,261250700000.0,0.0,0.0,0.0
MN,2008,0.0,0.0,5247018.0,268771500000.0,0.0,0.0,0.0
MN,2009,0.0,0.0,5281203.0,262628800000.0,0.0,0.0,0.0
MN,2010,0.0,0.0,5310934.0,274649200000.0,0.0,0.0,0.0
MN,2011,0.0,0.0,5346620.0,287070800000.0,0.0,0.0,0.0
MN,2012,0.0,0.0,5377500.0,298641400000.0,0.0,0.0,0.0
MN,2013,0.0,0.0,5414722.0,311752100000.0,0.0,0.0,0.0
MN,2014,0.0,0.0,5452665.0,324701500000.0,0.0,0.0,0.0
MN,2015,0.0,0.0,5484002.0,336762000000.0,0.0,0.0,0.0
MN,2016,1.0,6933456.0,5525360.0,345248800000.0,1.2548423994092692,2.008249123530625e-05,6933456.0
MN,2017,1.0,1399753.0,5569283.0,354721900000.0,0.25133450751200825,3.946057460788297e-06,8333209.0
MN,2018,11.0,45451182.0,5608762.0,372439200000.0,8.103603255049867,0.00012203651495331318,53784391.0
MN,2019,16.0,84446999.0,5640053.0,384850200000.0,14.97273146192066,0.00021942823207575312,138231390.0
MN,2020,19.0,74416594.0,5710735.0,378969400000.0,13.031001088301243,0.0001963657065715596,212647984.0
MN,2021,36.0,155961945.0,5718660.0,416141900000.0,27.272463304340526,0.00037478068178186335,368609929.0
MN,2022,30.0,165321481.0,5721621.0,457393800000.0,28.894168453310698,0.00036144233043823506,533931410.0
MN,2023,18.0,185502497.0,5753048.0,483222000000.0,32.24421159009972,0.00038388669596996824,719433907.0
MN,2024,29.0,210662242.0,5793151.0,507687800000.0,36.36401709535968,0.00041494446390084617,930096149.0
MN,2025,11.0,60692736.0,5793151.0,507687800000.0,10.476636289991406,0.00011954735961746569,990788885.0
MO,2001,0.0,0.0,5641142.0,190388700000.0,0.0,0.0,0.0
MO,2002,0.0,0.0,5674825.0,197399000000.0,0.0,0.0,0.0
MO,2003,0.0,0.0,5709403.0,206005200000.0,0.0,0.0,0.0
MO,2004,0.0,0.0,5747741.0,216977500000.0,0.0,0.0,0.0
MO,2005,0.0,0.0,5790300.0,227594600000.0,0.0,0.0,0.0
MO,2006,0.0,0.0,5842704.0,235816900000.0,0.0,0.0,0.0
MO,2007,0.0,0.0,5887612.0,244085300000.0,0.0,0.0,0.0
MO,2008,0.0,0.0,5923916.0,256431100000.0,0.0,0.0,0.0
MO,2009,0.0,0.0,5961088.0,254306200000.0,0.0,0.0,0.0
MO,2010,0.0,0.0,5996089.0,262013400000.0,0.0,0.0,0.0
MO,2011,0.0,0.0,6011182.0,263330000000.0,0.0,0.0,0.0
MO,2012,0.0,0.0,6026027.0,272482400000.00003,0.0,0.0,0.0
MO,2013,0.0,0.0,6042989.0,282659700000.0,0.0,0.0,0.0
MO,2014,1.0,1000000.0,6059130.0,289340700000.0,0.16504019553962368,3.456133202138517e-06,1000000.0
MO,2015,1.0,6000000.0,6075411.0,299597700000.0,0.9875875064254912,2.002685601391466e-05,7000000.0
MO,2016,1.0,1000000.0,6091384.0,304143300000.0,0.16416630440635493,3.287923817489979e-06,8000000.0
MO,2017,1.0,66850000.0,6111382.0,311273800000.0,10.938606030518137,0.00021476269445099458,74850000.0
MO,2018,1.0,25267000.0,6125986.0,320451600000.0,4.124560519726947,7.884810061800285e-05,100117000.0
MO,2019,5.0,9912000.0,6140475.0,334750200000.0,1.6142073699510218,2.9610139142560632e-05,110029000.0
MO,2020,16.0,63756918.0,6154744.0,335970800000.0,10.358987798680172,0.00018976922399208503,173785918.0
MO,2021,33.0,261231059.0,6171374.0,366193100000.0,42.329481084763295,0.0007133696921105285,435016977.0
MO,2022,36.0,132468597.0,6179414.0,397536900000.0,21.437080765263502,0.0003332233988844809,567485574.0
MO,2023,25.0,322623644.0,6208038.0,428887300000.0,51.96869671223018,0.0007522340810744454,890109218.0
MO,2024,37.0,804525488.0,6245466.0,448713700000.0,128.81752746712576,0.0017929594928793127,1694634706.0
MO,2025,16.0,29077000.0,6245466.0,448713700000.0,4.655697429142998,6.480078499943282e-05,1723711706.0
MS,2001,0.0,0.0,2852994.0,67750200000.0,0.0,0.0,0.0
MS,2002,0.0,0.0,2858681.0,69704900000.0,0.0,0.0,0.0
MS,2003,0.0,0.0,2868312.0,74418400000.0,0.0,0.0,0.0
MS,2004,0.0,0.0,2889010.0,78680100000.0,0.0,0.0,0.0
MS,2005,0.0,0.0,2905943.0,82991600000.0,0.0,0.0,0.0
MS,2006,0.0,0.0,2904978.0,87596700000.0,0.0,0.0,0.0
MS,2007,0.0,0.0,2928350.0,91876500000.0,0.0,0.0,0.0
MS,2008,0.0,0.0,2947806.0,95179300000.0,0.0,0.0,0.0
MS,2009,0.0,0.0,2958774.0,92378000000.0,0.0,0.0,0.0
MS,2010,0.0,0.0,2970615.0,94788300000.0,0.0,0.0,0.0
MS,2011,0.0,0.0,2979147.0,96799100000.0,0.0,0.0,0.0
MS,2012,1.0,39025000.0,2984599.0,100905400000.0,13.075458378160684,0.0003867483801659772,39025000.0
MS,2013,0.0,0.0,2989839.0,103042600000.0,0.0,0.0,39025000.0
MS,2014,1.0,7847920.0,2991892.0,105219500000.0,2.62306259717931,7.458617461592195e-05,46872920.0
MS,2015,0.0,0.0,2990231.0,106623900000.0,0.0,0.0,46872920.0
MS,2016,0.0,0.0,2990595.0,107795400000.0,0.0,0.0,46872920.0
MS,2017,2.0,7276634.0,2990674.0,110281400000.0,2.4331083896138463,6.598242314660496e-05,54149554.0
MS,2018,5.0,50492588.0,2982879.0,113166400000.0,16.927467724973088,0.0004461800322357166,104642142.0
MS,2019,5.0,16872460.2,2978227.0,116135700000.0,5.665270041538136,0.00014528228787530448,121514602.2
MS,2020,5.0,46631425.83,2958536.0,117441600000.0,15.761655707417452,0.00039706054609269626,168146028.03
MS,2021,7.0,47501394.0,2947209.0,130404600000.0,16.117416172385468,0.000364261644144455,215647422.03
MS,2022,6.0,23795228.0,2941939.0,141724200000.0,8.088280552383988,0.00016789812890106277,239442650.03
MS,2023,9.0,64632342.0,2943172.0,151511900000.0,21.960096793527526,0.0004265826116628463,304074992.03
MS,2024,15.0,130128771.39,2943045.0,158192400000.0,44.2156920434448,0.0008225981234876011,434203763.42
MS,2025,0.0,0.0,2943045.0,158192400000.0,0.0,0.0,434203763.42
MT,2001,0.0,0.0,906961.0,22798000000.0,0.0,0.0,0.0
MT,2002,0.0,0.0,911667.0,23886000000.0,0.0,0.0,0.0
MT,2003,0.0,0.0,919630.0,25781100000.0,0.0,0.0,0.0
MT,2004,0.0,0.0,930009.0,28138800000.0,0.0,0.0,0.0
MT,2005,0.0,0.0,940102.0,30823700000.0,0.0,0.0,0.0
MT,2006,0.0,0.0,952692.0,33088000000.0,0.0,0.0,0.0
MT,2007,0.0,0.0,964706.0,36116100000.0,0.0,0.0,0.0
MT,2008,0.0,0.0,976415.0,37028000000.0,0.0,0.0,0.0
MT,2009,0.0,0.0,983982.0,35880000000.0,0.0,0.0,0.0
MT,2010,0.0,0.0,990730.0,38080300000.0,0.0,0.0,0.0
MT,2011,0.0,0.0,997518.0,40592300000.0,0.0,0.0,0.0
MT,2012,0.0,0.0,1004168.0,42150200000.0,0.0,0.0,0.0
MT,2013,0.0,0.0,1014158.0,43584000000.0,0.0,0.0,0.0
MT,2014,0.0,0.0,1022657.0,45203800000.0,0.0,0.0,0.0
MT,2015,0.0,0.0,1031494.9999999999,46542400000.0,0.0,0.0,0.0
MT,2016,2.0,8600000.0,1042137.0,45859400000.0,8.252273933273647,0.00018752971037562638,8600000.0
MT,2017,2.0,8785000.0,1053862.0,48470500000.0,8.336006042536878,0.00018124426197377788,17385000.0
MT,2018,4.0,19082000.0,1061818.0,51152100000.0,17.971064721072725,0.00037304431294120865,36467000.0
MT,2019,9.0,30351250.0,1070123.0,52715600000.0,28.362393855659583,0.0005757546153320838,66818250.0
MT,2020,14.0,49876100.0,1087230.0,53057300000.0,45.87446998335219,0.0009400421808120655,116694350.0
MT,2021,12.0,25418200.0,1106522.0,60314800000.0,22.97125588103987,0.0004214255870864199,142112550.0
MT,2022,5.0,9018000.0,1122095.0,69087800000.0,8.036752681368334,0.00013052955804063814,151130550.0
MT,2023,10.0,22411500.0,1131302.0,74690300000.0,19.81036009836454,0.0003000590438115793,173542050.0
MT,2024,13.0,37895701.0,1137233.0,78441000000.0,33.32272366348848,0.00048311088588875713,211437751.0
MT,2025,14.0,25664154.0,1137233.0,78441000000.0,22.567190716414313,0.00032717780242475235,237101905.0
NC,2001,0.0,0.0,8210121.999999999,287317100000.0,0.0,0.0,0.0
NC,2002,0.0,0.0,8326200.999999999,297653000000.0,0.0,0.0,0.0
NC,2003,0.0,0.0,8422501.0,310200300000.0,0.0,0.0,0.0
NC,2004,0.0,0.0,8553152.0,329017700000.0,0.0,0.0,0.0
NC,2005,0.0,0.0,8705407.0,354798500000.0,0.0,0.0,0.0
NC,2006,0.0,0.0,8917270.0,388012100000.0,0.0,0.0,0.0
NC,2007,0.0,0.0,9118037.0,402188300000.0,0.0,0.0,0.0
NC,2008,0.0,0.0,9309449.0,420707200000.0,0.0,0.0,0.0
NC,2009,0.0,0.0,9449566.0,413096800000.0,0.0,0.0,0.0
NC,2010,0.0,0.0,9574586.0,422282200000.0,0.0,0.0,0.0
NC,2011,0.0,0.0,9658913.0,430040100000.0,0.0,0.0,0.0
NC,2012,0.0,0.0,9751810.0,444063200000.0,0.0,0.0,0.0
NC,2013,0.0,0.0,9846717.0,460946400000.0,0.0,0.0,0.0
NC,2014,1.0,9959308.0,9937295.0,482295700000.0,1.0022151903510965,2.064979638010457e-05,9959308.0
NC,2015,3.0,11211054.0,10037218.0,508672400000.0,1.1169483416620023,2.2039831530077118e-05,21170362.0
NC,2016,1.0,3519475.0,10161802.0,528284300000.00006,0.3463435914220726,6.662085168913783e-06,24689837.0
NC,2017,8.0,47665796.0,10275758.0,546810100000.0,4.638664709698301,8.717065760124036e-05,72355633.0
NC,2018,7.0,13752994.0,10391358.0,568037300000.0,1.3235030493608246,2.421142766504946e-05,86108627.0
NC,2019,10.0,49361617.0,10501384.0,592449600000.0,4.700486812024015,8.331783328067062e-05,135470244.0
NC,2020,14.0,78698809.0,10449652.0,600226900000.0,7.531237308189785,0.00013111509830699024,214169053.0
NC,2021,25.0,177876830.0,10564320.0,660804700000.0,16.83750870855862,0.0002691821501874911,392045883.0
NC,2022,20.0,204447540.0,10710793.0,729761900000.0,19.087992831156384,0.0002801565003599119,596493423.0
NC,2023,15.0,88134178.0,10881189.0,794838000000.0,8.099682672546171,0.00011088319632428244,684627601.0
NC,2024,19.0,94191216.0,11046024.0,844209000000.0,8.527160179988746,0.00011157333788196999,778818817.0
NC,2025,13.0,154218526.0,11046024.0,844209000000.0,13.961451287811796,0.0001826781353906438,933037343.0
ND,2001,0.0,0.0,639062.0,18976900000.0,0.0,0.0,0.0
ND,2002,0.0,0.0,638168.0,20195600000.0,0.0,0.0,0.0
ND,2003,0.0,0.0,638817.0,22129900000.0,0.0,0.0,0.0
ND,2004,0.0,0.0,644705.0,23209600000.0,0.0,0.0,0.0
ND,2005,0.0,0.0,646089.0,24572000000.0,0.0,0.0,0.0
ND,2006,0.0,0.0,649422.0,26406500000.0,0.0,0.0,0.0
ND,2007,0.0,0.0,652822.0,29044600000.0,0.0,0.0,0.0
ND,2008,0.0,0.0,657569.0,32027700000.0,0.0,0.0,0.0
ND,2009,0.0,0.0,664968.0,32310400000.0,0.0,0.0,0.0
ND,2010,0.0,0.0,674752.0,35651800000.0,0.0,0.0,0.0
ND,2011,0.0,0.0,685526.0,41602100000.0,0.0,0.0,0.0
ND,2012,0.0,0.0,702227.0,52079100000.0,0.0,0.0,0.0
ND,2013,0.0,0.0,723149.0,54877000000.0,0.0,0.0,0.0
ND,2014,0.0,0.0,738736.0,61108300000.0,0.0,0.0,0.0
ND,2015,0.0,0.0,755537.0,56952200000.0,0.0,0.0,0.0
ND,2016,1.0,1340000.0,756114.0,52666300000.0,1.7722195330333785,2.544321511099128e-05,1340000.0
ND,2017,3.0,8092000.0,756755.0,56530200000.0,10.693024823093339,0.0001431447261817577,9432000.0
ND,2018,10.0,161892000.0,760062.0,60377100000.0,212.9984132873371,0.002681347729519967,171324000.0
ND,2019,9.0,18208000.0,763724.0,60892500000.0,23.841073476805757,0.00029901876257338754,189532000.0
ND,2020,8.0,14468000.0,779563.0,56321400000.0,18.559115812320492,0.0002568828189640172,204000000.0
ND,2021,13.0,23201000.0,777966.0,64830000000.0,29.822640063961664,0.0003578744408452877,227201000.0
ND,2022,8.0,111311000.0,781057.0,75052100000.0,142.51328648229259,0.0014831163951441733,338512000.0
ND,2023,14.0,112392000.0,789047.0,77898100000.0,142.4401841715386,0.0014428079760610336,450904000.0
ND,2024,14.0,46087000.0,796568.0,80058300000.0,57.85695634271023,0.000575667981958148,496991000.0
ND,2025,14.0,32772000.0,796568.0,80058300000.0,41.141497022225344,0.0004093516849595857,529763000.0
NE,2001,0.0,0.0,1719836.0,59634300000.0,0.0,0.0,0.0
NE,2002,0.0,0.0,1728292.0,61569500000.0,0.0,0.0,0.0
NE,2003,0.0,0.0,1738643.0,66471700000.0,0.0,0.0,0.0
NE,2004,0.0,0.0,1749370.0,70445400000.0,0.0,0.0,0.0
NE,2005,0.0,0.0,1761497.0,74886700000.0,0.0,0.0,0.0
NE,2006,0.0,0.0,1772693.0,79287500000.0,0.0,0.0,0.0
NE,2007,0.0,0.0,1783440.0,84291900000.0,0.0,0.0,0.0
NE,2008,0.0,0.0,1796378.0,86146600000.0,0.0,0.0,0.0
NE,2009,0.0,0.0,1812683.0,87325500000.0,0.0,0.0,0.0
NE,2010,0.0,0.0,1829591.0,91940700000.0,0.0,0.0,0.0
NE,2011,0.0,0.0,1840914.0,100526500000.0,0.0,0.0,0.0
NE,2012,0.0,0.0,1853691.0,102949700000.0,0.0,0.0,0.0
NE,2013,0.0,0.0,1865813.0,107247000000.0,0.0,0.0,0.0
NE,2014,0.0,0.0,1879955.0,112763300000.0,0.0,0.0,0.0
NE,2015,1.0,100000.0,1892059.0,117402300000.0,0.05285247447357614,8.5177206920137e-07,100000.0
NE,2016,0.0,0.0,1906483.0,119389800000.0,0.0,0.0,100000.0
NE,2017,3.0,28473500.0,1916998.0,123219900000.0,14.853171469140813,0.00023107874620901332,28573500.0
NE,2018,1.0,1150000.0,1925512.0,127954400000.0,0.597243746078965,8.987576824243637e-06,29723500.0
NE,2019,6.0,3352155.0,1932571.0,132848200000.00002,1.7345572297214435,2.5232972671063662e-05,33075655.0
NE,2020,8.0,56216292.0,1963387.0,135014500000.0,28.632303259622276,0.0004163722563132108,89291947.0
NE,2021,15.0,63748480.0,1964537.0,150952500000.0,32.449620444919084,0.00042230820953611235,153040427.0
NE,2022,11.0,162786835.0,1972246.0,167840200000.0,82.53880854619555,0.0009698918078028982,315827262.0
NE,2023,7.0,9567000.0,1987864.0,183780900000.0,4.812703484745436,5.205655212266346e-05,325394262.0
NE,2024,10.0,38583371.0,2005465.0,189242700000.0,19.239114619302754,0.00020388300843308618,363977633.0
NE,2025,1.0,9726000.0,2005465.0,189242700000.0,4.849748063416714,5.1394320626370265e-05,373703633.0
NH,2001,0.0,0.0,1255517.0,47037300000.0,0.0,0.0,0.0
NH,2002,0.0,0.0,1269089.0,49109600000.0,0.0,0.0,0.0
NH,2003,0.0,0.0,1279840.0,51609700000.0,0.0,0.0,0.0
NH,2004,0.0,0.0,1290121.0,54545700000.0,0.0,0.0,0.0
NH,2005,0.0,0.0,1298492.0,56914600000.0,0.0,0.0,0.0
NH,2006,0.0,0.0,1308389.0,60152700000.0,0.0,0.0,0.0
NH,2007,0.0,0.0,1312540.0,61984800000.0,0.0,0.0,0.0
NH,2008,0.0,0.0,1315906.0,62095300000.0,0.0,0.0,0.0
NH,2009,0.0,0.0,1316102.0,63052200000.0,0.0,0.0,0.0
NH,2010,0.0,0.0,1316807.0,65310800000.0,0.0,0.0,0.0
NH,2011,0.0,0.0,1320444.0,66557300000.0,0.0,0.0,0.0
NH,2012,0.0,0.0,1324677.0,68412000000.0,0.0,0.0,0.0
NH,2013,0.0,0.0,1327272.0,70897400000.0,0.0,0.0,0.0
NH,2014,0.0,0.0,1334257.0,73455100000.0,0.0,0.0,0.0
NH,2015,0.0,0.0,1337480.0,77385800000.0,0.0,0.0,0.0
NH,2016,4.0,130680000.0,1343694.0,79759700000.0,97.25428557394764,0.0016384214083051967,130680000.0
NH,2017,7.0,16246500.0,1350395.0,81179600000.0,12.030924285116576,0.00020013032830908258,146926500.0
NH,2018,18.0,65862756.0,1355064.0,83859400000.0,48.60490427020421,0.0007853950302530188,212789256.0
NH,2019,24.0,18114254.0,1360783.0,87868200000.0,13.311640430546237,0.0002061525557596491,230903510.0
NH,2020,24.0,13049715.68,1378756.0,89041600000.0,9.464847790326932,0.00014655751558821943,243953225.68
NH,2021,25.0,18911250.0,1387677.0,99433300000.0,13.627991240036406,0.00019019030847814566,262864475.68
NH,2022,27.0,71632014.0,1396678.0,106824600000.0,51.2874220113727,0.0006705572873663932,334496489.68
NH,2023,28.0,68958204.0,1402199.0,114427800000.0,49.178614447735306,0.0006026350589629444,403454693.68
NH,2024,33.0,49740790.0,1409032.0,119336600000.0,35.30139130977863,0.00041681085266380977,453195483.68
NH,2025,11.0,30418150.0,1409032.0,119336600000.0,21.587976710252146,0.00025489372078641424,483613633.68
NJ,2001,0.0,0.0,8492671.0,372819200000.0,0.0,0.0,0.0
NJ,2002,0.0,0.0,8552643.0,385045600000.0,0.0,0.0,0.0
NJ,2003,0.0,0.0,8601402.0,399996500000.0,0.0,0.0,0.0
NJ,2004,0.0,0.0,8634561.0,415490800000.0,0.0,0.0,0.0
NJ,2005,0.0,0.0,8651974.0,436064400000.0,0.0,0.0,0.0
NJ,2006,0.0,0.0,8661679.0,457681500000.0,0.0,0.0,0.0
NJ,2007,0.0,0.0,8677885.0,474539600000.0,0.0,0.0,0.0
NJ,2008,0.0,0.0,8711090.0,493289400000.0,0.0,0.0,0.0
NJ,2009,0.0,0.0,8755602.0,481452700000.0,0.0,0.0,0.0
NJ,2010,0.0,0.0,8799451.0,491229000000.0,0.0,0.0,0.0
NJ,2011,0.0,0.0,8828552.0,494292800000.0,0.0,0.0,0.0
NJ,2012,0.0,0.0,8845671.0,516098200000.0,0.0,0.0,0.0
NJ,2013,0.0,0.0,8857821.0,534212100000.0,0.0,0.0,0.0
NJ,2014,0.0,0.0,8867277.0,543824100000.0,0.0,0.0,0.0
NJ,2015,7.0,12483366.0,8870312.0,565807700000.0,1.4073198327183982,2.2062912894257183e-05,12483366.0
NJ,2016,12.0,96303995.0,8873584.0,578651400000.0,10.852885936505475,0.00016642834528698971,108787361.0
NJ,2017,23.0,123965139.0,8888147.0,590086700000.0,13.947242209202885,0.0002100795340752469,232752500.0
NJ,2018,24.0,246083200.0,8891730.0,619340200000.0,27.675514213769425,0.00039733122442237723,478835700.0
NJ,2019,64.0,256114159.0,8891258.0,643317700000.0,28.805165590740927,0.0003981145847533808,734949859.0
NJ,2020,65.0,411504304.0,9272794.0,632562300000.0,44.37759579259498,0.0006505356136462764,1146454163.0
NJ,2021,33.0,226419264.0,9270541.0,693733800000.0,24.42352220868232,0.0003263777316313549,1372873427.0
NJ,2022,46.0,154453486.0,9295227.0,756465600000.0,16.61642970096373,0.00020417780530932272,1527326913.0
NJ,2023,79.0,338509489.0,9379642.0,806894000000.0,36.08980907800106,0.0004195216335726874,1865836402.0
NJ,2024,53.0,372818382.0,9500851.0,846000400000.0,39.24052508559497,0.00044068345830569345,2238654784.0
NJ,2025,26.0,495654240.0,9500851.0,846000400000.0,52.16945724125134,0.0005858794393005016,2734309024.0
NM,2001,0.0,0.0,1831690.0,55660200000.0,0.0,0.0,0.0
NM,2002,0.0,0.0,1855309.0,57718300000.0,0.0,0.0,0.0
NM,2003,0.0,0.0,1877574.0,62867900000.0,0.0,0.0,0.0
NM,2004,0.0,0.0,1903808.0,70593400000.0,0.0,0.0,0.0
NM,2005,0.0,0.0,1932274.0,74130900000.0,0.0,0.0,0.0
NM,2006,0.0,0.0,1962137.0,78008200000.0,0.0,0.0,0.0
NM,2007,0.0,0.0,1990070.0,81100300000.0,0.0,0.0,0.0
NM,2008,1.0,5000000.0,2010662.0,84339700000.0,2.4867431721492723,5.928406195421611e-05,5000000.0
NM,2009,0.0,0.0,2036802.0,82641300000.0,0.0,0.0,5000000.0
NM,2010,0.0,0.0,2064614.0,84862600000.0,0.0,0.0,5000000.0
NM,2011,0.0,0.0,2080706.9999999998,87056000000.0,0.0,0.0,5000000.0
NM,2012,0.0,0.0,2087715.0000000002,87681000000.0,0.0,0.0,5000000.0
NM,2013,2.0,4085290.0,2092833.0,88773300000.0,1.9520382180517988,4.6019354918652344e-05,9085290.0
NM,2014,0.0,0.0,2090235.9999999998,92523400000.0,0.0,0.0,9085290.0
NM,2015,2.0,22130000.0,2090071.0,90779400000.0,10.58815705303791,0.00024377777337149177,31215290.0
NM,2016,4.0,12115500.0,2092554.9999999998,90476000000.0,5.789811976268247,0.0001339084398072417,43330790.0
NM,2017,6.0,5836124.0,2092844.0,93210100000.0,2.7886091844399297,6.261257095529348e-05,49166914.0
NM,2018,9.0,6593440.0,2093754.0,98838200000.0,3.1490996554514044,6.670943015959417e-05,55760354.0
NM,2019,8.0,33510000.0,2099634.0,103821000000.0,15.959924443974522,0.000322767070245904,89270354.0
NM,2020,6.0,26135142.740000002,2118606.0,101035500000.0,12.336009026690192,0.0002586728698328805,115405496.74000001
NM,2021,6.0,8653564.36,2117333.0,113781700000.0,4.0870115187360705,7.605409622109706e-05,124059061.1
NM,2022,9.0,42434154.84,2113868.0,129469100000.0,20.07417437607268,0.0003277550770029297,166493215.94
NM,2023,10.0,36094093.0,2121164.0,138526000000.0,17.016172724032653,0.00026055825621183027,202587308.94
NM,2024,10.0,34808000.0,2130256.0,147084900000.0,16.339820190624977,0.00023665243678990842,237395308.94
NM,2025,5.0,23174754.55,2130256.0,147084900000.0,10.878858949346933,0.00015756039233123182,260570063.49
NV,2001,0.0,0.0,2098399.0,80968600000.0,0.0,0.0,0.0
NV,2002,0.0,0.0,2173791.0,85541000000.0,0.0,0.0,0.0
NV,2003,0.0,0.0,2248850.0,91365000000.0,0.0,0.0,0.0
NV,2004,0.0,0.0,2346222.0,104132000000.0,0.0,0.0,0.0
NV,2005,0.0,0.0,2432143.0,117165100000.0,0.0,0.0,0.0
NV,2006,0.0,0.0,2522658.0,126613400000.0,0.0,0.0,0.0
NV,2007,0.0,0.0,2601072.0,132045400000.0,0.0,0.0,0.0
NV,2008,0.0,0.0,2653630.0,130570900000.0,0.0,0.0,0.0
NV,2009,0.0,0.0,2684665.0,122471200000.0,0.0,0.0,0.0
NV,2010,0.0,0.0,2702483.0,125149000000.0,0.0,0.0,0.0
NV,2011,0.0,0.0,2713114.0,128638400000.0,0.0,0.0,0.0
NV,2012,0.0,0.0,2744670.0,130238200000.0,0.0,0.0,0.0
NV,2013,0.0,0.0,2776956.0,133592500000.0,0.0,0.0,0.0
NV,2014,0.0,0.0,2818935.0,136918400000.0,0.0,0.0,0.0
NV,2015,0.0,0.0,2868531.0,145786800000.0,0.0,0.0,0.0
NV,2016,1.0,5550000.0,2919555.0,153318000000.0,1.9009746348330483,3.619927210112316e-05,5550000.0
NV,2017,0.0,0.0,2972097.0,163199100000.0,0.0,0.0,5550000.0
NV,2018,0.0,0.0,3030725.0,172547900000.0,0.0,0.0,5550000.0
NV,2019,2.0,675500.0,3090771.0,184611100000.0,0.21855388186313382,3.6590432536288446e-06,6225500.0
NV,2020,2.0,1675000.0,3116967.0,176178700000.0,0.5373813710571848,9.50739221029557e-06,7900500.0
NV,2021,2.0,20098381.0,3148141.0,202091800000.0,6.3842061076679855,9.945173925908919e-05,27998881.0
NV,2022,1.0,23000000.0,3176116.0,232437900000.0,7.241549112186079,9.895116071862635e-05,50998881.0
NV,2023,6.0,19048723.0,3214363.0,253443300000.0,5.9261268873490645,7.515970238708224e-05,70047604.0
NV,2024,9.0,88724140.0,3267467.0,269010500000.0,27.15379833981491,0.00032981664284479603,158771744.0
NV,2025,0.0,0.0,3267467.0,269010500000.0,0.0,0.0,158771744.0
NY,2001,0.0,0.0,19082838.0,876285200000.0,0.0,0.0,0.0
NY,2002,0.0,0.0,19137800.0,885386200000.0,0.0,0.0,0.0
NY,2003,0.0,0.0,19175939.0,908535200000.0,0.0,0.0,0.0
NY,2004,23.0,113623041.0,19171567.0,958565300000.0,5.926643398528665,0.00011853448168841497,113623041.0
NY,2005,0.0,0.0,19132610.0,1009851000000.0,0.0,0.0,113623041.0
NY,2006,0.0,0.0,19104631.0,1072271800000.0,0.0,0.0,113623041.0
NY,2007,0.0,0.0,19132335.0,1116265300000.0,0.0,0.0,113623041.0
NY,2008,0.0,0.0,19212436.0,1107860200000.0,0.0,0.0,113623041.0
NY,2009,4.0,86078849.0,19307066.0,1155492300000.0,4.458411702741369,7.449538954089093e-05,199701890.0
NY,2010,0.0,0.0,19399956.0,1217748000000.0,0.0,0.0,199701890.0
NY,2011,7.0,97427500.0,19499921.0,1245769400000.0,4.996302292711852,7.820668897470109e-05,297129390.0
NY,2012,3.0,10743900.0,19574362.0,1324471300000.0,0.5488761268438788,8.111840551018358e-06,307873290.0
NY,2013,5.0,16754809.0,19626488.0,1364632900000.0,0.8536835016025281,1.2277887335121409e-05,324628099.0
NY,2014,16.0,98489137.0,19653431.0,1434606300000.0,5.011294821754023,6.865238009898604e-05,423117236.0
NY,2015,17.0,106822969.0,19657321.0,1498474700000.0,5.434258768018287,7.128780285713198e-05,529940205.0
NY,2016,32.0,297661680.68,19636391.0,1556830000000.0,15.158675577401164,0.00019119729236975137,827601885.6800001
NY,2017,29.0,193482686.0,19593849.0,1624800700000.0,9.874664543959689,0.00011908087311877696,1021084571.6800001
NY,2018,57.0,256235269.0,19544098.0,1710665600000.0,13.110621375312384,0.00014978688353819706,1277319840.68
NY,2019,47.0,260463301.0,19463131.0,1787470900000.0,13.382394692816895,0.00014571610704263772,1537783141.68
NY,2020,36.0,578545357.0,20105171.0,1782502400000.0,28.775948088180897,0.00032456918823783914,2116328498.68
NY,2021,43.0,424489688.0,19848276.0,1934524000000.0,21.386728398980345,0.00021942849403780982,2540818186.6800003
NY,2022,55.0,973648459.89,19703747.0,2071075200000.0,49.4143809240953,0.00047011738631702024,3514466646.57
NY,2023,35.0,390008482.0,19737367.0,2182549000000.0,19.759904246599863,0.00017869403252802112,3904475128.57
NY,2024,58.0,632109278.0,19867248.0,2322138900000.0,31.816650096681734,0.0002722099345564557,4536584406.57
NY,2025,48.0,487670931.0,19867248.0,2322138900000.0,24.546476240695238,0.00021000937153242642,5024255337.57
OH,2001,0.0,0.0,11387404.0,395864200000.0,0.0,0.0,0.0
OH,2002,0.0,0.0,11407889.0,411191100000.0,0.0,0.0,0.0
OH,2003,0.0,0.0,11434788.0,425530700000.0,0.0,0.0,0.0
OH,2004,0.0,0.0,11452251.0,447813300000.0,0.0,0.0,0.0
OH,2005,0.0,0.0,11463320.0,470179500000.0,0.0,0.0,0.0
OH,2006,0.0,0.0,11481213.0,482904000000.0,0.0,0.0,0.0
OH,2007,0.0,0.0,11500468.0,497600100000.0,0.0,0.0,0.0
OH,2008,0.0,0.0,11515391.0,500916400000.0,0.0,0.0,0.0
OH,2009,0.0,0.0,11528896.0,484407100000.0,0.0,0.0,0.0
OH,2010,0.0,0.0,11539449.0,500274200000.0,0.0,0.0,0.0
OH,2011,0.0,0.0,11545735.0,525456400000.0,0.0,0.0,0.0
OH,2012,0.0,0.0,11550971.0,543035400000.0,0.0,0.0,0.0
OH,2013,0.0,0.0,11579692.0,566419900000.0,0.0,0.0,0.0
OH,2014,0.0,0.0,11606573.0,597152300000.0,0.0,0.0,0.0
OH,2015,0.0,0.0,11622315.0,615275500000.0,0.0,0.0,0.0
OH,2016,0.0,0.0,11640060.0,627294700000.0,0.0,0.0,0.0
OH,2017,1.0,640799.85,11665706.0,652187500000.0,0.05493022454020356,9.82539300431241e-07,640799.85
OH,2018,0.0,0.0,11680892.0,672540100000.0,0.0,0.0,640799.85
OH,2019,3.0,5157640.0,11696507.0,702914800000.0,0.440955577592524,7.337503777129177e-06,5798439.85
OH,2020,115.0,309380622.1,11798905.0,692938300000.0,26.221130020116277,0.00044647643534785137,315179061.95000005
OH,2021,177.0,615575612.56,11767344.0,764161400000.0,52.312196580638755,0.0008055570623692847,930754674.51
OH,2022,186.0,779531053.97,11777874.0,830498800000.0,66.18605819437362,0.0009386299582491871,1710285728.48
OH,2023,228.0,1121980396.83,11824034.0,883957100000.0,94.88981483223068,0.0012692701906348168,2832266125.31
OH,2024,225.0,693250188.79,11883304.0,923140600000.0,58.33816830655851,0.0007509692334948761,3525516314.1
OH,2025,105.0,920677526.86,11883304.0,923140600000.0,77.47656096822904,0.0009973318548225482,4446193840.96
OK,2001,0.0,0.0,3467100.0,97505300000.0,0.0,0.0,0.0
OK,2002,0.0,0.0,3489080.0,99916900000.0,0.0,0.0,0.0
OK,2003,0.0,0.0,3504892.0,106175100000.0,0.0,0.0,0.0
OK,2004,0.0,0.0,3525233.0,114237500000.0,0.0,0.0,0.0
OK,2005,0.0,0.0,3548597.0,125961400000.0,0.0,0.0,0.0
OK,2006,0.0,0.0,3594090.0,138352300000.0,0.0,0.0,0.0
OK,2007,0.0,0.0,3634349.0,146582400000.0,0.0,0.0,0.0
OK,2008,0.0,0.0,3668976.0,161609000000.0,0.0,0.0,0.0
OK,2009,0.0,0.0,3717572.0,147332400000.0,0.0,0.0,0.0
OK,2010,1.0,27757000.0,3760014.0,155267500000.0,7.38215336432258,0.00017876889883588,27757000.0
OK,2011,1.0,23480000.0,3788824.0,167207900000.0,6.1971735820930185,0.0001404239871441481,51237000.0
OK,2012,0.0,0.0,3819320.0,175361200000.0,0.0,0.0,51237000.0
OK,2013,0.0,0.0,3853891.0,184104600000.0,0.0,0.0,51237000.0
OK,2014,1.0,2910000.0,3879187.0,197074100000.0,0.7501571849977843,1.4766019482012096e-05,54147000.0
OK,2015,1.0,3091500.0,3910518.0,187364700000.0,0.7905602275708743,1.649990633240947e-05,57238500.0
OK,2016,0.0,0.0,3928143.0,182238800000.0,0.0,0.0,57238500.0
OK,2017,0.0,0.0,3933602.0,192538600000.0,0.0,0.0,57238500.0
OK,2018,1.0,191000.0,3943488.0,204193900000.0,0.048434279500787124,9.353854351182871e-07,57429500.0
OK,2019,6.0,38076000.0,3960676.0,205992700000.0,9.613510420948343,0.00018484150166486483,95505500.0
OK,2020,10.0,54149530.26,3965415.0,192222000000.0,13.655451008280343,0.00028170308424634017,149655030.26
OK,2021,27.0,251334434.74,3992238.0,219132400000.0,62.955774365155584,0.0011469524120577331,400989465.0
OK,2022,25.0,324849510.0,4026229.0,247541500000.0,80.68331682077697,0.0013123032299634607,725838975.0
OK,2023,27.0,207907367.57999998,4063882.0,255933200000.0,51.15979439855783,0.0008123501272206966,933746342.5799999
OK,2024,26.0,213346275.0,4095393.0,263695099999.99997,52.09421293634091,0.0008090642374469606,1147092617.58
OK,2025,2.0,39810400.0,4095393.0,263695099999.99997,9.720776492024086,0.00015097133014606645,1186903017.58
OR,2001,0.0,0.0,3467937.0,117002400000.0,0.0,0.0,0.0
OR,2002,0.0,0.0,3513424.0,120556100000.0,0.0,0.0,0.0
OR,2003,0.0,0.0,3547376.0,126822100000.0,0.0,0.0,0.0
OR,2004,0.0,0.0,3569463.0,136495900000.0,0.0,0.0,0.0
OR,2005,0.0,0.0,3613202.0,143556300000.0,0.0,0.0,0.0
OR,2006,0.0,0.0,3670883.0,153779600000.0,0.0,0.0,0.0
OR,2007,0.0,0.0,3722417.0,159676200000.0,0.0,0.0,0.0
OR,2008,0.0,0.0,3768748.0,164122900000.0,0.0,0.0,0.0
OR,2009,0.0,0.0,3808600.0,159330400000.0,0.0,0.0,0.0
OR,2010,1.0,3088484.0,3837614.0,163150500000.0,0.8047927696740735,1.893027603347829e-05,3088484.0
OR,2011,1.0,1000000.0,3872672.0,169693800000.0,0.2582196478297155,5.892967215066196e-06,4088484.0
OR,2012,0.0,0.0,3900102.0,173856800000.0,0.0,0.0,4088484.0
OR,2013,0.0,0.0,3924110.0,178975400000.0,0.0,0.0,4088484.0
OR,2014,2.0,9071800.0,3965447.0,187837600000.0,2.287711826686878,4.829597482080265e-05,13160284.0
OR,2015,1.0,25000.0,4018542.0,200592600000.0,0.006221161804455447,1.246307191790724e-07,13185284.0
OR,2016,7.0,42299876.0,4093271.0,211782400000.0,10.334003294675579,0.00019973272566558883,55485160.0
OR,2017,6.0,10657850.0,4147294.0,225534500000.0,2.569832281000575,4.725596305664987e-05,66143010.0
OR,2018,6.0,36091700.0,4183537.9999999995,238466900000.0,8.627075934292936,0.00015134888741372493,102234710.0
OR,2019,13.0,63802438.0,4216116.0,248781800000.0,15.132989225154146,0.00025645942749831377,166037148.0
OR,2020,15.0,78428195.0,4243779.0,250660600000.0,18.48074440257139,0.00031288601000715706,244465343.0
OR,2021,19.0,67163245.0,4254280.0,276367700000.0,15.787217813590079,0.00024302132629826134,311628588.0
OR,2022,12.0,17521500.0,4247372.0,297084300000.0,4.125256746995554,5.8978209215364126e-05,329150088.0
OR,2023,10.0,29794030.0,4253653.0,314895000000.0,7.004339564134639,9.461576080915861e-05,358944118.0
OR,2024,30.0,48982987.0,4272371.0,330250100000.0,11.46505933122381,0.00014832088468709018,407927105.0
OR,2025,14.0,24698815.0,4272371.0,330250100000.0,5.781055765054112,7.478821353876956e-05,432625920.0
PA,2001,0.0,0.0,12298970.0,428463700000.0,0.0,0.0,0.0
PA,2002,0.0,0.0,12331031.0,440887500000.0,0.0,0.0,0.0
PA,2003,0.0,0.0,12374658.0,460478300000.0,0.0,0.0,0.0
PA,2004,0.0,0.0,12410722.0,486384500000.0,0.0,0.0,0.0
PA,2005,2.0,34838585.0,12449990.0,510763900000.0,2.7982821672949134,6.820878491999924e-05,34838585.0
PA,2006,0.0,0.0,12510809.0,528771199999.99994,0.0,0.0,34838585.0
PA,2007,0.0,0.0,12563937.0,563238600000.0,0.0,0.0,34838585.0
PA,2008,0.0,0.0,12612285.0,586886600000.0,0.0,0.0,34838585.0
PA,2009,0.0,0.0,12666858.0,581219900000.0,0.0,0.0,34838585.0
PA,2010,0.0,0.0,12711406.0,604629600000.0,0.0,0.0,34838585.0
PA,2011,1.0,336114.0,12747052.0,623767900000.0,0.026367979043311347,5.388446568026345e-07,35174699.0
PA,2012,0.0,0.0,12769123.0,646434300000.0,0.0,0.0,35174699.0
PA,2013,4.0,21260264.0,12779538.0,670767400000.0,1.663617573655636,3.169543421460256e-05,56434963.0
PA,2014,1.0,5500000.0,12792392.0,695546600000.0,0.4299430473987977,7.90745005438888e-06,61934963.0
PA,2015,1.0,8873670.0,12789838.0,716534300000.0,0.6938062858966626,1.2384152440434464e-05,70808633.0
PA,2016,5.0,55014818.0,12788468.0,733165900000.0,4.3019084068553015,7.503733875238879e-05,125823451.0
PA,2017,4.0,32923879.0,12794679.0,754318000000.0,2.57324775400774,4.364721377456192e-05,158747330.0
PA,2018,17.0,110486234.5,12809107.0,780620700000.0,8.625600090623022,0.00014153638828691065,269233564.5
PA,2019,16.0,76060181.0,12798883.0,802233100000.0,5.942720235820579,9.481057438293184e-05,345293745.5
PA,2020,23.0,144743180.0,12996143.0,778297200000.0,11.137395148699119,0.0001859741754178224,490036925.5
PA,2021,16.0,123491777.0,13015571.0,844875500000.0,9.488003023455521,0.0001461656504419882,613528702.5
PA,2022,19.0,231950906.83,12984990.0,916861700000.0,17.863002345785404,0.0002529835272102652,845479609.33
PA,2023,29.0,246503905.0,13017721.0,966444000000.0,18.936026129304814,0.00025506279205003083,1091983514.33
PA,2024,30.0,243402195.0,13078751.0,1007873900000.0,18.61050760886877,0.000241500643086402,1335385709.33
PA,2025,24.0,209163655.0,13078751.0,1007873900000.0,15.992632247528835,0.00020752958777878858,1544549364.33
PR,2001,0.0,0.0,,,,,0.0
PR,2002,0.0,0.0,,,,,0.0
PR,2003,0.0,0.0,,,,,0.0
PR,2004,0.0,0.0,,,,,0.0
PR,2005,0.0,0.0,,,,,0.0
PR,2006,0.0,0.0,,,,,0.0
PR,2007,0.0,0.0,,,,,0.0
PR,2008,0.0,0.0,,,,,0.0
PR,2009,0.0,0.0,,,,,0.0
PR,2010,0.0,0.0,,,,,0.0
PR,2011,0.0,0.0,,,,,0.0
PR,2012,0.0,0.0,,,,,0.0
PR,2013,0.0,0.0,,,,,0.0
PR,2014,0.0,0.0,,,,,0.0
PR,2015,0.0,0.0,,,,,0.0
PR,2016,0.0,0.0,,,,,0.0
PR,2017,0.0,0.0,,,,,0.0
PR,2018,0.0,0.0,,,,,0.0
PR,2019,0.0,0.0,,,,,0.0
PR,2020,28.0,163217129.53,,,,,163217129.53
PR,2021,26.0,40471324.94,,,,,203688454.47
PR,2022,4.0,1981500.0,,,,,205669954.47
PR,2023,26.0,30003545.0,,,,,235673499.47
PR,2024,31.0,77139507.0,,,,,312813006.47
PR,2025,25.0,339436603.0,,,,,652249609.47
RI,2001,0.0,0.0,1057142.0,35940100000.0,0.0,0.0,0.0
RI,2002,0.0,0.0,1065995.0,37891200000.0,0.0,0.0,0.0
RI,2003,0.0,0.0,1071342.0,39787100000.0,0.0,0.0,0.0
RI,2004,0.0,0.0,1074579.0,42578200000.0,0.0,0.0,0.0
RI,2005,2.0,538367.0,1067916.0,44413300000.0,0.5041286018750538,1.2121751817586173e-05,538367.0
RI,2006,0.0,0.0,1063096.0,47165300000.0,0.0,0.0,538367.0
RI,2007,1.0,874163.0,1057315.0,47490100000.0,0.826776315478358,1.840726804112857e-05,1412530.0
RI,2008,3.0,1386316.5,1055003.0,47138900000.0,1.314040339221784,2.940918222529588e-05,2798846.5
RI,2009,0.0,0.0,1053646.0,47647200000.0,0.0,0.0,2798846.5
RI,2010,0.0,0.0,1053994.0,49409100000.0,0.0,0.0,2798846.5
RI,2011,0.0,0.0,1053829.0,50123700000.0,0.0,0.0,2798846.5
RI,2012,1.0,191520.0,1054893.0,51527500000.0,0.18155395855314235,3.7168502256076853e-06,2990366.5
RI,2013,3.0,4568827.0,1055560.0,52994200000.0,4.328344196445489,8.621371772760038e-05,7559193.5
RI,2014,3.0,5019689.99,1056511.0,54612500000.0,4.751195198156952,9.191467136644542e-05,12578883.49
RI,2015,0.0,0.0,1056886.0,56604000000.0,0.0,0.0,12578883.49
RI,2016,2.0,1933018.0,1057816.0,57714600000.0,1.827366952286598,3.349270375260333e-05,14511901.49
RI,2017,0.0,0.0,1056554.0,58771600000.0,0.0,0.0,14511901.49
RI,2018,1.0,47700.0,1059338.0,60064900000.0,0.04502812133615522,7.941410041471808e-07,14559601.49
RI,2019,0.0,0.0,1058158.0,62814700000.0,0.0,0.0,14559601.49
RI,2020,1.0,2700000.0,1096530.0,61980900000.0,2.4623129326147026,4.3561806943752024e-05,17259601.490000002
RI,2021,5.0,61658300.0,1097246.0,67060000000.0,56.193688562090905,0.0009194497464956755,78917901.49000001
RI,2022,4.0,21825000.0,1099498.0,71978200000.0,19.8499678944391,0.00030321680731110255,100742901.49000001
RI,2023,9.0,132359313.99,1103429.0,76313500000.0,119.9527237275801,0.0017344154571602665,233102215.48
RI,2024,1.0,75000000.0,1112308.0,80381100000.0,67.42736724000906,0.0009330551584887493,308102215.48
RI,2025,5.0,100700527.0,1112308.0,80381100000.0,90.53295220388597,0.0012527886157318077,408802742.48
SC,2001,0.0,0.0,4064995.0,119355200000.0,0.0,0.0,0.0
SC,2002,0.0,0.0,4107795.0,124765200000.0,0.0,0.0,0.0
SC,2003,0.0,0.0,4150296.9999999995,131509100000.0,0.0,0.0,0.0
SC,2004,0.0,0.0,4210921.0,136679900000.0,0.0,0.0,0.0
SC,2005,0.0,0.0,4270150.0,145195800000.0,0.0,0.0,0.0
SC,2006,0.0,0.0,4357847.0,153453400000.0,0.0,0.0,0.0
SC,2007,0.0,0.0,4444110.0,162476300000.0,0.0,0.0,0.0
SC,2008,0.0,0.0,4528996.0,164471200000.0,0.0,0.0,0.0
SC,2009,0.0,0.0,4589872.0,162380400000.0,0.0,0.0,0.0
SC,2010,0.0,0.0,4635846.0,166767400000.0,0.0,0.0,0.0
SC,2011,0.0,0.0,4672655.0,172844700000.0,0.0,0.0,0.0
SC,2012,0.0,0.0,4719027.0,178503900000.0,0.0,0.0,0.0
SC,2013,0.0,0.0,4766469.0,186268300000.0,0.0,0.0,0.0
SC,2014,0.0,0.0,4826858.0,195744400000.0,0.0,0.0,0.0
SC,2015,0.0,0.0,4896006.0,207510000000.0,0.0,0.0,0.0
SC,2016,0.0,0.0,4963031.0,217555500000.0,0.0,0.0,0.0
SC,2017,2.0,12535650.0,5027102.0,224937600000.0,2.493613616751759,5.57294556356963e-05,12535650.0
SC,2018,0.0,0.0,5091702.0,236561700000.0,0.0,0.0,12535650.0
SC,2019,1.0,672615.0,5157702.0,249575700000.0,0.13040982204865656,2.6950340117246992e-06,13208265.0
SC,2020,10.0,51574446.0,5132249.0,248952700000.0,10.049092707699879,0.00020716564230875985,64782711.0
SC,2021,15.0,42106629.0,5194274.0,272464900000.00003,8.106354997830303,0.00015453964529009055,106889340.0
SC,2022,18.0,75269753.0,5287935.0,305070000000.0,14.234243234835526,0.0002467294489789229,182159093.0
SC,2023,15.0,60154340.0,5387830.0,332946800000.0,11.164854867358473,0.0001806725278633103,242313433.0
SC,2024,23.0,108868960.0,5478831.0,357074400000.0,19.870837410389186,0.00030489152960839534,351182393.0
SC,2025,7.0,49038235.0,5478831.0,357074400000.0,8.950492358680163,0.00013733338206267377,400220628.0
SD,2001,0.0,0.0,757972.0,23626900000.0,0.0,0.0,0.0
SD,2002,0.0,0.0,760020.0,26343500000.0,0.0,0.0,0.0
SD,2003,0.0,0.0,763729.0,27305000000.0,0.0,0.0,0.0
SD,2004,0.0,0.0,770396.0,29380900000.0,0.0,0.0,0.0
SD,2005,0.0,0.0,775493.0,31104300000.0,0.0,0.0,0.0
SD,2006,0.0,0.0,783033.0,32559300000.0,0.0,0.0,0.0
SD,2007,0.0,0.0,791623.0,35282600000.0,0.0,0.0,0.0
SD,2008,0.0,0.0,799124.0,36939300000.0,0.0,0.0,0.0
SD,2009,0.0,0.0,807067.0,36732100000.0,0.0,0.0,0.0
SD,2010,0.0,0.0,816193.0,38208200000.0,0.0,0.0,0.0
SD,2011,0.0,0.0,823740.0,42082700000.0,0.0,0.0,0.0
SD,2012,0.0,0.0,833859.0,44127300000.0,0.0,0.0,0.0
SD,2013,0.0,0.0,842751.0,45498600000.0,0.0,0.0,0.0
SD,2014,1.0,381000.0,849670.0,47159900000.0,0.44840938246613393,8.078897537950674e-06,381000.0
SD,2015,1.0,2410000.0,854663.0,48678900000.0,2.81982489004438,4.950810310011114e-05,2791000.0
SD,2016,3.0,13689000.0,863693.0,49842600000.0,15.849381666865426,0.00027464458114143326,16480000.0
SD,2017,2.0,1763000.0,873732.0,51615100000.0,2.017781196064697,3.4156671206681763e-05,18243000.0
SD,2018,8.0,12115225.0,879386.0,53349500000.0,13.77691366476155,0.0002270916315991715,30358225.0
SD,2019,4.0,13068750.0,887127.0,55175800000.0,14.731543510681108,0.00023685655667883383,43426975.0
SD,2020,12.0,42061400.0,887948.0,56847300000.0,47.369215314410305,0.0007399014553021867,85488375.0
SD,2021,31.0,71978925.0,896492.0,63337700000.0,80.28953409511742,0.001136430988179236,157467300.0
SD,2022,22.0,288195176.0,909723.0,69425600000.0,316.79442643529956,0.004151136986932774,445662476.0
SD,2023,48.0,124506306.0,918305.0,74458800000.0,135.58273776141914,0.0016721503166852005,570168782.0
SD,2024,46.0,274529044.0,924669.0,76795800000.0,296.89439572430786,0.0035747924235439957,844697826.0
SD,2025,19.0,65124870.0,924669.0,76795800000.0,70.43046755109125,0.0008480264545717344,909822696.0
TN,2001,0.0,0.0,5750789.0,185917200000.0,0.0,0.0,0.0
TN,2002,0.0,0.0,5795918.0,195386100000.0,0.0,0.0,0.0
TN,2003,0.0,0.0,5847812.0,204665900000.0,0.0,0.0,0.0
TN,2004,0.0,0.0,5910809.0,219862400000.0,0.0,0.0,0.0
TN,2005,0.0,0.0,5991057.0,231339000000.0,0.0,0.0,0.0
TN,2006,0.0,0.0,6088766.0,243104400000.0,0.0,0.0,0.0
TN,2007,0.0,0.0,6175727.0,248261600000.0,0.0,0.0,0.0
TN,2008,0.0,0.0,6247411.0,255546700000.0,0.0,0.0,0.0
TN,2009,0.0,0.0,6306019.0,252940700000.0,0.0,0.0,0.0
TN,2010,0.0,0.0,6355518.0,258657600000.0,0.0,0.0,0.0
TN,2011,0.0,0.0,6400298.0,270055000000.0,0.0,0.0,0.0
TN,2012,0.0,0.0,6455752.0,285897500000.0,0.0,0.0,0.0
TN,2013,0.0,0.0,6496943.0,296756300000.0,0.0,0.0,0.0
TN,2014,0.0,0.0,6544617.0,307448500000.0,0.0,0.0,0.0
TN,2015,0.0,0.0,6595354.0,326382500000.0,0.0,0.0,0.0
TN,2016,0.0,0.0,6651277.0,339350200000.0,0.0,0.0,0.0
TN,2017,1.0,599471.0,6714748.0,355417500000.0,0.08927676809315853,1.6866670887055364e-06,599471.0
TN,2018,4.0,11850500.0,6778180.0,369713200000.0,1.7483306728354808,3.205322395846294e-05,12449971.0
TN,2019,2.0,17500000.0,6830325.0,385833000000.0,2.5621035602259044,4.535641067508482e-05,29949971.0
TN,2020,6.0,60048000.0,6927904.0,391588600000.0,8.667556594317704,0.00015334460706976658,89997971.0
TN,2021,15.0,94121550.0,6965740.0,443419700000.0,13.51206763387666,0.00021226289675447437,184119521.0
TN,2022,15.0,69452115.0,7062217.0,490587000000.0,9.834321856720065,0.00014156941582227006,253571636.0
TN,2023,12.0,56172500.0,7148304.0,531246800000.00006,7.858157683277041,0.00010573710749881221,309744136.0
TN,2024,12.0,119472343.0,7227750.0,561201200000.0,16.5296728580817,0.00021288682739808824,429216479.0
TN,2025,5.0,22531932.0,7227750.0,561201200000.0,3.1174199439659644,4.0149472239189794e-05,451748411.0
TX,2001,0.0,0.0,21319622.0,780206200000.0,0.0,0.0,0.0
TX,2002,0.0,0.0,21690325.0,796357300000.0,0.0,0.0,0.0
TX,2003,0.0,0.0,22030931.0,840860800000.0,0.0,0.0,0.0
TX,2004,0.0,0.0,22394023.0,921230700000.0,0.0,0.0,0.0
TX,2005,0.0,0.0,22778123.0,1003745900000.0,0.0,0.0,0.0
TX,2006,0.0,0.0,23359580.0,1108236500000.0,0.0,0.0,0.0
TX,2007,0.0,0.0,23831983.0,1198565000000.0,0.0,0.0,0.0
TX,2008,0.0,0.0,24309039.0,1253142000000.0,0.0,0.0,0.0
TX,2009,0.0,0.0,24801761.0,1179168100000.0,0.0,0.0,0.0
TX,2010,0.0,0.0,25241897.0,1255660800000.0,0.0,0.0,0.0
TX,2011,0.0,0.0,25645504.0,1351776900000.0,0.0,0.0,0.0
TX,2012,0.0,0.0,26084120.0,1429588000000.0,0.0,0.0,0.0
TX,2013,0.0,0.0,26479646.0,1526781900000.0,0.0,0.0,0.0
TX,2014,0.0,0.0,26963092.0,1592177600000.0,0.0,0.0,0.0
TX,2015,0.0,0.0,27468531.0,1585985900000.0,0.0,0.0,0.0
TX,2016,0.0,0.0,27914064.0,1582981500000.0,0.0,0.0,0.0
TX,2017,0.0,0.0,28291024.0,1667313000000.0,0.0,0.0,0.0
TX,2018,0.0,0.0,28624564.0,1808026900000.0,0.0,0.0,0.0
TX,2019,0.0,0.0,28986794.0,1864872300000.0,0.0,0.0,0.0
TX,2020,17.0,99690137.0,29239570.0,1810670200000.0,3.4094255490077314,5.505703744392546e-05,99690137.0
TX,2021,27.0,482232000.0,29570351.0,2117013700000.0002,16.30795657447556,0.00022778879513155723,581922137.0
TX,2022,22.0,266257418.0,30113488.0,2476903200000.0,8.841799329257375,0.00010749609350902369,848179555.0
TX,2023,22.0,385855417.0,30727890.0,2637237600000.0,12.557172555616413,0.000146310448857547,1234034972.0
TX,2024,15.0,303208996.0,31290831.0,2769766200000.0,9.690026960293896,0.0001094709712321567,1537243968.0
TX,2025,13.0,169060462.0,31290831.0,2769766200000.0,5.402875430185922,6.103780961728827e-05,1706304430.0
UT,2001,0.0,0.0,2283715.0,73042500000.0,0.0,0.0,0.0
UT,2002,0.0,0.0,2324815.0,76289400000.0,0.0,0.0,0.0
UT,2003,0.0,0.0,2360137.0,79504700000.0,0.0,0.0,0.0
UT,2004,0.0,0.0,2401580.0,86766700000.0,0.0,0.0,0.0
UT,2005,0.0,0.0,2457719.0,95512000000.0,0.0,0.0,0.0
UT,2006,0.0,0.0,2525507.0,106787100000.0,0.0,0.0,0.0
UT,2007,0.0,0.0,2597746.0,115180700000.0,0.0,0.0,0.0
UT,2008,0.0,0.0,2663029.0,116949200000.0,0.0,0.0,0.0
UT,2009,0.0,0.0,2723421.0,113834800000.0,0.0,0.0,0.0
UT,2010,0.0,0.0,2775413.0,118296300000.0,0.0,0.0,0.0
UT,2011,0.0,0.0,2814797.0,125137800000.0,0.0,0.0,0.0
UT,2012,0.0,0.0,2854146.0,129431400000.0,0.0,0.0,0.0
UT,2013,0.0,0.0,2898773.0,135344299999.99998,0.0,0.0,0.0
UT,2014,0.0,0.0,2938327.0,142627700000.0,0.0,0.0,0.0
UT,2015,0.0,0.0,2983626.0,149762100000.0,0.0,0.0,0.0
UT,2016,0.0,0.0,3044241.0,159330600000.0,0.0,0.0,0.0
UT,2017,0.0,0.0,3103540.0,172075000000.0,0.0,0.0,0.0
UT,2018,0.0,0.0,3155153.0,186805700000.0,0.0,0.0,0.0
UT,2019,0.0,0.0,3203383.0,201312200000.0,0.0,0.0,0.0
UT,2020,2.0,82213000.0,3284077.0,206240500000.0,25.033822288576058,0.0003986268458425964,82213000.0
UT,2021,2.0,2360000.0,3339738.0,233320900000.0,0.706642257566312,1.0114824689944193e-05,84573000.0
UT,2022,2.0,21500000.0,3391011.0,261548500000.0,6.340292025003753,8.220272721885234e-05,106073000.0
UT,2023,0.0,0.0,3443222.0,283230800000.0,0.0,0.0,106073000.0
UT,2024,3.0,8749000.0,3503613.0,299471300000.0,2.497136527350481,2.921481958371303e-05,114822000.0
UT,2025,1.0,5000000.0,3503613.0,299471300000.0,1.4270982554294667,1.669609074392104e-05,119822000.0
VA,2001,0.0,0.0,7198362.0,285663400000.0,0.0,0.0,0.0
VA,2002,0.0,0.0,7286873.0,294929100000.0,0.0,0.0,0.0
VA,2003,0.0,0.0,7366977.0,311093100000.0,0.0,0.0,0.0
VA,2004,0.0,0.0,7475575.0,331815800000.0,0.0,0.0,0.0
VA,2005,0.0,0.0,7577105.0,357427000000.0,0.0,0.0,0.0
VA,2006,0.0,0.0,7673725.0,376429400000.0,0.0,0.0,0.0
VA,2007,0.0,0.0,7751000.0,391595500000.0,0.0,0.0,0.0
VA,2008,0.0,0.0,7833496.0,402157800000.0,0.0,0.0,0.0
VA,2009,0.0,0.0,7925937.0,409935300000.0,0.0,0.0,0.0
VA,2010,0.0,0.0,8024004.0,425490800000.0,0.0,0.0,0.0
VA,2011,0.0,0.0,8102437.0,433683700000.0,0.0,0.0,0.0
VA,2012,0.0,0.0,8187456.0,445008500000.0,0.0,0.0,0.0
VA,2013,0.0,0.0,8255861.000000001,456911600000.0,0.0,0.0,0.0
VA,2014,0.0,0.0,8315430.0,465601700000.0,0.0,0.0,0.0
VA,2015,0.0,0.0,8367303.0,485540900000.0,0.0,0.0,0.0
VA,2016,0.0,0.0,8417651.0,499032400000.0,0.0,0.0,0.0
VA,2017,3.0,9712421.0,8471011.0,515167200000.0,1.1465480330506004,1.885294910079679e-05,9712421.0
VA,2018,4.0,31004822.0,8510920.0,537158300000.00006,3.6429460034872845,5.7720083632701936e-05,40717243.0
VA,2019,4.0,15317842.0,8556642.0,561701800000.0,1.790169788568927,2.727041643804595e-05,56035085.0
VA,2020,40.0,35148923.34,8637615.0,566101500000.0,4.069285716022305,6.208943685893785e-05,91184008.34
VA,2021,57.0,242440202.03,8658910.0,616187900000.0,27.99892850601288,0.00039345174098679965,333624210.37
VA,2022,78.0,287130378.94,8683414.0,665624700000.0,33.0665310832813,0.0004313697778042191,620754589.31
VA,2023,73.0,52799990.43,8734685.0,722767400000.0,6.044864861182744,7.30525345083356e-05,673554579.74
VA,2024,82.0,248420113.81,8811195.0,761733800000.0,28.193691526518254,0.0003261245776542934,921974693.55
VA,2025,36.0,49077699.98,8811195.0,761733800000.0,5.569925529965005,6.442893827213654e-05,971052393.53
VT,2001,0.0,0.0,612223.0,19467100000.0,0.0,0.0,0.0
VT,2002,1.0,76000.0,615442.0,20383500000.0,0.12348848469880183,3.7285058993794e-06,76000.0
VT,2003,0.0,0.0,617858.0,21398500000.0,0.0,0.0,76000.0
VT,2004,0.0,0.0,619920.0,22986300000.0,0.0,0.0,76000.0
VT,2005,0.0,0.0,621215.0,23763000000.0,0.0,0.0,76000.0
VT,2006,0.0,0.0,622892.0,24507100000.0,0.0,0.0,76000.0
VT,2007,0.0,0.0,623481.0,25025200000.0,0.0,0.0,76000.0
VT,2008,1.0,18400.0,624151.0,26140400000.0,0.029480045694070825,7.038912947009227e-07,94400.0
VT,2009,1.0,581334.0,624817.0,26220000000.0,0.9304068231178089,2.2171395881006865e-05,675734.0
VT,2010,1.0,20030.0,625886.0,27478300000.0,0.03200263306736371,7.289388353719117e-07,695764.0
VT,2011,1.0,35850.0,627197.0,28558500000.0,0.057159074421593216,1.2553180314092126e-06,731614.0
VT,2012,1.0,75550.0,626361.0,29325600000.0,0.12061734367241894,2.576247374307772e-06,807164.0
VT,2013,0.0,0.0,626603.0,29477600000.0,0.0,0.0,807164.0
VT,2014,0.0,0.0,625693.0,30359400000.0,0.0,0.0,807164.0
VT,2015,1.0,294504.0,625810.0,31152400000.0,0.4705965069270226,9.453653651083063e-06,1101668.0
VT,2016,8.0,875518.0,624366.0,31840200000.0,1.4022512436615704,2.7497251901684036e-05,1977186.0
VT,2017,10.0,3258442.63,625132.0,32589200000.0,5.212407347568194,9.998535189572005e-05,5235628.63
VT,2018,17.0,5006856.86,624802.0,33482600000.0,8.013509655858977,0.0001495360832193438,10242485.49
VT,2019,20.0,1863342.0,624046.0,34760300000.0,2.985904885216795,5.360546370428334e-05,12105827.49
VT,2020,14.0,3703104.0,642977.0,34572300000.0,5.759310208607773,0.00010711187858487865,15808931.49
VT,2021,26.0,10359191.0,647210.0,37290800000.0,16.005919253410795,0.00027779481802482116,26168122.490000002
VT,2022,18.0,3810824.0,648142.0,41211200000.0,5.879612800898569,9.247059051908219e-05,29978946.490000002
VT,2023,23.0,6167342.0,648708.0,43931600000.0,9.507115682248408,0.00014038509865336115,36146288.49
VT,2024,31.0,3941631.0,648493.0,46276100000.0,6.078139625254243,8.517638694704178e-05,40087919.49
VT,2025,10.0,1547328.0,648493.0,46276100000.0,2.3860365493536553,3.3436871300736235e-05,41635247.49
WA,2001,0.0,0.0,5985722.0,237978200000.0,0.0,0.0,0.0
WA,2002,0.0,0.0,6052349.0,245629800000.0,0.0,0.0,0.0
WA,2003,0.0,0.0,6104115.0,254720200000.0,0.0,0.0,0.0
WA,2004,0.0,0.0,6178645.0,267423900000.00003,0.0,0.0,0.0
WA,2005,0.0,0.0,6257305.0,293402000000.0,0.0,0.0,0.0
WA,2006,0.0,0.0,6370753.0,314190800000.0,0.0,0.0,0.0
WA,2007,0.0,0.0,6461587.0,341712300000.0,0.0,0.0,0.0
WA,2008,0.0,0.0,6562231.0,352460700000.0,0.0,0.0,0.0
WA,2009,0.0,0.0,6667426.0,349945400000.0,0.0,0.0,0.0
WA,2010,0.0,0.0,6743009.0,363544200000.0,0.0,0.0,0.0
WA,2011,0.0,0.0,6827479.0,377518800000.0,0.0,0.0,0.0
WA,2012,0.0,0.0,6898599.0,398358500000.0,0.0,0.0,0.0
WA,2013,0.0,0.0,6966252.0,416924100000.0,0.0,0.0,0.0
WA,2014,0.0,0.0,7057531.0,439851200000.0,0.0,0.0,0.0
WA,2015,0.0,0.0,7167287.0,467590600000.0,0.0,0.0,0.0
WA,2016,4.0,10670799.0,7299961.0,489790200000.0,1.4617610970798338,2.1786468982025365e-05,10670799.0
WA,2017,10.0,11375745.0,7427951.0,527169400000.0,1.5314781963424369,2.1578917516836144e-05,22046544.0
WA,2018,17.0,25854630.0,7526793.0,570337800000.0,3.4350127604146947,4.533213474540877e-05,47901174.0
WA,2019,21.0,82427785.0,7614024.0,608643400000.0,10.825784762433111,0.000135428700943771,130328959.0
WA,2020,24.0,41194433.0,7727209.0,617739100000.0,5.331088236386514,6.668581121059036e-05,171523392.0
WA,2021,37.0,190184928.67,7743760.0,683367000000.0,24.559765368503154,0.0002783056961632622,361708320.66999996
WA,2022,35.0,279358937.01,7794123.0,741002800000.0,35.84225409452738,0.0003770011894826848,641067257.68
WA,2023,31.0,269026081.77,7857320.0,801455500000.0,34.23891120254743,0.0003356718891691429,910093339.4499999
WA,2024,51.0,194872841.0,7958180.0,856013600000.0,24.487111500368176,0.00022765157118999043,1104966180.4499998
WA,2025,37.0,224585371.53,7958180.0,856013600000.0,28.22069512501602,0.00026236191986903014,1329551551.98
WI,2001,0.0,0.0,5406835.0,188662800000.0,0.0,0.0,0.0
WI,2002,0.0,0.0,5445162.0,195541500000.0,0.0,0.0,0.0
WI,2003,0.0,0.0,5479203.0,203814000000.0,0.0,0.0,0.0
WI,2004,0.0,0.0,5514026.0,216370400000.0,0.0,0.0,0.0
WI,2005,0.0,0.0,5546166.0,226937500000.0,0.0,0.0,0.0
WI,2006,0.0,0.0,5577655.0,237571900000.0,0.0,0.0,0.0
WI,2007,0.0,0.0,5610775.0,245837700000.0,0.0,0.0,0.0
WI,2008,0.0,0.0,5640996.0,246493000000.0,0.0,0.0,0.0
WI,2009,0.0,0.0,5669264.0,246323800000.0,0.0,0.0,0.0
WI,2010,0.0,0.0,5690538.0,256159500000.0,0.0,0.0,0.0
WI,2011,0.0,0.0,5705840.0,265444000000.0,0.0,0.0,0.0
WI,2012,0.0,0.0,5720825.0,276253400000.0,0.0,0.0,0.0
WI,2013,0.0,0.0,5738012.0,283791400000.0,0.0,0.0,0.0
WI,2014,0.0,0.0,5753199.0,296169900000.0,0.0,0.0,0.0
WI,2015,1.0,138880269.0,5762927.0,308304500000.0,24.09891171621643,0.0004504646185832513,138880269.0
WI,2016,0.0,0.0,5775170.0,315420000000.0,0.0,0.0,138880269.0
WI,2017,2.0,236574.0,5793147.0,321886800000.0,0.04083687156566198,7.349602406808854e-07,139116843.0
WI,2018,11.0,59730836.0,5809319.0,335144300000.0,10.281899823370003,0.0001782242335614838,198847679.0
WI,2019,10.0,54051762.0,5824581.0,346906600000.0,9.279939964780299,0.0001558107052445817,252899441.0
WI,2020,30.0,246274773.0,5897375.0,344691000000.0,41.76006663981856,0.000714479847167463,499174214.0
WI,2021,48.0,334774946.0,5881608.0,368997300000.0,56.91894903570588,0.0009072558146089415,833949160.0
WI,2022,53.0,300193289.0,5903975.0,403570300000.0,50.84596208486655,0.0007438438581828246,1134142449.0
WI,2023,40.0,229667938.0,5930405.0,431913900000.0,38.72719283084376,0.0005317447250482098,1363810387.0
WI,2024,80.0,309511999.0,5960975.0,453298600000.0,51.923049333372475,0.0006827993710988738,1673322386.0
WI,2025,35.0,232061188.0,5960975.0,453298600000.0,38.9300723455475,0.0005119389029659479,1905383574.0
WV,2001,0.0,0.0,1801481.0,44105100000.0,0.0,0.0,0.0
WV,2002,0.0,0.0,1805414.0,45627400000.0,0.0,0.0,0.0
WV,2003,0.0,0.0,1812295.0,47230400000.0,0.0,0.0,0.0
WV,2004,0.0,0.0,1816438.0,49865900000.0,0.0,0.0,0.0
WV,2005,0.0,0.0,1820492.0,53814300000.0,0.0,0.0,0.0
WV,2006,0.0,0.0,1827912.0,57204100000.0,0.0,0.0,0.0
WV,2007,0.0,0.0,1834052.0,59480400000.0,0.0,0.0,0.0
WV,2008,0.0,0.0,1840310.0,62978700000.0,0.0,0.0,0.0
WV,2009,0.0,0.0,1847775.0,64040100000.0,0.0,0.0,0.0
WV,2010,0.0,0.0,1854265.0,66160399999.99999,0.0,0.0,0.0
WV,2011,0.0,0.0,1856606.0,69367600000.0,0.0,0.0,0.0
WV,2012,0.0,0.0,1857446.0,70303100000.0,0.0,0.0,0.0
WV,2013,0.0,0.0,1854768.0,71758600000.0,0.0,0.0,0.0
WV,2014,0.0,0.0,1850569.0,73042600000.0,0.0,0.0,0.0
WV,2015,0.0,0.0,1843332.0,71713400000.0,0.0,0.0,0.0
WV,2016,1.0,16822000.0,1832435.0,71248900000.0,9.18013462960487,0.00023610189069585635,16822000.0
WV,2017,1.0,14000000.0,1818683.0,75172400000.0,7.697878079907274,0.00018623856628230574,30822000.0
WV,2018,3.0,19025670.0,1805953.0,79794300000.0,10.534975162698032,0.00023843394828953948,49847670.0
WV,2019,4.0,13569735.0,1795263.0,80242400000.0,7.5586334704163125,0.00016910928636232217,63417405.0
WV,2020,7.0,34597960.0,1791646.0,77536500000.0,19.310712049143635,0.0004462151373869081,98015365.0
WV,2021,18.0,19222575.0,1785618.0,87178800000.0,10.765222460795085,0.00022049598067420061,117237940.0
WV,2022,17.0,66679697.0,1774122.0,98824100000.0,37.584617630580084,0.0006747311333976226,183917637.0
WV,2023,11.0,27965884.5,1770495.0,101479900000.0,15.795517355315885,0.0002755805287549554,211883521.5
WV,2024,50.0,189058606.14,1769979.0,106475100000.0,106.81403911571832,0.0017756133231149817,400942127.64
WV,2025,8.0,4339155.0,1769979.0,106475100000.0,2.451529085938308,4.075276754846908e-05,405281282.64
WY,2001,0.0,0.0,494657.0,18741700000.0,0.0,0.0,0.0
WY,2002,0.0,0.0,500017.0,19160800000.0,0.0,0.0,0.0
WY,2003,0.0,0.0,503453.0,21199000000.0,0.0,0.0,0.0
WY,2004,0.0,0.0,509106.0,23418100000.0,0.0,0.0,0.0
WY,2005,0.0,0.0,514157.00000000006,27530200000.0,0.0,0.0,0.0
WY,2006,0.0,0.0,522667.00000000006,32692200000.0,0.0,0.0,0.0
WY,2007,0.0,0.0,534876.0,36912800000.0,0.0,0.0,0.0
WY,2008,0.0,0.0,546043.0,42694600000.0,0.0,0.0,0.0
WY,2009,0.0,0.0,559851.0,36282200000.0,0.0,0.0,0.0
WY,2010,0.0,0.0,564531.0,37567500000.0,0.0,0.0,0.0
WY,2011,0.0,0.0,567491.0,39615100000.0,0.0,0.0,0.0
WY,2012,0.0,0.0,576656.0,38679300000.0,0.0,0.0,0.0
WY,2013,1.0,544575.0,582620.0,39365600000.0,0.9347001476090763,1.38337787306684e-05,544575.0
WY,2014,0.0,0.0,583159.0,40573900000.0,0.0,0.0,544575.0
WY,2015,0.0,0.0,586389.0,38624800000.0,0.0,0.0,544575.0
WY,2016,0.0,0.0,585243.0,36105900000.0,0.0,0.0,544575.0
WY,2017,4.0,6009431.0,579994.0,37620300000.0,10.361195115811542,0.0001597390504594594,6554006.0
WY,2018,3.0,1243500.0,579054.0,39614500000.0,2.1474681117823207,3.13900213305734e-05,7797506.0
WY,2019,2.0,5090876.0,580116.0,40029500000.0,8.775617290335036,0.0001271781061467168,12888382.0
WY,2020,6.0,48053650.0,577681.0,36982700000.0,83.1837121179336,0.001299354833476193,60942032.0
WY,2021,10.0,19068924.0,579636.0,42410600000.0,32.898101567190444,0.0004496263669931574,80010956.0
WY,2022,3.0,4850000.0,581978.0,49570400000.0,8.333648350968593,9.784064683762891e-05,84860956.0
WY,2023,9.0,25215326.759999998,585067.0,51350100000.0,43.098186635034956,0.0004910472766362675,110076282.75999999
WY,2024,4.0,40212800.0,587618.0,51498100000.0,68.43357419275787,0.000780859876383789,150289082.76
WY,2025,9.0,27970184.0,587618.0,51498100000.0,47.59926346708236,0.0005431304067528705,178259266.76
