state_abb,year,gdp_m
AL,1997,105381.4
AL,1998,110838.8
AL,1999,116514.3
AL,2000,120522.6
AL,2001,123534.5
AL,2002,128380.9
AL,2003,135212.6
AL,2004,148379.1
AL,2005,158677.3
AL,2006,166048.2
AL,2007,172247.0
AL,2008,174665.6
AL,2009,170876.5
AL,2010,177510.7
AL,2011,182896.7
AL,2012,188280.7
AL,2013,193981.5
AL,2014,197064.4
AL,2015,203113.3
AL,2016,208824.3
AL,2017,216615.5
AL,2018,226263.8
AL,2019,234798.2
AL,2020,235859.0
AL,2021,260325.0
AL,2022,286873.3
AL,2023,309543.8
AL,2024,325345.1
AK,1997,25859.1
AK,1998,24387.8
AK,1999,24920.4
AK,2000,26934.0
AK,2001,28660.9
AK,2002,29884.5
AK,2003,32115.8
AK,2004,35389.5
AK,2005,40459.9
AK,2006,44951.7
AK,2007,49456.4
AK,2008,55246.7
AK,2009,50165.9
AK,2010,53654.0
AK,2011,56912.3
AK,2012,58320.7
AK,2013,57533.0
AK,2014,56587.4
AK,2015,51574.2
AK,2016,51121.8
AK,2017,53550.9
AK,2018,54762.0
AK,2019,54549.6
AK,2020,51861.7
AK,2021,59363.0
AK,2022,65682.5
AK,2023,68232.7
AK,2024,71567.2
AZ,1997,132694.8
AZ,1998,144393.2
AZ,1999,156442.1
AZ,2000,165735.6
AZ,2001,172899.6
AZ,2002,180844.5
AZ,2003,194318.0
AZ,2004,207246.3
AZ,2005,227997.8
AZ,2006,246061.1
AZ,2007,261152.8
AZ,2008,261005.8
AZ,2009,244862.2
AZ,2010,250527.0
AZ,2011,261691.4
AZ,2012,272703.3
AZ,2013,278679.5
AZ,2014,286676.0
AZ,2015,298942.2
AZ,2016,313787.1
AZ,2017,333099.0
AZ,2018,353671.0
AZ,2019,375376.7
AZ,2020,390503.2
AZ,2021,438136.0
AZ,2022,488722.2
AZ,2023,530105.0
AZ,2024,570088.6
AR,1997,59925.0
AR,1998,62852.0
AR,1999,67279.0
AR,2000,69176.3
AR,2001,71099.6
AR,2002,74453.1
AR,2003,79009.7
AR,2004,85928.6
AR,2005,91133.4
AR,2006,96073.7
AR,2007,98325.0
AR,2008,100206.7
AR,2009,97783.9
AR,2010,101699.3
AR,2011,105697.6
AR,2012,108836.0
AR,2013,114021.1
AR,2014,117388.7
AR,2015,118573.6
AR,2016,120987.4
AR,2017,123882.6
AR,2018,129213.8
AR,2019,132625.8
AR,2020,136145.9
AR,2021,154261.8
AR,2022,167863.5
AR,2023,178114.8
AR,2024,188339.6
CA,1997,1068048.6
CA,1998,1143672.5
CA,1999,1239773.5
CA,2000,1354791.3
CA,2001,1373270.8
CA,2002,1419321.8
CA,2003,1498578.0
CA,2004,1585081.4
CA,2005,1698858.4
CA,2006,1812161.6
CA,2007,1900220.4
CA,2008,1946241.5
CA,2009,1879809.5
CA,2010,1938603.3
CA,2011,2014050.3
CA,2012,2108873.1
CA,2013,2223300.9
CA,2014,2342218.8
CA,2015,2487156.4
CA,2016,2586485.2
CA,2017,2740550.3
CA,2018,2899530.9
CA,2019,3068629.7
CA,2020,3072927.6
CA,2021,3418256.1
CA,2022,3618289.7
CA,2023,3827007.3
CA,2024,4048108.1
CO,1997,136624.4
CO,1998,149653.7
CO,1999,162411.7
CO,2000,179303.3
CO,2001,185848.9
CO,2002,189604.6
CO,2003,195137.6
CO,2004,203743.3
CO,2005,220803.8
CO,2006,232853.6
CO,2007,248571.6
CO,2008,257606.1
CO,2009,249817.1
CO,2010,256771.8
CO,2011,266114.1
CO,2012,274738.8
CO,2013,291265.3
CO,2014,309223.9
CO,2015,320895.9
CO,2016,330565.9
CO,2017,350209.1
CO,2018,373923.1
CO,2019,397843.6
CO,2020,396981.1
CO,2021,445781.3
CO,2022,499197.4
CO,2023,533268.6
CO,2024,557633.0
CT,1997,138467.0
CT,1998,145299.2
CT,1999,152093.7
CT,2000,165523.4
CT,2001,171124.4
CT,2002,172929.7
CT,2003,177814.8
CT,2004,194722.9
CT,2005,204504.6
CT,2006,219812.2
CT,2007,232626.8
CT,2008,236110.7
CT,2009,231628.0
CT,2010,234022.2
CT,2011,233058.7
CT,2012,239907.5
CT,2013,240549.2
CT,2014,247114.7
CT,2015,260648.5
CT,2016,264760.4
CT,2017,273875.1
CT,2018,280535.4
CT,2019,286451.9
CT,2020,278747.9
CT,2021,297366.0
CT,2022,321625.2
CT,2023,341851.8
CT,2024,356834.9
DE,1997,33302.2
DE,1998,37170.6
DE,1999,40446.5
DE,2000,43559.6
DE,2001,46373.8
DE,2002,45865.4
DE,2003,47839.6
DE,2004,51674.1
DE,2005,52048.6
DE,2006,55567.7
DE,2007,56705.6
DE,2008,55250.8
DE,2009,57729.9
DE,2010,58132.2
DE,2011,61379.4
DE,2012,62342.1
DE,2013,62058.2
DE,2014,68606.0
DE,2015,72352.5
DE,2016,70021.5
DE,2017,69555.6
DE,2018,73376.0
DE,2019,78710.5
DE,2020,77757.2
DE,2021,83554.7
DE,2022,97030.4
DE,2023,103332.5
DE,2024,110971.8
FL,1997,401744.2
FL,1998,428595.6
FL,1999,457607.0
FL,2000,490094.4
FL,2001,519140.7
FL,2002,553359.9
FL,2003,590284.8
FL,2004,647041.8
FL,2005,704890.3
FL,2006,749925.0
FL,2007,781947.3
FL,2008,767357.8
FL,2009,739322.4
FL,2010,752998.4
FL,2011,761043.1
FL,2012,784545.9
FL,2013,819679.8
FL,2014,860112.6
FL,2015,918464.3
FL,2016,964500.8
FL,2017,1014866.9
FL,2018,1072085.6
FL,2019,1133718.0
FL,2020,1144653.2
FL,2021,1300807.8
FL,2022,1473688.1
FL,2023,1624642.3
FL,2024,1726709.9
GA,1997,242371.9
GA,1998,265146.4
GA,1999,289048.9
GA,2000,305323.7
GA,2001,316872.7
GA,2002,326017.9
GA,2003,339540.5
GA,2004,364530.1
GA,2005,388707.2
GA,2006,405664.2
GA,2007,419384.8
GA,2008,416303.5
GA,2009,409876.2
GA,2010,419013.1
GA,2011,433137.1
GA,2012,449375.6
GA,2013,467559.5
GA,2014,493370.3
GA,2015,525516.8
GA,2016,554903.2
GA,2017,583543.3
GA,2018,612803.4
GA,2019,646695.8
GA,2020,638488.3
GA,2021,706004.6
GA,2022,785922.7
GA,2023,835755.3
GA,2024,881508.2
HI,1997,37701.7
HI,1998,37503.0
HI,1999,38970.4
HI,2000,41089.4
HI,2001,42500.2
HI,2002,44949.5
HI,2003,48420.7
HI,2004,52625.7
HI,2005,57211.8
HI,2006,60848.0
HI,2007,64106.0
HI,2008,65545.5
HI,2009,64464.3
HI,2010,66739.3
HI,2011,68801.1
HI,2012,71645.6
HI,2013,74598.5
HI,2014,77043.0
HI,2015,81410.2
HI,2016,84287.2
HI,2017,87436.4
HI,2018,90933.5
HI,2019,93240.2
HI,2020,84788.0
HI,2021,93684.2
HI,2022,103954.5
HI,2023,111740.2
HI,2024,117627.4
ID,1997,29699.5
ID,1998,31352.7
ID,1999,34512.8
ID,2000,38344.1
ID,2001,37740.9
ID,2002,38990.7
ID,2003,40778.6
ID,2004,44732.9
ID,2005,48805.1
ID,2006,51099.0
ID,2007,53712.4
ID,2008,56203.6
ID,2009,54507.9
ID,2010,56086.2
ID,2011,57418.2
ID,2012,57933.7
ID,2013,61712.6
ID,2014,64501.7
ID,2015,66064.9
ID,2016,69185.2
ID,2017,72935.1
ID,2018,79072.4
ID,2019,84429.4
ID,2020,88056.8
ID,2021,99884.1
ID,2022,112609.7
ID,2023,120588.1
ID,2024,129018.2
IL,1997,416015.1
IL,1998,436533.4
IL,1999,459971.6
IL,2000,486089.7
IL,2001,499618.4
IL,2002,511485.9
IL,2003,528577.0
IL,2004,560079.8
IL,2005,589153.7
IL,2006,624068.1
IL,2007,649307.4
IL,2008,649677.3
IL,2009,645843.2
IL,2010,663929.0
IL,2011,691805.5
IL,2012,725478.0
IL,2013,742890.9
IL,2014,772291.7
IL,2015,802592.0
IL,2016,813561.6
IL,2017,832826.8
IL,2018,871024.2
IL,2019,895601.8
IL,2020,860807.8
IL,2021,947223.9
IL,2022,1037735.9
IL,2023,1100794.1
IL,2024,1148106.1
IN,1997,170924.6
IN,1998,185336.3
IN,1999,193659.9
IN,2000,204147.3
IN,2001,205325.1
IN,2002,213419.6
IN,2003,225349.3
IN,2004,239278.5
IN,2005,247428.3
IN,2006,259030.3
IN,2007,273340.8
IN,2008,277774.5
IN,2009,264925.0
IN,2010,284685.8
IN,2011,292373.8
IN,2012,301277.4
IN,2013,313466.9
IN,2014,329360.9
IN,2015,333163.8
IN,2016,342716.6
IN,2017,357535.8
IN,2018,377376.9
IN,2019,384838.7
IN,2020,378293.0
IN,2021,425270.9
IN,2022,467679.6
IN,2023,496849.5
IN,2024,519516.5
IA,1997,82808.8
IA,1998,84629.7
IA,1999,87774.3
IA,2000,93125.6
IA,2001,94922.6
IA,2002,98669.4
IA,2003,105329.7
IA,2004,117149.8
IA,2005,122866.1
IA,2006,127670.8
IA,2007,137590.2
IA,2008,137749.2
IA,2009,137094.3
IA,2010,142497.7
IA,2011,149026.1
IA,2012,158553.1
IA,2013,162415.0
IA,2014,173734.2
IA,2015,181471.7
IA,2016,183834.8
IA,2017,187125.0
IA,2018,193155.1
IA,2019,196262.5
IA,2020,199449.6
IA,2021,225055.3
IA,2022,244156.8
IA,2023,253166.5
IA,2024,265794.5
KS,1997,74643.2
KS,1998,78242.3
KS,1999,81609.7
KS,2000,85990.5
KS,2001,88869.7
KS,2002,91359.0
KS,2003,95236.3
KS,2004,98913.7
KS,2005,105343.9
KS,2006,113831.8
KS,2007,123608.9
KS,2008,129223.2
KS,2009,126049.7
KS,2010,129235.7
KS,2011,136747.1
KS,2012,141812.1
KS,2013,144999.3
KS,2014,150276.1
KS,2015,155699.0
KS,2016,162144.5
KS,2017,166273.6
KS,2018,173373.0
KS,2019,176068.8
KS,2020,175385.6
KS,2021,188993.3
KS,2022,213368.8
KS,2023,224851.3
KS,2024,230522.1
KY,1997,104878.1
KY,1998,110020.1
KY,1999,115592.7
KY,2000,114549.6
KY,2001,117767.9
KY,2002,122731.2
KY,2003,128289.6
KY,2004,135694.5
KY,2005,144914.9
KY,2006,153009.8
KY,2007,156900.0
KY,2008,160700.2
KY,2009,157440.1
KY,2010,166656.3
KY,2011,171238.1
KY,2012,178370.6
KY,2013,184920.6
KY,2014,188326.4
KY,2015,194621.2
KY,2016,197944.8
KY,2017,203564.0
KY,2018,210509.1
KY,2019,220678.8
KY,2020,218948.6
KY,2021,238693.7
KY,2022,262586.6
KY,2023,283267.7
KY,2024,295375.3
LA,1997,116423.1
LA,1998,120228.8
LA,1999,125667.3
LA,2000,132375.8
LA,2001,138204.3
LA,2002,140082.8
LA,2003,155198.7
LA,2004,170999.6
LA,2005,199314.2
LA,2006,207249.8
LA,2007,203771.3
LA,2008,213803.5
LA,2009,206111.5
LA,2010,226555.6
LA,2011,230518.7
LA,2012,235960.9
LA,2013,231652.7
LA,2014,240965.0
LA,2015,234324.2
LA,2016,227440.3
LA,2017,239830.7
LA,2018,256444.4
LA,2019,257499.0
LA,2020,233652.0
LA,2021,273063.3
LA,2022,304299.3
LA,2023,318044.3
LA,2024,329172.8
ME,1997,30574.2
ME,1998,32412.8
ME,1999,34714.7
ME,2000,37222.0
ME,2001,38925.7
ME,2002,40664.1
ME,2003,42493.4
ME,2004,45233.1
ME,2005,47028.1
ME,2006,48889.3
ME,2007,50291.3
ME,2008,51001.9
ME,2009,51451.2
ME,2010,52802.5
ME,2011,53104.5
ME,2012,54018.5
ME,2013,54924.8
ME,2014,56537.4
ME,2015,58755.8
ME,2016,61092.2
ME,2017,63000.6
ME,2018,66216.0
ME,2019,69708.7
ME,2020,72309.7
ME,2021,79407.6
ME,2022,86310.6
ME,2023,93743.8
ME,2024,99174.1
MD,1997,159167.8
MD,1998,169360.1
MD,1999,179779.6
MD,2000,191430.2
MD,2001,205276.0
MD,2002,217001.4
MD,2003,226803.4
MD,2004,243449.8
MD,2005,261795.3
MD,2006,273791.0
MD,2007,282618.2
MD,2008,292908.3
MD,2009,298282.8
MD,2010,313930.5
MD,2011,324920.9
MD,2012,331869.0
MD,2013,339895.8
MD,2014,351743.1
MD,2015,367314.1
MD,2016,386496.4
MD,2017,399714.5
MD,2018,410771.8
MD,2019,419391.6
MD,2020,413804.5
MD,2021,447714.3
MD,2022,481861.4
MD,2023,515035.9
MD,2024,546028.4
MA,1997,236435.6
MA,1998,247686.8
MA,1999,262868.8
MA,2000,287091.4
MA,2001,294876.4
MA,2002,299915.8
MA,2003,309736.1
MA,2004,324919.0
MA,2005,340637.8
MA,2006,358418.3
MA,2007,377985.6
MA,2008,387923.4
MA,2009,388963.9
MA,2010,409270.0
MA,2011,423684.9
MA,2012,441373.9
MA,2013,452580.4
MA,2014,469824.9
MA,2015,497767.0
MA,2016,514108.0
MA,2017,530129.4
MA,2018,559605.0
MA,2019,588069.5
MA,2020,592855.5
MA,2021,650308.8
MA,2022,696323.1
MA,2023,737867.4
MA,2024,778523.4
MI,1997,299832.7
MI,1998,311088.2
MI,1999,337150.2
MI,2000,351879.5
MI,2001,349127.5
MI,2002,363372.1
MI,2003,376123.8
MI,2004,388764.6
MI,2005,402828.8
MI,2006,402537.3
MI,2007,410613.0
MI,2008,391633.6
MI,2009,371707.0
MI,2010,393179.6
MI,2011,408354.1
MI,2012,426141.1
MI,2013,441470.8
MI,2014,456123.5
MI,2015,479222.7
MI,2016,494752.5
MI,2017,505101.5
MI,2018,525240.8
MI,2019,540237.3
MI,2020,530161.3
MI,2021,573329.4
MI,2022,624173.2
MI,2023,676030.8
MI,2024,702466.9
MN,1997,157345.9
MN,1998,167867.4
MN,1999,176780.4
MN,2000,192389.5
MN,2001,196869.4
MN,2002,204061.1
MN,2003,215975.1
MN,2004,231949.4
MN,2005,244635.4
MN,2006,252357.6
MN,2007,261250.7
MN,2008,268771.5
MN,2009,262628.8
MN,2010,274649.2
MN,2011,287070.8
MN,2012,298641.4
MN,2013,311752.1
MN,2014,324701.5
MN,2015,336762.0
MN,2016,345248.8
MN,2017,354721.9
MN,2018,372439.2
MN,2019,384850.2
MN,2020,378969.4
MN,2021,416141.9
MN,2022,457393.8
MN,2023,483222.0
MN,2024,507687.8
MS,1997,58517.2
MS,1998,61332.3
MS,1999,64276.5
MS,2000,66051.5
MS,2001,67750.2
MS,2002,69704.9
MS,2003,74418.4
MS,2004,78680.1
MS,2005,82991.6
MS,2006,87596.7
MS,2007,91876.5
MS,2008,95179.3
MS,2009,92378.0
MS,2010,94788.3
MS,2011,96799.1
MS,2012,100905.4
MS,2013,103042.6
MS,2014,105219.5
MS,2015,106623.9
MS,2016,107795.4
MS,2017,110281.4
MS,2018,113166.4
MS,2019,116135.7
MS,2020,117441.6
MS,2021,130404.6
MS,2022,141724.2
MS,2023,151511.9
MS,2024,158192.4
MO,1997,163101.1
MO,1998,170122.2
MO,1999,178215.9
MO,2000,187012.8
MO,2001,190388.7
MO,2002,197399.0
MO,2003,206005.2
MO,2004,216977.5
MO,2005,227594.6
MO,2006,235816.9
MO,2007,244085.3
MO,2008,256431.1
MO,2009,254306.2
MO,2010,262013.4
MO,2011,263330.0
MO,2012,272482.4
MO,2013,282659.7
MO,2014,289340.7
MO,2015,299597.7
MO,2016,304143.3
MO,2017,311273.8
MO,2018,320451.6
MO,2019,334750.2
MO,2020,335970.8
MO,2021,366193.1
MO,2022,397536.9
MO,2023,428887.3
MO,2024,448713.7
MT,1997,19301.7
MT,1998,20414.4
MT,1999,20815.1
MT,2000,21935.4
MT,2001,22798.0
MT,2002,23886.0
MT,2003,25781.1
MT,2004,28138.8
MT,2005,30823.7
MT,2006,33088.0
MT,2007,36116.1
MT,2008,37028.0
MT,2009,35880.0
MT,2010,38080.3
MT,2011,40592.3
MT,2012,42150.2
MT,2013,43584.0
MT,2014,45203.8
MT,2015,46542.4
MT,2016,45859.4
MT,2017,48470.5
MT,2018,51152.1
MT,2019,52715.6
MT,2020,53057.3
MT,2021,60314.8
MT,2022,69087.8
MT,2023,74690.3
MT,2024,78441.0
NE,1997,49880.0
NE,1998,51849.9
NE,1999,53714.2
NE,2000,56582.7
NE,2001,59634.3
NE,2002,61569.5
NE,2003,66471.7
NE,2004,70445.4
NE,2005,74886.7
NE,2006,79287.5
NE,2007,84291.9
NE,2008,86146.6
NE,2009,87325.5
NE,2010,91940.7
NE,2011,100526.5
NE,2012,102949.7
NE,2013,107247.0
NE,2014,112763.3
NE,2015,117402.3
NE,2016,119389.8
NE,2017,123219.9
NE,2018,127954.4
NE,2019,132848.2
NE,2020,135014.5
NE,2021,150952.5
NE,2022,167840.2
NE,2023,183780.9
NE,2024,189242.7
NV,1997,60255.0
NV,1998,65332.2
NV,1999,71825.3
NV,2000,77181.5
NV,2001,80968.6
NV,2002,85541.0
NV,2003,91365.0
NV,2004,104132.0
NV,2005,117165.1
NV,2006,126613.4
NV,2007,132045.4
NV,2008,130570.9
NV,2009,122471.2
NV,2010,125149.0
NV,2011,128638.4
NV,2012,130238.2
NV,2013,133592.5
NV,2014,136918.4
NV,2015,145786.8
NV,2016,153318.0
NV,2017,163199.1
NV,2018,172547.9
NV,2019,184611.1
NV,2020,176178.7
NV,2021,202091.8
NV,2022,232437.9
NV,2023,253443.3
NV,2024,269010.5
NH,1997,38122.5
NH,1998,40747.7
NH,1999,42292.4
NH,2000,45604.9
NH,2001,47037.3
NH,2002,49109.6
NH,2003,51609.7
NH,2004,54545.7
NH,2005,56914.6
NH,2006,60152.7
NH,2007,61984.8
NH,2008,62095.3
NH,2009,63052.2
NH,2010,65310.8
NH,2011,66557.3
NH,2012,68412.0
NH,2013,70897.4
NH,2014,73455.1
NH,2015,77385.8
NH,2016,79759.7
NH,2017,81179.6
NH,2018,83859.4
NH,2019,87868.2
NH,2020,89041.6
NH,2021,99433.3
NH,2022,106824.6
NH,2023,114427.8
NH,2024,119336.6
NJ,1997,307140.9
NJ,1998,318104.0
NJ,1999,334966.4
NJ,2000,360530.4
NJ,2001,372819.2
NJ,2002,385045.6
NJ,2003,399996.5
NJ,2004,415490.8
NJ,2005,436064.4
NJ,2006,457681.5
NJ,2007,474539.6
NJ,2008,493289.4
NJ,2009,481452.7
NJ,2010,491229.0
NJ,2011,494292.8
NJ,2012,516098.2
NJ,2013,534212.1
NJ,2014,543824.1
NJ,2015,565807.7
NJ,2016,578651.4
NJ,2017,590086.7
NJ,2018,619340.2
NJ,2019,643317.7
NJ,2020,632562.3
NJ,2021,693733.8
NJ,2022,756465.6
NJ,2023,806894.0
NJ,2024,846000.4
NM,1997,52575.6
NM,1998,50573.1
NM,1999,52801.9
NM,2000,55002.2
NM,2001,55660.2
NM,2002,57718.3
NM,2003,62867.9
NM,2004,70593.4
NM,2005,74130.9
NM,2006,78008.2
NM,2007,81100.3
NM,2008,84339.7
NM,2009,82641.3
NM,2010,84862.6
NM,2011,87056.0
NM,2012,87681.0
NM,2013,88773.3
NM,2014,92523.4
NM,2015,90779.4
NM,2016,90476.0
NM,2017,93210.1
NM,2018,98838.2
NM,2019,103821.0
NM,2020,101035.5
NM,2021,113781.7
NM,2022,129469.1
NM,2023,138526.0
NM,2024,147084.9
NY,1997,716104.7
NY,1998,744958.9
NY,1999,794009.5
NY,2000,839853.0
NY,2001,876285.2
NY,2002,885386.2
NY,2003,908535.2
NY,2004,958565.3
NY,2005,1009851.0
NY,2006,1072271.8
NY,2007,1116265.3
NY,2008,1107860.2
NY,2009,1155492.3
NY,2010,1217748.0
NY,2011,1245769.4
NY,2012,1324471.3
NY,2013,1364632.9
NY,2014,1434606.3
NY,2015,1498474.7
NY,2016,1556830.0
NY,2017,1624800.7
NY,2018,1710665.6
NY,2019,1787470.9
NY,2020,1782502.4
NY,2021,1934524.0
NY,2022,2071075.2
NY,2023,2182549.0
NY,2024,2322138.9
NC,1997,234571.9
NC,1998,246721.8
NC,1999,264924.3
NC,2000,277556.1
NC,2001,287317.1
NC,2002,297653.0
NC,2003,310200.3
NC,2004,329017.7
NC,2005,354798.5
NC,2006,388012.1
NC,2007,402188.3
NC,2008,420707.2
NC,2009,413096.8
NC,2010,422282.2
NC,2011,430040.1
NC,2012,444063.2
NC,2013,460946.4
NC,2014,482295.7
NC,2015,508672.4
NC,2016,528284.3
NC,2017,546810.1
NC,2018,568037.3
NC,2019,592449.6
NC,2020,600226.9
NC,2021,660804.7
NC,2022,729761.9
NC,2023,794838.0
NC,2024,844209.0
ND,1997,15796.6
ND,1998,16842.7
ND,1999,17083.7
ND,2000,18115.1
ND,2001,18976.9
ND,2002,20195.6
ND,2003,22129.9
ND,2004,23209.6
ND,2005,24572.0
ND,2006,26406.5
ND,2007,29044.6
ND,2008,32027.7
ND,2009,32310.4
ND,2010,35651.8
ND,2011,41602.1
ND,2012,52079.1
ND,2013,54877.0
ND,2014,61108.3
ND,2015,56952.2
ND,2016,52666.3
ND,2017,56530.2
ND,2018,60377.1
ND,2019,60892.5
ND,2020,56321.4
ND,2021,64830.0
ND,2022,75052.1
ND,2023,77898.1
ND,2024,80058.3
OH,1997,343513.7
OH,1998,361479.3
OH,1999,375797.2
OH,2000,391032.3
OH,2001,395864.2
OH,2002,411191.1
OH,2003,425530.7
OH,2004,447813.3
OH,2005,470179.5
OH,2006,482904.0
OH,2007,497600.1
OH,2008,500916.4
OH,2009,484407.1
OH,2010,500274.2
OH,2011,525456.4
OH,2012,543035.4
OH,2013,566419.9
OH,2014,597152.3
OH,2015,615275.5
OH,2016,627294.7
OH,2017,652187.5
OH,2018,672540.1
OH,2019,702914.8
OH,2020,692938.3
OH,2021,764161.4
OH,2022,830498.8
OH,2023,883957.1
OH,2024,923140.6
OK,1997,79293.7
OK,1998,81778.6
OK,1999,84785.6
OK,2000,91645.7
OK,2001,97505.3
OK,2002,99916.9
OK,2003,106175.1
OK,2004,114237.5
OK,2005,125961.4
OK,2006,138352.3
OK,2007,146582.4
OK,2008,161609.0
OK,2009,147332.4
OK,2010,155267.5
OK,2011,167207.9
OK,2012,175361.2
OK,2013,184104.6
OK,2014,197074.1
OK,2015,187364.7
OK,2016,182238.8
OK,2017,192538.6
OK,2018,204193.9
OK,2019,205992.7
OK,2020,192222.0
OK,2021,219132.4
OK,2022,247541.5
OK,2023,255933.2
OK,2024,263695.1
OR,1997,101418.2
OR,1998,105016.4
OR,1999,107513.2
OR,2000,117057.2
OR,2001,117002.4
OR,2002,120556.1
OR,2003,126822.1
OR,2004,136495.9
OR,2005,143556.3
OR,2006,153779.6
OR,2007,159676.2
OR,2008,164122.9
OR,2009,159330.4
OR,2010,163150.5
OR,2011,169693.8
OR,2012,173856.8
OR,2013,178975.4
OR,2014,187837.6
OR,2015,200592.6
OR,2016,211782.4
OR,2017,225534.5
OR,2018,238466.9
OR,2019,248781.8
OR,2020,250660.6
OR,2021,276367.7
OR,2022,297084.3
OR,2023,314895.0
OR,2024,330250.1
PA,1997,357525.6
PA,1998,373515.0
PA,1999,391136.1
PA,2000,409330.2
PA,2001,428463.7
PA,2002,440887.5
PA,2003,460478.3
PA,2004,486384.5
PA,2005,510763.9
PA,2006,528771.2
PA,2007,563238.6
PA,2008,586886.6
PA,2009,581219.9
PA,2010,604629.6
PA,2011,623767.9
PA,2012,646434.3
PA,2013,670767.4
PA,2014,695546.6
PA,2015,716534.3
PA,2016,733165.9
PA,2017,754318.0
PA,2018,780620.7
PA,2019,802233.1
PA,2020,778297.2
PA,2021,844875.5
PA,2022,916861.7
PA,2023,966444.0
PA,2024,1007873.9
RI,1997,28963.2
RI,1998,30835.3
RI,1999,32340.0
RI,2000,34608.5
RI,2001,35940.1
RI,2002,37891.2
RI,2003,39787.1
RI,2004,42578.2
RI,2005,44413.3
RI,2006,47165.3
RI,2007,47490.1
RI,2008,47138.9
RI,2009,47647.2
RI,2010,49409.1
RI,2011,50123.7
RI,2012,51527.5
RI,2013,52994.2
RI,2014,54612.5
RI,2015,56604.0
RI,2016,57714.6
RI,2017,58771.6
RI,2018,60064.9
RI,2019,62814.7
RI,2020,61980.9
RI,2021,67060.0
RI,2022,71978.2
RI,2023,76313.5
RI,2024,80381.1
SC,1997,97453.8
SC,1998,103688.6
SC,1999,110312.9
SC,2000,115332.7
SC,2001,119355.2
SC,2002,124765.2
SC,2003,131509.1
SC,2004,136679.9
SC,2005,145195.8
SC,2006,153453.4
SC,2007,162476.3
SC,2008,164471.2
SC,2009,162380.4
SC,2010,166767.4
SC,2011,172844.7
SC,2012,178503.9
SC,2013,186268.3
SC,2014,195744.4
SC,2015,207510.0
SC,2016,217555.5
SC,2017,224937.6
SC,2018,236561.7
SC,2019,249575.7
SC,2020,248952.7
SC,2021,272464.9
SC,2022,305070.0
SC,2023,332946.8
SC,2024,357074.4
SD,1997,19062.3
SD,1998,20257.8
SD,1999,21181.8
SD,2000,22866.7
SD,2001,23626.9
SD,2002,26343.5
SD,2003,27305.0
SD,2004,29380.9
SD,2005,31104.3
SD,2006,32559.3
SD,2007,35282.6
SD,2008,36939.3
SD,2009,36732.1
SD,2010,38208.2
SD,2011,42082.7
SD,2012,44127.3
SD,2013,45498.6
SD,2014,47159.9
SD,2015,48678.9
SD,2016,49842.6
SD,2017,51615.1
SD,2018,53349.5
SD,2019,55175.8
SD,2020,56847.3
SD,2021,63337.7
SD,2022,69425.6
SD,2023,74458.8
SD,2024,76795.8
TN,1997,154861.9
TN,1998,167783.0
TN,1999,176467.2
TN,2000,182209.7
TN,2001,185917.2
TN,2002,195386.1
TN,2003,204665.9
TN,2004,219862.4
TN,2005,231339.0
TN,2006,243104.4
TN,2007,248261.6
TN,2008,255546.7
TN,2009,252940.7
TN,2010,258657.6
TN,2011,270055.0
TN,2012,285897.5
TN,2013,296756.3
TN,2014,307448.5
TN,2015,326382.5
TN,2016,339350.2
TN,2017,355417.5
TN,2018,369713.2
TN,2019,385833.0
TN,2020,391588.6
TN,2021,443419.7
TN,2022,490587.0
TN,2023,531246.8
TN,2024,561201.2
TX,1997,610659.8
TX,1998,648243.1
TX,1999,683347.4
TX,2000,742161.5
TX,2001,780206.2
TX,2002,796357.3
TX,2003,840860.8
TX,2004,921230.7
TX,2005,1003745.9
TX,2006,1108236.5
TX,2007,1198565.0
TX,2008,1253142.0
TX,2009,1179168.1
TX,2010,1255660.8
TX,2011,1351776.9
TX,2012,1429588.0
TX,2013,1526781.9
TX,2014,1592177.6
TX,2015,1585985.9
TX,2016,1582981.5
TX,2017,1667313.0
TX,2018,1808026.9
TX,2019,1864872.3
TX,2020,1810670.2
TX,2021,2117013.7
TX,2022,2476903.2
TX,2023,2637237.6
TX,2024,2769766.2
UT,1997,57812.0
UT,1998,62070.1
UT,1999,65773.4
UT,2000,70056.3
UT,2001,73042.5
UT,2002,76289.4
UT,2003,79504.7
UT,2004,86766.7
UT,2005,95512.0
UT,2006,106787.1
UT,2007,115180.7
UT,2008,116949.2
UT,2009,113834.8
UT,2010,118296.3
UT,2011,125137.8
UT,2012,129431.4
UT,2013,135344.3
UT,2014,142627.7
UT,2015,149762.1
UT,2016,159330.6
UT,2017,172075.0
UT,2018,186805.7
UT,2019,201312.2
UT,2020,206240.5
UT,2021,233320.9
UT,2022,261548.5
UT,2023,283230.8
UT,2024,299471.3
VT,1997,15443.4
VT,1998,16197.7
VT,1999,17314.8
VT,2000,18492.9
VT,2001,19467.1
VT,2002,20383.5
VT,2003,21398.5
VT,2004,22986.3
VT,2005,23763.0
VT,2006,24507.1
VT,2007,25025.2
VT,2008,26140.4
VT,2009,26220.0
VT,2010,27478.3
VT,2011,28558.5
VT,2012,29325.6
VT,2013,29477.6
VT,2014,30359.4
VT,2015,31152.4
VT,2016,31840.2
VT,2017,32589.2
VT,2018,33482.6
VT,2019,34760.3
VT,2020,34572.3
VT,2021,37290.8
VT,2022,41211.2
VT,2023,43931.6
VT,2024,46276.1
VA,1997,215419.2
VA,1998,232569.9
VA,1999,250171.3
VA,2000,268608.7
VA,2001,285663.4
VA,2002,294929.1
VA,2003,311093.1
VA,2004,331815.8
VA,2005,357427.0
VA,2006,376429.4
VA,2007,391595.5
VA,2008,402157.8
VA,2009,409935.3
VA,2010,425490.8
VA,2011,433683.7
VA,2012,445008.5
VA,2013,456911.6
VA,2014,465601.7
VA,2015,485540.9
VA,2016,499032.4
VA,2017,515167.2
VA,2018,537158.3
VA,2019,561701.8
VA,2020,566101.5
VA,2021,616187.9
VA,2022,665624.7
VA,2023,722767.4
VA,2024,761733.8
WA,1997,193769.5
WA,1998,209222.5
WA,1999,229678.9
WA,2000,237594.0
WA,2001,237978.2
WA,2002,245629.8
WA,2003,254720.2
WA,2004,267423.9
WA,2005,293402.0
WA,2006,314190.8
WA,2007,341712.3
WA,2008,352460.7
WA,2009,349945.4
WA,2010,363544.2
WA,2011,377518.8
WA,2012,398358.5
WA,2013,416924.1
WA,2014,439851.2
WA,2015,467590.6
WA,2016,489790.2
WA,2017,527169.4
WA,2018,570337.8
WA,2019,608643.4
WA,2020,617739.1
WA,2021,683367.0
WA,2022,741002.8
WA,2023,801455.5
WA,2024,856013.6
WV,1997,38781.2
WV,1998,40258.9
WV,1999,41942.2
WV,2000,42620.7
WV,2001,44105.1
WV,2002,45627.4
WV,2003,47230.4
WV,2004,49865.9
WV,2005,53814.3
WV,2006,57204.1
WV,2007,59480.4
WV,2008,62978.7
WV,2009,64040.1
WV,2010,66160.4
WV,2011,69367.6
WV,2012,70303.1
WV,2013,71758.6
WV,2014,73042.6
WV,2015,71713.4
WV,2016,71248.9
WV,2017,75172.4
WV,2018,79794.3
WV,2019,80242.4
WV,2020,77536.5
WV,2021,87178.8
WV,2022,98824.1
WV,2023,101479.9
WV,2024,106475.1
WI,1997,153536.2
WI,1998,163021.5
WI,1999,172928.5
WI,2000,180883.1
WI,2001,188662.8
WI,2002,195541.5
WI,2003,203814.0
WI,2004,216370.4
WI,2005,226937.5
WI,2006,237571.9
WI,2007,245837.7
WI,2008,246493.0
WI,2009,246323.8
WI,2010,256159.5
WI,2011,265444.0
WI,2012,276253.4
WI,2013,283791.4
WI,2014,296169.9
WI,2015,308304.5
WI,2016,315420.0
WI,2017,321886.8
WI,2018,335144.3
WI,2019,346906.6
WI,2020,344691.0
WI,2021,368997.3
WI,2022,403570.3
WI,2023,431913.9
WI,2024,453298.6
WY,1997,14673.0
WY,1998,14833.2
WY,1999,15685.7
WY,2000,17153.7
WY,2001,18741.7
WY,2002,19160.8
WY,2003,21199.0
WY,2004,23418.1
WY,2005,27530.2
WY,2006,32692.2
WY,2007,36912.8
WY,2008,42694.6
WY,2009,36282.2
WY,2010,37567.5
WY,2011,39615.1
WY,2012,38679.3
WY,2013,39365.6
WY,2014,40573.9
WY,2015,38624.8
WY,2016,36105.9
WY,2017,37620.3
WY,2018,39614.5
WY,2019,40029.5
WY,2020,36982.7
WY,2021,42410.6
WY,2022,49570.4
WY,2023,51350.1
WY,2024,51498.1
DC,1997,52581.6
DC,1998,54877.4
DC,1999,58948.8
DC,2000,61267.7
DC,2001,65620.0
DC,2002,70078.0
DC,2003,74047.0
DC,2004,80600.7
DC,2005,85414.5
DC,2006,88350.9
DC,2007,94013.8
DC,2008,99240.4
DC,2009,100430.1
DC,2010,106128.6
DC,2011,109953.9
DC,2012,112512.7
DC,2013,114832.7
DC,2014,119998.0
DC,2015,124753.6
DC,2016,129933.5
DC,2017,134298.8
DC,2018,141240.2
DC,2019,145071.4
DC,2020,146854.6
DC,2021,156581.3
DC,2022,165106.2
DC,2023,174250.7
DC,2024,184297.7
